Unnamed: 0,Sno,candidate_name,age,constituency,party,education_details,education,criminal_cases,total_assets,assets_description,liabilities_description,total_liabilities,url,constituency_id,candidate_id,Election_Type,party_id,en,hi
0,496,Mahesh Paswan,48,AGIAON (SC),BJP,Post Graudation (Political Science) from S.B. College Ara,Post Graduate,0,855000,8 Lacs,,,https://www.myneta.info/Bihar2025/candidate.php?candidate_id=799,236,799,General,0,done,done
1,1153,Suraj Bhan,31,AGIAON (SC),IND,Literate,Literate,2,28617000,2 Crore,1 Lacs,150000.0,https://www.myneta.info/Bihar2025/candidate.php?candidate_id=149,236,149,General,1,done,done
2,1093,Shyam Bihari Choudhary,39,AGIAON (SC),IND,Law Graduation from V.K.S.U. Ara in 2014,Graduate Professional,1,260000,2 Lacs,,,https://www.myneta.info/Bihar2025/candidate.php?candidate_id=783,236,783,General,1,done,done
3,1072,Shiv Prakash Ranjan,40,AGIAON (SC),CPI(ML)(L),"LLB from Maharaja College Ara, Veer Kunwar Singh University, Arain 2019, Graduation from Maharaja College, Ara in 2012",Graduate Professional,4,3069535,30 Lacs,12 Lacs,1260000.0,https://www.myneta.info/Bihar2025/candidate.php?candidate_id=150,236,150,General,2,done,done
4,185,Basant Kumar Ram,36,AGIAON (SC),Voters Party International,Matric from Bihar Sanskrit School Patna in 2006,10th Pass,0,1010000,10 Lacs,,,https://www.myneta.info/Bihar2025/candidate.php?candidate_id=782,236,782,General,3,done,done
5,859,Ramesh Kumar,46,AGIAON (SC),Jan Suraaj Party,Ph.D from Veer Kunwar Singh University Ara in 2010,Doctorate,0,14935000,1 Crore,,,https://www.myneta.info/Bihar2025/candidate.php?candidate_id=352,236,352,General,4,done,done
6,606,Mukesh Kumar Ram,39,AGIAON (SC),BSP,"Ph.D &amp; M.A. from Veer Kunwar Singh University, Ara",Doctorate,0,2955510,29 Lacs,,,https://www.myneta.info/Bihar2025/candidate.php?candidate_id=148,236,148,General,5,done,done
7,182,Barun Deo,54,AGIAON (SC),Janshakti Janta Dal,"LLB, B.A. (H) Pol. Sec. from Hindu College",Graduate Professional,0,300000,3 Lacs,,,https://www.myneta.info/Bihar2025/candidate.php?candidate_id=902,236,902,General,6,done,done
8,1238,Vijay Mehra,31,AGIAON (SC),IND,"M.A. from H.D. Jain College Ara, Veer Kunwar Singh University Ara",Post Graduate,0,410000,4 Lacs,,,https://www.myneta.info/Bihar2025/candidate.php?candidate_id=353,236,353,General,1,done,done
9,930,Rubi Kumari,26,ALAMNAGAR,IND,Intermediate  from RKJL College Khurhan Dist. Madhepura in 2023,12th Pass,0,677000,6 Lacs,1 Lacs,160000.0,https://www.myneta.info/Bihar2025/candidate.php?candidate_id=467,113,467,General,1,done,done
10,244,Chano Rishidev,56,ALAMNAGAR,IND,Illiterate,Illiterate,0,535000,5 Lacs,,,https://www.myneta.info/Bihar2025/candidate.php?candidate_id=925,113,925,General,1,done,done
11,40,Akhatar Mansuri,42,ALAMNAGAR,The National Road Map Party of India,10th Fukania Bihar  State Madarsa Education Board Patna,10th Pass,0,1936000,19 Lacs,,0.0,https://www.myneta.info/Bihar2025/candidate.php?candidate_id=19,113,19,General,7,done,done
12,203,Binod Ashish,52,ALAMNAGAR,IND,B.A.  from BNMU Madhepura Purniya College Purnia 1995,Graduate,0,2414196,24 Lacs,,,https://www.myneta.info/Bihar2025/candidate.php?candidate_id=924,113,924,General,1,done,done
13,589,Mohan Sharma,56,ALAMNAGAR,Rashtriya Jansambhavna Party,"Inter from Jaiprakash Narayan College, Naryanpur College 1994, 2nd Division",12th Pass,0,1095000,10 Lacs,,,https://www.myneta.info/Bihar2025/candidate.php?candidate_id=927,113,927,General,8,done,done
14,54,Amar Kumar Singh,42,ALAMNAGAR,IND,"DMLT (Diploma) From D.M.C.H. Bihar Para Medical Para Dental Darbhanga, Year- 2007 &amp; Under Graduate (Science) B.S.A Chandrakant College Patna in 2003",Others,0,6831000,68 Lacs,,,https://www.myneta.info/Bihar2025/candidate.php?candidate_id=800,113,800,General,1,done,done
15,1120,Subodh Kumar Suman,48,ALAMNAGAR,Jan Suraaj Party,"Intermediate from Baba Bisu Rauth College, Chausa Madhepura Bihar Intermediate Council Patna 1993",12th Pass,6,7288568,72 Lacs,54 Thou,54719.0,https://www.myneta.info/Bihar2025/candidate.php?candidate_id=468,113,468,General,4,done,done
16,1257,Vikram Kumar Gupta,25,ALAMNAGAR,IND,School of Open Learning Delhi University,Graduate,0,10500,10 Thou,25 Thou,25000.0,https://www.myneta.info/Bihar2025/candidate.php?candidate_id=926,113,926,General,1,done,done
17,619,Nabin Kumar,40,ALAMNAGAR,Vikassheel Insaan Party,Diploma in Civil Engineering From JRM Rajasthan University Udaipur in 2010,Others,0,32340439,3 Crore,53 Lacs,5386649.0,https://www.myneta.info/Bihar2025/candidate.php?candidate_id=929,113,929,General,9,done,done
18,629,Narendra Narayan Yadav,74,ALAMNAGAR,JD(U),Graduate from DS College Katihar LNM University Darbhanga in 1974,Graduate,0,22078821,2 Crore,2 Lacs,274442.0,https://www.myneta.info/Bihar2025/candidate.php?candidate_id=903,113,903,General,10,done,done
19,853,Rambriksh Sada,50,ALAULI (SC),RJD,Madhyamik Passed,10th Pass,3,8557188,85 Lacs,,,https://www.myneta.info/Bihar2025/candidate.php?candidate_id=930,145,930,General,11,done,done
20,823,Ram Chandra Sada,61,ALAULI (SC),JD(U),"Matric From Residential High School, Alauli, Year-1987",10th Pass,1,5466500,54 Lacs,9 Lacs,976000.0,https://www.myneta.info/Bihar2025/candidate.php?candidate_id=936,145,936,General,10,done,done
21,9,Abhishank Kumar,34,ALAULI (SC),Jan Suraaj Party,"B.Tech. From N.I.T. Patna, Bihar, Year-2012-13",Graduate Professional,1,20322000,2 Crore,3 Lacs,340000.0,https://www.myneta.info/Bihar2025/candidate.php?candidate_id=466,145,466,General,4,done,done
22,1289,Yash Raj,25,ALAULI (SC),Rashtriya Lok Janshakti Party,"Bachelor of Liberal Arts From O.P. Jindal University, Sonipat Haryana",Graduate,0,25731657,2 Crore,59 Lacs,5912305.0,https://www.myneta.info/Bihar2025/candidate.php?candidate_id=465,145,465,General,12,done,done
23,252,Dashrath Ram,53,ALAULI (SC),BSP,"7th Pass From Secondary School, Alauli, Dist. Khagaria",5th Pass,1,1108000,11 Lacs,,,https://www.myneta.info/Bihar2025/candidate.php?candidate_id=935,145,935,General,5,done,done
24,209,Biplaw Kumar Choudhary,52,ALINAGAR,Jan Suraaj Party,Post Graduate From Lalit Narayan Mithila University in Year 1994,Post Graduate,2,7782000,77 Lacs,80 Thou,80000.0,https://www.myneta.info/Bihar2025/candidate.php?candidate_id=786,16,786,General,4,done,done
25,946,Saifuddin Ahmed,40,ALINAGAR,IND,BA From Lalit Narayan Mithila University Darbhanga,Graduate,0,7140000,71 Lacs,,,https://www.myneta.info/Bihar2025/candidate.php?candidate_id=801,16,801,General,1,done,done
26,205,Binod Mishra,63,ALINAGAR,RJD,"MA From Lalit Narayan Mithila University Darbhanga in 1986, Graduate From CM College Darbhanga in Year 1982",Post Graduate,0,17672117,1 Crore,7 Lacs,707010.0,https://www.myneta.info/Bihar2025/candidate.php?candidate_id=802,16,802,General,11,done,done
27,959,Sanjay Kumar Jha,51,ALINAGAR,Mithilawadi party,"I.A From Janta Degree College Kurtha, Darbhanga Bihar Intermediate Council",12th Pass,0,17040000,1 Crore,1 Lacs,100000.0,https://www.myneta.info/Bihar2025/candidate.php?candidate_id=354,16,354,General,13,done,done
28,501,Maithili Thakur,25,ALINAGAR,BJP,BA Program From Bharti College Delhi University in 2022,Graduate,0,38233255,3 Crore,,,https://www.myneta.info/Bihar2025/candidate.php?candidate_id=785,16,785,General,0,done,done
29,1105,Sitambar Sharma,43,ALINAGAR,Jagrook Janta Party,10th From Sita Lal High School in 1996,10th Pass,0,2186000,21 Lacs,,0.0,https://www.myneta.info/Bihar2025/candidate.php?candidate_id=943,16,943,General,14,done,done
30,790,Rajipal Jha,46,ALINAGAR,AAP,"Under Graduate From NIOS in year 2003, CMS &amp; ED in 2006",12th Pass,1,9265000,92 Lacs,,,https://www.myneta.info/Bihar2025/candidate.php?candidate_id=942,16,942,General,15,done,done
31,659,Nooruddin Zangi,47,ALINAGAR,Social Democratic Party Of India,LLB From CM Law College Darbhanga in 2017,Graduate Professional,1,1270000,12 Lacs,50 Thou,50000.0,https://www.myneta.info/Bihar2025/candidate.php?candidate_id=937,16,937,General,16,done,done
32,637,Navijan Ansari,52,ALINAGAR,Aam Janta Pragati Party,Literate,Literate,0,846175,8 Lacs,,,https://www.myneta.info/Bihar2025/candidate.php?candidate_id=784,16,784,General,17,done,done
33,243,Chandu Chaudhry,38,ALINAGAR,IND,Matric From Bihar Education Board Patna,10th Pass,0,11683000,1 Crore,,,https://www.myneta.info/Bihar2025/candidate.php?candidate_id=938,16,938,General,1,done,done
34,354,Hari Lal Sharma,32,ALINAGAR,IND,MA in 2017,Post Graduate,0,921000,9 Lacs,,,https://www.myneta.info/Bihar2025/candidate.php?candidate_id=941,16,941,General,1,done,done
35,332,Ganesh Choudhary,38,ALINAGAR,IND,Graduate (Arts) From Lalit Narayan Mithila University Darbhanga in 2013,Graduate,0,2141000,21 Lacs,,,https://www.myneta.info/Bihar2025/candidate.php?candidate_id=945,16,945,General,1,done,done
36,1129,Sujeet Priydarshi,41,AMNOUR,IND,"Graduate, Delhi University Delhi",Graduate,0,66997000,6 Crore,1 Crore,16184000.0,https://www.myneta.info/Bihar2025/candidate.php?candidate_id=949,216,949,General,1,done,done
37,750,Rahul Kumar Singh,40,AMNOUR,Jan Suraaj Party,M.A (Political Science) Suresh Gyan Vihar University 2023,Post Graduate,4,53520069,5 Crore,,,https://www.myneta.info/Bihar2025/candidate.php?candidate_id=948,216,948,General,4,done,done
38,47,Ali Abbas,40,AMNOUR,Bharatiya Momin Front,Literate,Literate,0,372200,3 Lacs,,,https://www.myneta.info/Bihar2025/candidate.php?candidate_id=105,216,105,General,18,done,done
39,109,Arjun Kumar Nirala,55,AMNOUR,IND,"Matric , BSEB 1994",10th Pass,1,2960000,29 Lacs,,,https://www.myneta.info/Bihar2025/candidate.php?candidate_id=947,216,947,General,1,done,done
40,809,Rakesh Kumar,25,AMNOUR,Bharatiya Ekta Dal,B.A (Hons) Economics  A N College Patna Patliputra University 2021,Graduate,0,71922,71 Thou,1 Lacs,103000.0,https://www.myneta.info/Bihar2025/candidate.php?candidate_id=106,216,106,General,19,done,done
41,442,Krishan Kumar Mantoo,47,AMNOUR,BJP,"Matriculation From Town Inter School, Old G.T. Road, Aurangabad, Bihar, National Institute of Open Schooling, Year-2012",10th Pass,5,94782058,9 Crore,4 Crore,44956819.0,https://www.myneta.info/Bihar2025/candidate.php?candidate_id=355,216,355,General,0,done,done
42,866,Ramlal Manjhi,29,AMNOUR,IND,Intermediate Passed  DBSC Kadna  2012,12th Pass,2,1130000,11 Lacs,,,https://www.myneta.info/Bihar2025/candidate.php?candidate_id=787,216,787,General,1,done,done
43,445,Krishna Mishra,48,AMNOUR,The Plurals Party,"Sahitya Alankar Pass , Hindi Vidyapeeth Deoghar 1997, Intermediate P.N.College Parsa 1994",Graduate,0,9190000,91 Lacs,,,https://www.myneta.info/Bihar2025/candidate.php?candidate_id=472,216,472,General,20,done,done
44,730,Puja Kumari,26,AMNOUR,BSP,"Intermediate From B.N.S. College Nariya 2014, Matric 2012",12th Pass,0,7777023,77 Lacs,21 Lacs,2176561.0,https://www.myneta.info/Bihar2025/candidate.php?candidate_id=469,216,469,General,5,done,done
45,466,Lakshman Yadav,54,AMNOUR,IND,Literate,Literate,0,1310000,13 Lacs,,,https://www.myneta.info/Bihar2025/candidate.php?candidate_id=471,216,471,General,1,done,done
46,397,Jay Prakash Kumar Singh,49,AMNOUR,Socialist Party (India),"Graduate, Bihar Regiment 2011",Graduate,0,9810000,98 Lacs,,,https://www.myneta.info/Bihar2025/candidate.php?candidate_id=803,216,803,General,21,done,done
47,1140,Sunil Kumar,50,AMNOUR,RJD,"Intermediate , DVSD College 1991",12th Pass,3,14160000,1 Crore,8 Lacs,864000.0,https://www.myneta.info/Bihar2025/candidate.php?candidate_id=788,216,788,General,11,done,done
48,58,Amardeep Kumar Jai,36,ARRAH,IND,Post Graduate From H.D. Jain College Arrah Year 2012,Post Graduate,0,3482500,34 Lacs,,,https://www.myneta.info/Bihar2025/candidate.php?candidate_id=114,238,114,General,1,done,done
49,940,Sachin,46,ARRAH,IND,Gradaute from Veer Kunwar Singh University in 2001,Graduate,0,22706448,2 Crore,3 Lacs,335000.0,https://www.myneta.info/Bihar2025/candidate.php?candidate_id=357,238,357,General,1,done,done
50,837,Ram Prakash Pandey,46,ARRAH,Akhil Bharatiya Jan Sangh,Intermediate of Arts from Veer Kunwar Singh College In 2002,12th Pass,0,1319049,13 Lacs,,,https://www.myneta.info/Bihar2025/candidate.php?candidate_id=649,238,649,General,22,done,done
51,343,Gorakh Ram,57,ARRAH,Bhojpuria Jan Morcha,"M.A. In 1992 from H.D. Jain College Arrah Veer Kunwar Singh University, Arrah",Post Graduate,0,6150081,61 Lacs,,,https://www.myneta.info/Bihar2025/candidate.php?candidate_id=790,238,790,General,23,done,done
52,597,Mritunjay Bhardwaj,49,ARRAH,BSP,"Post Graduate From Maharaja College, Veer Kunwar Singh Univeristy, Arrah In 1997",Post Graduate,0,2925500,29 Lacs,5 Lacs,500000.0,https://www.myneta.info/Bihar2025/candidate.php?candidate_id=791,238,791,General,5,done,done
53,118,Arun Kumar Singh,64,ARRAH,Bhartiya Mahasangh Party,"M.Sc. (Maths) From HD Jain College, Ara, Bhojpur In 1993, B.Ed From Gandhi Smarak B.Ed College, Samodhpur, Jaunpur, UP. In 1986",Post Graduate,0,11390042,1 Crore,2 Lacs,200000.0,https://www.myneta.info/Bihar2025/candidate.php?candidate_id=261,238,261,General,24,done,done
54,274,Dharmatma Sharma,65,ARRAH,SUCI(C),Literate,Literate,0,1016600,10 Lacs,2 Thou,2500.0,https://www.myneta.info/Bihar2025/candidate.php?candidate_id=805,238,805,General,25,done,done
55,754,Raj Kishor Sharma,62,ARRAH,Jantantra Awaj Party,"Matric From Model Institute, Arrah in 1979",10th Pass,0,5179395,51 Lacs,,,https://www.myneta.info/Bihar2025/candidate.php?candidate_id=37,238,37,General,26,done,done
56,559,Md. Sarfaraj Ansari,47,ARRAH,Peoples Party of India (Democratic),Graduate from Veer Kunwar Singh University Bhojpur Arrah In 1995,Graduate,0,10805000,1 Crore,,,https://www.myneta.info/Bihar2025/candidate.php?candidate_id=474,238,474,General,27,done,done
57,786,Rajesh Sharma,49,ARRAH,Gantantrik Samaj Party,Metric From Town School Arrah  In 1990,10th Pass,0,1182000,11 Lacs,,,https://www.myneta.info/Bihar2025/candidate.php?candidate_id=951,238,951,General,28,done,done
58,977,Sanjay Singh (Tiger),55,ARRAH,BJP,"P.G. From A.N. College, Patna, Magadh University, Bodh Gaya In 1993",Post Graduate,0,3118063,31 Lacs,,,https://www.myneta.info/Bihar2025/candidate.php?candidate_id=648,238,648,General,0,done,done
59,181,Banvari Kumar,27,ASTHAWAN,BSP,"10+2 from Sonsa High School, Rahui, Nalanda in 2018",12th Pass,0,111000,1 Lacs,,,https://www.myneta.info/Bihar2025/candidate.php?candidate_id=954,119,954,General,5,done,done
60,477,Lata Singh,36,ASTHAWAN,Jan Suraaj Party,"LLB from Delhi Faculty of Law in 2012, BA (Hons) Socialogy from Lady Shri Ram College in 2009, Delhi University",Graduate Professional,0,45762901,4 Crore,,,https://www.myneta.info/Bihar2025/candidate.php?candidate_id=152,119,152,General,4,done,done
61,902,Ravi Ranjan Kumar,29,ASTHAWAN,RJD,"B.Sc. from Magadh University, Bodhgaya in 2017",Graduate,1,19236391,1 Crore,8 Lacs,843767.0,https://www.myneta.info/Bihar2025/candidate.php?candidate_id=475,119,475,General,11,done,done
62,1027,Shabnam Lata,48,ASTHAWAN,IND,"B.A. Sociology from R Lal College, Barbigha, Magadh University in 1998",Graduate,0,41231662,4 Crore,,,https://www.myneta.info/Bihar2025/candidate.php?candidate_id=795,119,795,General,1,done,done
63,362,Himanshu Kumar Paswan,35,ASTHAWAN,Aazad Samaj Party (Kanshi Ram),Graduate from Magadh University 2012-13,Graduate,0,2430257,24 Lacs,5 Lacs,500000.0,https://www.myneta.info/Bihar2025/candidate.php?candidate_id=956,119,956,General,29,done,done
64,255,Deepak Kumar Vidyarthi,45,ASTHAWAN,SUCI(C),Inter Pass from Bihar School Examination Board in 1994-96,12th Pass,0,24000,24 Thou,,,https://www.myneta.info/Bihar2025/candidate.php?candidate_id=793,119,793,General,25,done,done
65,402,Jitendra Kumar,53,ASTHAWAN,JD(U),"Ph.D in 2003, M.A. History in 1994 from M.U.",Doctorate,0,43036262,4 Crore,51 Lacs,5185000.0,https://www.myneta.info/Bihar2025/candidate.php?candidate_id=794,119,794,General,10,done,done
66,41,Akhilesh Kumar,47,AURAI,IND,Civil Engineering from SJCE Mysore in 2004,Others,1,25458000,2 Crore,2 Lacs,200000.0,https://www.myneta.info/Bihar2025/candidate.php?candidate_id=959,89,959,General,1,done,done
67,358,Harischandra Prasad Yadav,45,AURAI,IND,"Inter Pass from Rameshwar Singh College, Muzaffarpur, B.R. University. Muz.",12th Pass,0,19780931,1 Crore,25 Lacs,2500000.0,https://www.myneta.info/Bihar2025/candidate.php?candidate_id=960,89,960,General,1,done,done
68,737,Radha Raman,50,AURAI,Jan Suraaj Party,Intermediate from Bihar Intermediate Education Council in 1992,12th Pass,1,29395598,2 Crore,12 Lacs,1232000.0,https://www.myneta.info/Bihar2025/candidate.php?candidate_id=961,89,961,General,4,done,done
69,554,Md. Aftab Alam,39,AURAI,Aazad Samaj Party (Kanshi Ram),"Graduate Pass in 2006 from Lalu Mandal College, Magadh University, Patna, Inter in 2002 from Muslim Science College, Patna",Graduate,1,1310000,13 Lacs,5 Lacs,500000.0,https://www.myneta.info/Bihar2025/candidate.php?candidate_id=964,89,964,General,29,done,done
70,1060,Sheo Shankar Gupta,47,AURAI,AAP,Graduate from Delhi University in 2001,Graduate,1,82050000,8 Crore,40 Lacs,4000000.0,https://www.myneta.info/Bihar2025/candidate.php?candidate_id=957,89,957,General,15,done,done
71,849,Rama Nishad,58,AURAI,BJP,"Intermediate Pass from Bihar School Education Board, Patna, Bihar in 1988",12th Pass,2,318621365,31 Crore,75 Lacs,7501825.0,https://www.myneta.info/Bihar2025/candidate.php?candidate_id=476,89,476,General,0,done,done
72,193,Bhogendra Sahni,40,AURAI,Vikassheel Insaan Party,"Matric from Gandhi High School Parihar, Bihar Open School Education &amp; Examination Board Patna in 2022",10th Pass,0,9020460,90 Lacs,20 Lacs,2000000.0,https://www.myneta.info/Bihar2025/candidate.php?candidate_id=962,89,962,General,9,done,done
73,206,Bipeen Kumar,36,BACHHWARA,IND,"Graduate, MCT College",Graduate,0,955000,9 Lacs,7 Lacs,722000.0,https://www.myneta.info/Bihar2025/candidate.php?candidate_id=966,57,966,General,1,done,done
74,867,Ramod Kumar,46,BACHHWARA,Jan Suraaj Party,Literate,Literate,2,7025000,70 Lacs,,,https://www.myneta.info/Bihar2025/candidate.php?candidate_id=972,57,972,General,4,done,done
75,154,Avinash Kumar,27,BACHHWARA,AAP,B.A. SBSS College Begusarai 2017,Graduate,1,470272,4 Lacs,,,https://www.myneta.info/Bihar2025/candidate.php?candidate_id=967,57,967,General,15,done,done
76,764,Raja Ram Singh,64,BACHHWARA,IND,"Diploma In Civil Engg. Barauni Polytechnic, 1985, Matric High School Begusarai  1978",10th Pass,0,18956600,1 Crore,,,https://www.myneta.info/Bihar2025/candidate.php?candidate_id=361,57,361,General,1,done,done
77,0,Abdesh Kumar Rai,73,BACHHWARA,CPI,"Intermediate 1970 Samastipur .College , Samastipur LNMU Darbhanga",12th Pass,6,6477475,64 Lacs,,,https://www.myneta.info/Bihar2025/candidate.php?candidate_id=477,57,477,General,30,done,done
78,1055,Shatrudhan Kumar,39,BACHHWARA,IND,Inter Sadanandpur College,12th Pass,0,6884000,68 Lacs,50 Thou,50000.0,https://www.myneta.info/Bihar2025/candidate.php?candidate_id=970,57,970,General,1,done,done
79,1071,Shiv Prakash Garib Das,30,BACHHWARA,INC,"M.Com, 2017  Magadh University Gaya  B.Com 2015 College Of Commerce Patna 2015",Post Graduate,6,105878035,10 Crore,,,https://www.myneta.info/Bihar2025/candidate.php?candidate_id=478,57,478,General,31,done,done
80,1164,Surendra Mehta,66,BACHHWARA,BJP,Intermediate APSM College Barauni Intermediate Council Patna 1980,12th Pass,0,9772000,97 Lacs,9 Lacs,993899.0,https://www.myneta.info/Bihar2025/candidate.php?candidate_id=360,57,360,General,0,done,done
81,824,Ram Chatur Sahni,41,BAHADURPUR,IND,Literate,Literate,2,1656646,16 Lacs,,,https://www.myneta.info/Bihar2025/candidate.php?candidate_id=976,60,976,General,1,done,done
82,102,Anju Devi,39,BAHADURPUR,Bhagidari Party(P),Literate,Literate,0,1080000,10 Lacs,,,https://www.myneta.info/Bihar2025/candidate.php?candidate_id=652,60,652,General,32,done,done
83,212,Birendra Kumar Paswan,41,BAHADURPUR,Republican Party of India (Bhimrao Ambedkar),"Master of Business Administration from Lalit Narayan Mithala University, Darbhanga in 2008",Post Graduate,0,624000,6 Lacs,,,https://www.myneta.info/Bihar2025/candidate.php?candidate_id=977,60,977,General,33,done,done
84,883,Ranjeet Sharma,35,BAHADURPUR,Gantantrik Samaj Party,Literate,Literate,0,4880000,48 Lacs,,,https://www.myneta.info/Bihar2025/candidate.php?candidate_id=796,60,796,General,28,done,done
85,1172,Suresh Prasad Singh,59,BAHADURPUR,Rashtriya Lok Janshakti Party,"Post Graduation from Samastipur College, Samastipur (Lalit Narayan Mithala University, Darbhanga) in 1990",Post Graduate,1,23545500,2 Crore,80 Thou,80000.0,https://www.myneta.info/Bihar2025/candidate.php?candidate_id=806,60,806,General,12,done,done
86,706,Pranay Prabhakar,36,BAHADURPUR,BSP,Diploma from State Board of Technical Education Ranchi,Others,0,7299713,72 Lacs,19 Lacs,1912082.0,https://www.myneta.info/Bihar2025/candidate.php?candidate_id=153,60,153,General,5,done,done
87,1200,Umesh Choudhary,53,BAHADURPUR,IND,Madhyama from Sanskrit Education Board Patna,8th Pass,1,3569562,35 Lacs,70 Thou,70000.0,https://www.myneta.info/Bihar2025/candidate.php?candidate_id=650,60,650,General,1,done,done
88,826,Ram Gulam Thakur,78,BAHADURPUR,IND,"B.A. from K. S. College Laheriasarai, Darbhanga",Graduate,0,3505000,35 Lacs,,,https://www.myneta.info/Bihar2025/candidate.php?candidate_id=797,60,797,General,1,done,done
89,1260,Vinai Kumar Singh,54,BAHADURPUR,IND,"Inter (Science) from D.A.B. Higher School, Aasansol, West Bengal in 1983",12th Pass,0,2755693,27 Lacs,,,https://www.myneta.info/Bihar2025/candidate.php?candidate_id=975,60,975,General,1,done,done
90,288,Dileep Kumar,42,BAHADURPUR,IND,"Graduation from Marwari College Darbhanga, L.N.M. University in 2006",Graduate,9,19958288,1 Crore,,,https://www.myneta.info/Bihar2025/candidate.php?candidate_id=978,60,978,General,1,done,done
91,194,Bhola Yadav,62,BAHADURPUR,RJD,M.Sc. (Math) from Magadh University Gaya in 1990,Post Graduate,6,59203246,5 Crore,35 Lacs,3539387.0,https://www.myneta.info/Bihar2025/candidate.php?candidate_id=798,60,798,General,11,done,done
92,127,Asad Ali,37,BAHADURPUR,IND,Alim in 2009 from B.S.M.E.B Patna Madarsa Hamidia Kilaghat Darbhanga,Graduate,0,400000,4 Lacs,,,https://www.myneta.info/Bihar2025/candidate.php?candidate_id=481,60,481,General,1,done,done
93,480,Madan Sahni,58,BAHADURPUR,JD(U),"Graduation from Kunwar Singh College, L.N.M.U Darbhanga in 1992",Graduate,1,38533422,3 Crore,79 Lacs,7959793.0,https://www.myneta.info/Bihar2025/candidate.php?candidate_id=482,60,482,General,10,done,done
94,576,Mohammad Amir Haider,42,BAHADURPUR,Jan Suraaj Party,"Bachelor of Engineering from Visveswaraiah Technological University, Belgaum Karnataka in 2008",Graduate Professional,0,24287790,2 Crore,2 Lacs,268117.0,https://www.myneta.info/Bihar2025/candidate.php?candidate_id=480,60,480,General,4,done,done
95,975,Sanjay Prasad Ojha,55,BAHADURPUR,IND,"B.Ed., B.A. (Honors)",Graduate Professional,0,54024000,5 Crore,,,https://www.myneta.info/Bihar2025/candidate.php?candidate_id=651,60,651,General,1,done,done
96,799,Rajnish Kumar,51,BAHADURPUR,Jantantra Awaj Party,"Bachelor of Engineering from Institution of Engineers India, Kolkata in 2001",Graduate Professional,0,5573646,55 Lacs,,,https://www.myneta.info/Bihar2025/candidate.php?candidate_id=479,60,479,General,26,done,done
97,969,Sanjay Kumar Singh,57,BAHADURPUR,IND,Literate,Literate,2,8799100,87 Lacs,40 Thou,40000.0,https://www.myneta.info/Bihar2025/candidate.php?candidate_id=4,60,4,General,1,done,done
98,570,Mithilesh Tiwari,54,BAIKUNTHPUR,BJP,B.A. (Hons) Economics 1989-93 from B.D. Evening College Patna Magadh University Bodhgaya Bihar,Graduate,2,26700364,2 Crore,13 Lacs,1307252.0,https://www.myneta.info/Bihar2025/candidate.php?candidate_id=154,206,154,General,0,done,done
99,755,Raj Kishor Singh,57,BAIKUNTHPUR,IND,5th Pass,5th Pass,0,6127000,61 Lacs,,,https://www.myneta.info/Bihar2025/candidate.php?candidate_id=986,206,986,General,1,done,done
100,691,Pradeep Kumar,60,BAIKUNTHPUR,BSP,Graduate from Bihar University Muzaffarpur 1987,Graduate,1,45992165,4 Crore,24 Lacs,2400000.0,https://www.myneta.info/Bihar2025/candidate.php?candidate_id=985,206,985,General,5,done,done
101,718,Prem Shankar Prasad,40,BAIKUNTHPUR,RJD,"Intermediate From Bihar Intermediate Education Board Patna, Year-2000",12th Pass,8,20747476,2 Crore,,,https://www.myneta.info/Bihar2025/candidate.php?candidate_id=155,206,155,General,11,done,done
102,835,Ram Narayan Singh,69,BAIKUNTHPUR,Rashtrawadi Janlok Party (Satya),B.Sc and LLB  From Bihar University Muzaffarpur 1993,Graduate Professional,0,75419874,7 Crore,88 Thou,88734.0,https://www.myneta.info/Bihar2025/candidate.php?candidate_id=987,206,987,General,34,done,done
103,588,Mohan Mahato,52,BAIKUNTHPUR,Rashtriya Jansambhavna Party,Matric- BSEB 1980 2nd Division,10th Pass,0,4255000,42 Lacs,,,https://www.myneta.info/Bihar2025/candidate.php?candidate_id=156,206,156,General,8,done,done
104,35,Ajay Prasad,51,BAIKUNTHPUR,Jan Suraaj Party,Graduate from BR Ambedkar University Muzaffarpur,Graduate,2,15825000,1 Crore,15 Lacs,1550000.0,https://www.myneta.info/Bihar2025/candidate.php?candidate_id=653,206,653,General,4,done,done
105,775,Rajesh Kumar,40,BAKHRI (SC),Rashtriya Suraksha Party,Literate,Literate,2,2230000,22 Lacs,,,https://www.myneta.info/Bihar2025/candidate.php?candidate_id=807,26,807,General,35,done,done
106,1175,Suryakant Paswan,56,BAKHRI (SC),CPI,"B.A. Hons. From B.R.B. College, Samastipur, Year-1989",Graduate,1,14079065,1 Crore,36 Lacs,3603786.0,https://www.myneta.info/Bihar2025/candidate.php?candidate_id=365,26,365,General,30,done,done
107,338,Gautam Sada,39,BAKHRI (SC),IND,Graduate in 2012,Graduate,0,535000,5 Lacs,60 Thou,60000.0,https://www.myneta.info/Bihar2025/candidate.php?candidate_id=992,26,992,General,1,done,done
108,987,Sanjiv Kumar Paswan,41,BAKHRI (SC),IND,"12th Pass From Kosi College, Khagaria, BIEC, Patna, Year-2002",12th Pass,0,6320000,63 Lacs,,,https://www.myneta.info/Bihar2025/candidate.php?candidate_id=364,26,364,General,1,done,done
109,954,Sanjay Kumar,52,BAKHRI (SC),Lok Janshakti Party (Ram Vilas),"B.A. From Hindi Vidyapith Deoghar, Year-1998",Graduate,1,2230017,22 Lacs,,,https://www.myneta.info/Bihar2025/candidate.php?candidate_id=996,26,996,General,36,done,done
110,645,Nira Devi,39,BAKHRI (SC),Rashtriya Lok Janshakti Party,"12th Pass From D.S.I College, Begusarai, Year-2008",12th Pass,0,455153,4 Lacs,,,https://www.myneta.info/Bihar2025/candidate.php?candidate_id=991,26,991,General,12,done,done
111,1249,Vikash Kumar,52,BAKHRI (SC),NCP,"ITI Diploma From ITI College, Saupaul, Year-1991",Others,0,4381000,43 Lacs,,,https://www.myneta.info/Bihar2025/candidate.php?candidate_id=997,26,997,General,37,done,done
112,435,Kiran Kumari,29,BAKHRI (SC),IND,"M.A. From L.N.M.B.U., Darbhanga",Post Graduate,0,4220600,42 Lacs,,,https://www.myneta.info/Bihar2025/candidate.php?candidate_id=993,26,993,General,1,done,done
113,178,Balmiki Singh,55,BAKHTIARPUR,Jan Suraaj Party,Intermediate From B.D College Patna in 1885,12th Pass,0,43521050,4 Crore,75 Lacs,7557014.0,https://www.myneta.info/Bihar2025/candidate.php?candidate_id=367,8,367,General,4,done,done
114,122,Arun Thakur,50,BAKHTIARPUR,AAP,B.Com From Indra Gandhi Open University in 2023,Graduate,0,1190000,11 Lacs,,,https://www.myneta.info/Bihar2025/candidate.php?candidate_id=999,8,999,General,15,done,done
115,117,Arun Kumar S/O Satrughan Sao,51,BAKHTIARPUR,Lok Janshakti Party (Ram Vilas),Graduate,Graduate,0,3295000,32 Lacs,10 Lacs,1000000.0,https://www.myneta.info/Bihar2025/candidate.php?candidate_id=812,8,812,General,36,done,done
116,1040,Shambhu Singh,60,BAKHTIARPUR,IND,B.Com Hons From Patna University in 1990,Graduate,0,5392000,53 Lacs,,,https://www.myneta.info/Bihar2025/candidate.php?candidate_id=483,8,483,General,1,done,done
117,840,Ram Ratan Prasad Singh,67,BAKHTIARPUR,IND,I.A,12th Pass,0,9155103,91 Lacs,,,https://www.myneta.info/Bihar2025/candidate.php?candidate_id=809,8,809,General,1,done,done
118,98,Aniruddh Kumar,55,BAKHTIARPUR,RJD,Intermediate From Ramlakhan Singh Yadav School Bakhtiarpur Magdh University Bodh Gaya in 1993,12th Pass,13,45373889,4 Crore,15 Lacs,1531198.0,https://www.myneta.info/Bihar2025/candidate.php?candidate_id=366,8,366,General,11,done,done
119,350,Gulshan Kumar Yadav,30,BAKHTIARPUR,Janshakti Janta Dal,"M.D. Physician, V.N. Karazin Kharkiv National University ,Ukraine ,2022.",Post Graduate,0,9267509,92 Lacs,11 Lacs,1127893.0,https://www.myneta.info/Bihar2025/candidate.php?candidate_id=810,8,810,General,6,done,done
120,116,Arun Kumar S/O Nagendra Prasad Singh,45,BAKHTIARPUR,IND,Matric Pass From High School,10th Pass,0,87748000,8 Crore,,,https://www.myneta.info/Bihar2025/candidate.php?candidate_id=157,8,157,General,1,done,done
121,898,Ravi Prakash,32,BANIAPUR,IND,"MA From AISECT University Hazaribag. Jharkhand, Year 2023",Post Graduate,2,9795000,97 Lacs,34 Lacs,3400000.0,https://www.myneta.info/Bihar2025/candidate.php?candidate_id=370,5,370,General,1,done,done
122,1083,Shravan Kumar,57,BANIAPUR,Jan Suraaj Party,"Non Matric From Alipur Raksaul Vidhyapith Hindi High School, Year-1987",8th Pass,3,4580000,45 Lacs,70 Lacs,7000000.0,https://www.myneta.info/Bihar2025/candidate.php?candidate_id=369,5,369,General,4,done,done
123,1094,Shyam Kumar Singh,40,BANIAPUR,IND,"Intermediate From Mashrakh College, Mashrakh, Bihar Intermediate Education Council Patna, Year-2001",12th Pass,1,9517030,95 Lacs,,,https://www.myneta.info/Bihar2025/candidate.php?candidate_id=368,5,368,General,1,done,done
124,234,Chandni Devi,56,BANIAPUR,RJD,Intermediate (Arts) From MDDM College Muzaffarpur year 1988,12th Pass,0,29108122,2 Crore,4 Lacs,444254.0,https://www.myneta.info/Bihar2025/candidate.php?candidate_id=814,5,814,General,11,done,done
125,225,Byas Manjhi,54,BANIAPUR,BSP,"Law Graduate From Ganga Singh College J.P. University Chapra &amp; Graduate Science From Ramjaipal College, Chapra Year-1994",Graduate Professional,0,2370000,23 Lacs,,,https://www.myneta.info/Bihar2025/candidate.php?candidate_id=158,5,158,General,5,done,done
126,431,Kedar Nath Singh,61,BANIAPUR,BJP,"Graduate From Jaglal Chaudhary College Chapra Saran,  Baba Saheb Bheem Rao Ambedkar University, Year 1986",Graduate,4,50150899,5 Crore,1 Crore,11083133.0,https://www.myneta.info/Bihar2025/candidate.php?candidate_id=813,5,813,General,0,done,done
127,732,Pushpa Kumari,30,BANIAPUR,Janshakti Janta Dal,"Graduate From J.P. University, Year-2005",Graduate,1,5550000,55 Lacs,,,https://www.myneta.info/Bihar2025/candidate.php?candidate_id=371,5,371,General,6,done,done
128,780,Rajesh Kumar Singh,50,BANIAPUR,IND,Intermediate From Mashrakh College Mashrakh Saran Year 1993 &amp; Matric From Nageshwar High School Bahadurpur Mashrakh Saran Year 1991,12th Pass,3,11363500,1 Crore,1 Lacs,128000.0,https://www.myneta.info/Bihar2025/candidate.php?candidate_id=816,5,816,General,1,done,done
129,1218,Vandana Kumari,37,BANKIPUR,Jan Suraaj Party,B.A. From Magadh University Ganga Devi College,Graduate,0,47369822,4 Crore,2 Crore,20997990.0,https://www.myneta.info/Bihar2025/candidate.php?candidate_id=486,44,486,General,4,done,done
130,688,Prabhash Chandra Sharma,43,BANKIPUR,Jagrook Janta Party,Graduate-Hindi (Hons.) From Hindi Vidyapith -Deoghar - Jharkhand (Session 2002 - 2005) Year In 2007,Graduate,1,4491880,44 Lacs,,,https://www.myneta.info/Bihar2025/candidate.php?candidate_id=485,44,485,General,14,done,done
131,647,Niranjan Kumar Achary,48,BANKIPUR,Right to Recall Party,"Inter Pass Out From Inter Council Bihar, Year 1994, DS College, Jamui",12th Pass,0,100000,1 Lacs,,,https://www.myneta.info/Bihar2025/candidate.php?candidate_id=819,44,819,General,38,done,done
132,655,Nitin Nabin,45,BANKIPUR,BJP,"Inter From C.B.S.E. New Delhi, C.S.K.M. Public School New Delhi In 1998",12th Pass,5,30696962,3 Crore,56 Lacs,5666013.0,https://www.myneta.info/Bihar2025/candidate.php?candidate_id=372,44,372,General,0,done,done
133,936,S. Sajjad Hussain Akhter,45,BANKIPUR,IND,"Intermediate from Patna College, Patna University In 1996",12th Pass,0,588643,5 Lacs,,,https://www.myneta.info/Bihar2025/candidate.php?candidate_id=1003,44,1003,General,1,done,done
134,42,Akhilesh Kumar,53,BANKIPUR,IND,Intermediate (Arts) from B.I.E.C. Patna In 1984,12th Pass,0,12456706,1 Crore,,,https://www.myneta.info/Bihar2025/candidate.php?candidate_id=818,44,818,General,1,done,done
135,671,Pankaj Kumar,50,BANKIPUR,AAP,"M.B.B.S. From Patna University Patna University, Patna In 1999, D.L.O. From DMCH, Darbhanga, LNMU Darbhanga In 2006",Graduate Professional,0,93929241,9 Crore,62 Lacs,6244851.0,https://www.myneta.info/Bihar2025/candidate.php?candidate_id=159,44,159,General,15,done,done
136,914,Rekha Kumari,45,BANKIPUR,RJD,B.A. From Ram Narayan Memorial College Vinoba Bhave University Hazaribagh In 2000,Graduate,1,80413394,8 Crore,3 Crore,31658914.0,https://www.myneta.info/Bihar2025/candidate.php?candidate_id=1005,44,1005,General,11,done,done
137,897,Ravi Kumar,31,BANKIPUR,IND,Intermedicate From St. Joseph Public School Samastipur Bihar In 2011,12th Pass,1,5594706,55 Lacs,13 Lacs,1380000.0,https://www.myneta.info/Bihar2025/candidate.php?candidate_id=1006,44,1006,General,1,done,done
138,327,Faiz Ahmad,35,BARAULI,Jan Suraaj Party,M.A. from J.P. University Chapara 2012,Post Graduate,1,20350000,2 Crore,35 Lacs,3580603.0,https://www.myneta.info/Bihar2025/candidate.php?candidate_id=1012,4,1012,General,4,done,done
139,1104,Sita Devi,44,BARAULI,IND,Literate,Literate,0,15945000,1 Crore,,0.0,https://www.myneta.info/Bihar2025/candidate.php?candidate_id=44,4,44,General,1,done,done
140,932,Rudal Mahato,50,BARAULI,Rashtriya Jansambhavna Party,9th Pass from High School Dharamparsa in 1992,8th Pass,0,5047000,50 Lacs,50 Thou,50000.0,https://www.myneta.info/Bihar2025/candidate.php?candidate_id=20,4,20,General,8,done,done
141,917,Reyazul Haque Alias Raju,60,BARAULI,BSP,Graduation from Hindi Vidhyapith Deoghar in 1997,Graduate,6,50106121,5 Crore,,,https://www.myneta.info/Bihar2025/candidate.php?candidate_id=1016,4,1016,General,5,done,done
142,511,Manjeet Kumar Singh,53,BARAULI,JD(U),"Graduation (Arts) from Uday Pratap College, Varanasi, Purvanchal University Jaunpur in 1996",Graduate,1,24968752,2 Crore,12 Lacs,1284262.0,https://www.myneta.info/Bihar2025/candidate.php?candidate_id=1018,4,1018,General,10,done,done
143,449,Krishna Shah,34,BARAULI,IND,"BBA from Bahra University, Shimla in 2015",Graduate Professional,0,10670600,1 Crore,25 Lacs,2500000.0,https://www.myneta.info/Bihar2025/candidate.php?candidate_id=262,4,262,General,1,done,done
144,291,Dilip Kumar Singh,42,BARAULI,RJD,"Matric from High School Barauli, Gopalganj in 1997",10th Pass,0,131415845,13 Crore,7 Crore,79784204.0,https://www.myneta.info/Bihar2025/candidate.php?candidate_id=1015,4,1015,General,11,done,done
145,1111,Sonu Kumar,37,BARAULI,IND,"Post Graudation (Maths) from J.P. University Chapra in 2010, Graudation from J.P. University Chapra",Post Graduate,1,22260000,2 Crore,1 Lacs,100000.0,https://www.myneta.info/Bihar2025/candidate.php?candidate_id=1014,4,1014,General,1,done,done
146,513,Manju Kumari,36,BARAULI,IND,Graduation from SMD College in 2011,Graduate,0,7922000,79 Lacs,,,https://www.myneta.info/Bihar2025/candidate.php?candidate_id=1013,4,1013,General,1,done,done
147,682,Pawan Kumar,28,BARBIGHA,The Plurals Party,Intermediate From N.B College Hatiyava Bhagalpur University Bihar Board in 2015,12th Pass,0,3145000,31 Lacs,29 Thou,29100.0,https://www.myneta.info/Bihar2025/candidate.php?candidate_id=1022,213,1022,General,20,done,done
148,1010,Satish Kumar,69,BARBIGHA,IND,Graduate Hons. Zoology Science From Bihar University Muzaffarpur in 1969,Graduate,2,33191000,3 Crore,8 Lacs,800000.0,https://www.myneta.info/Bihar2025/candidate.php?candidate_id=1020,213,1020,General,1,done,done
149,309,Dr. Kumar Puspanjay,62,BARBIGHA,JD(U),"Doctorate of Philosphy (Ph.D) From Magadh University in 1992 , Bachelor of Law (L.L.B) From Magadh University in 1990,",Doctorate,0,945302587,94 Crore,1 Crore,18280275.0,https://www.myneta.info/Bihar2025/candidate.php?candidate_id=487,213,487,General,10,done,done
150,962,Sanjay Kumar Prabhat,50,BARBIGHA,IND,Post Graduate From Magadh University Bandh Gaya in 1997-99,Post Graduate,1,158595000,15 Crore,6 Lacs,600000.0,https://www.myneta.info/Bihar2025/candidate.php?candidate_id=1024,213,1024,General,1,done,done
151,608,Mukesh Kumar Singh,49,BARBIGHA,Jan Suraaj Party,B. Sc Nautical Science From University of Mumbai in 2009,Graduate,0,239016739,23 Crore,73 Lacs,7393502.0,https://www.myneta.info/Bihar2025/candidate.php?candidate_id=489,213,489,General,4,done,done
152,1195,Trishuldhari Singh,66,BARBIGHA,INC,Literate,Literate,0,107574089,10 Crore,,,https://www.myneta.info/Bihar2025/candidate.php?candidate_id=1021,213,1021,General,31,done,done
153,1122,Sudarshan Kumar,44,BARBIGHA,IND,Intermediate From B.N College Patna,12th Pass,0,93800000,9 Crore,4 Crore,46281000.0,https://www.myneta.info/Bihar2025/candidate.php?candidate_id=1023,213,1023,General,1,done,done
154,617,Murari Kumar,37,BARBIGHA,BSP,Intermediate From Bihar School Examination Board Patna Lohan High School in 2008,12th Pass,2,2285000,22 Lacs,,,https://www.myneta.info/Bihar2025/candidate.php?candidate_id=1025,213,1025,General,5,done,done
155,1101,Sikandar Chaudhari,44,BARBIGHA,Right to Recall Party,10th Pass From Govt School Bihata Village Sheikhpura in 2022 Bihar School Examination Board,10th Pass,0,60000,60 Thou,,,https://www.myneta.info/Bihar2025/candidate.php?candidate_id=488,213,488,General,38,done,done
156,901,Ravi Ranjan Kumar,38,BARH,IND,Graduate Arts from Magadh University Bodh gaya S.B.R.College Barh 2010,Graduate,0,3151000,31 Lacs,,,https://www.myneta.info/Bihar2025/candidate.php?candidate_id=823,87,823,General,1,done,done
157,489,Madhukar Jay Vijay,41,BARH,AAP,Matric from High School 1994,10th Pass,0,446500,4 Lacs,2 Lacs,200000.0,https://www.myneta.info/Bihar2025/candidate.php?candidate_id=822,87,822,General,15,done,done
158,649,Niranjan Prasad,73,BARH,Panchpauniya Samaj Party,B.A. Pass,Graduate,2,2071000,20 Lacs,,,https://www.myneta.info/Bihar2025/candidate.php?candidate_id=264,87,264,General,39,done,done
159,70,Amitabh Bachchan,38,BARH,Rashtriya Sanatan Party,"Matric Passed , Sikandra High School 2004",10th Pass,0,4161061,41 Lacs,,,https://www.myneta.info/Bihar2025/candidate.php?candidate_id=656,87,656,General,40,done,done
160,1155,Suraj Kumar,26,BARH,IND,B.Sc. Hons. from S.B.R. College Magadh University,Graduate,0,7643000,76 Lacs,,,https://www.myneta.info/Bihar2025/candidate.php?candidate_id=821,87,821,General,1,done,done
161,499,Mahesh Prasad Singh,59,BARH,Jan Suraaj Party,Graduate from A.N Singh College Barh 1989,Graduate,5,189923023,18 Crore,,,https://www.myneta.info/Bihar2025/candidate.php?candidate_id=655,87,655,General,4,done,done
162,425,Karnveer Singh Yadav,55,BARH,RJD,"Graduate , A.N. Singh College Barh Magadh University Bodh Gaya . 1993",Graduate,15,180583077,18 Crore,55 Lacs,5555398.0,https://www.myneta.info/Bihar2025/candidate.php?candidate_id=654,87,654,General,11,done,done
163,1057,Shatrudhan Varma,62,BARH,Peoples Party of India (Democratic),Non Matric,8th Pass,0,1000,1 Thou,,,https://www.myneta.info/Bihar2025/candidate.php?candidate_id=1027,87,1027,General,27,done,done
164,108,Arbind Kumar,53,BARH,IND,B.A. Saiyad Nehal Ahsan College M.U. Bodhgaya,Graduate,0,2717762,27 Lacs,,,https://www.myneta.info/Bihar2025/candidate.php?candidate_id=820,87,820,General,1,done,done
165,904,Ravikant Prasad Yadav,62,BARH,IND,Inter Pass from Ram Jaipal Singh Yadav College Barh Patna 1993,12th Pass,0,12358104,1 Crore,,,https://www.myneta.info/Bihar2025/candidate.php?candidate_id=160,87,160,General,1,done,done
166,1049,Sharvan Pandey,69,BARH,IND,Matric 1982,10th Pass,0,827000,8 Lacs,,,https://www.myneta.info/Bihar2025/candidate.php?candidate_id=375,87,375,General,1,done,done
167,1108,Siyaram Singh,48,BARH,BJP,"M.D., MBBS, PMCH Patna 2003 Patna University",Post Graduate,0,73236656,7 Crore,53 Lacs,5300000.0,https://www.myneta.info/Bihar2025/candidate.php?candidate_id=374,87,374,General,0,done,done
168,180,Banshidhar Singh,61,BARHARA,IND,"Hotel Manegment from Taratala Kolkata in 1986, Matric in 1980",Others,0,162783883,16 Crore,2 Crore,20028393.0,https://www.myneta.info/Bihar2025/candidate.php?candidate_id=1029,256,1029,General,1,done,done
169,439,Kisun Prasad,61,BARHARA,IND,Graduate from IGNOU in 2002,Graduate,0,97977790,9 Crore,11 Lacs,1190000.0,https://www.myneta.info/Bihar2025/candidate.php?candidate_id=829,256,829,General,1,done,done
170,412,Kajal,39,BARHARA,IND,"B.A. (Hons) from J.D. Womens College, Patna in 2010",Graduate,0,191280070,19 Crore,9 Crore,91100791.0,https://www.myneta.info/Bihar2025/candidate.php?candidate_id=825,256,825,General,1,done,done
171,271,Dharampal Yadav,54,BARHARA,IND,"Intermediate from Jagjiwan College, Ara in 1993,  Veer Kunwar Singh University (VKSU), Ara",12th Pass,1,8470000,84 Lacs,19 Lacs,1950000.0,https://www.myneta.info/Bihar2025/candidate.php?candidate_id=824,256,824,General,1,done,done
172,1023,Saurabh Singh Yadav,29,BARHARA,Jan Suraaj Party,"Postgraduation from S.B. College Ara, Veer Kunwar Singh University, Ara Year 2020",Post Graduate,1,240000,2 Lacs,,,https://www.myneta.info/Bihar2025/candidate.php?candidate_id=657,256,657,General,4,done,done
173,741,Raghvendra Pratap Singh,72,BARHARA,BJP,"Matric from T.A.J. High School, Dhamar in 1968",10th Pass,1,9435532,94 Lacs,,,https://www.myneta.info/Bihar2025/candidate.php?candidate_id=826,256,826,General,0,done,done
174,997,Santosh Kumar Singh,48,BARHARA,Peoples Party of India (Democratic),Matric,10th Pass,0,13760000,1 Crore,,,https://www.myneta.info/Bihar2025/candidate.php?candidate_id=377,256,377,General,27,done,done
175,1006,Saroj Yadav,35,BARHARA,IND,"Matric from Geeta Sanskrit School, Arrah in 2006",10th Pass,7,36307462,3 Crore,63 Lacs,6355000.0,https://www.myneta.info/Bihar2025/candidate.php?candidate_id=1030,256,1030,General,1,done,done
176,888,Ranvijay Kumar Singh,43,BARHARA,IND,"B.Sc. (Math) R.K.D.F. University, Bhopal Year 2016",Graduate,0,191280070,19 Crore,9 Crore,91100791.0,https://www.myneta.info/Bihar2025/candidate.php?candidate_id=490,256,490,General,1,done,done
177,1024,Saurav Narang,33,BARHARA,IND,"B.Tech (Mechanical Engineering) From IIT, Kanpur Year 2011-15",Graduate Professional,0,420000,4 Lacs,,,https://www.myneta.info/Bihar2025/candidate.php?candidate_id=658,256,658,General,1,done,done
178,1062,Shiv Das Singh,86,BARHARA,IND,Pre University from T.N.B. College in Bhagalpur in 1963,12th Pass,0,647059,6 Lacs,,,https://www.myneta.info/Bihar2025/candidate.php?candidate_id=830,256,830,General,1,done,done
179,138,Ashok Kumar Singh,49,BARHARA,RJD,B.A. from Veer Kunwar Singh University Ara Bihar,Graduate,4,237696837,23 Crore,2 Crore,24853766.0,https://www.myneta.info/Bihar2025/candidate.php?candidate_id=659,256,659,General,11,done,done
180,1174,Surya Bhan Singh,58,BARHARA,IND,Intermediate from South Eastern Railway Khadagpur in 1982,12th Pass,0,174043254,17 Crore,2 Crore,28247025.0,https://www.myneta.info/Bihar2025/candidate.php?candidate_id=828,256,828,General,1,done,done
181,408,Jitendra Yadav,45,BARHARIA,AAP,"Matric from BSEB Patna, MCH H/S Uchagaon (Gopalganj) in 1994",10th Pass,0,3450000,34 Lacs,,,https://www.myneta.info/Bihar2025/candidate.php?candidate_id=1031,185,1031,General,15,done,done
182,746,Rahul Kumar,25,BARHARIA,IND,Intermediate Pass from SN Tiwari Senior Secondary School Gopalganj Bihar Intermediate School Education Board Patna in 2021,12th Pass,0,11640000,1 Crore,6 Lacs,650000.0,https://www.myneta.info/Bihar2025/candidate.php?candidate_id=33,185,33,General,1,done,done
183,854,Ramdas Tiwari,52,BARHARIA,IND,"Intermediate from DAB Inter College, Siwan, BIEB Patna in 1992",12th Pass,3,66240000,6 Crore,10 Lacs,1000000.0,https://www.myneta.info/Bihar2025/candidate.php?candidate_id=1033,185,1033,General,1,done,done
184,1059,Shekh Shahnawaz Alam,43,BARHARIA,Jan Suraaj Party,Master of Surgery in General Surgery (MS Gen. Surgery) Alighar Muslim University (AMU) Delhi in 2012,Post Graduate,0,87728834,8 Crore,6 Crore,68956120.0,https://www.myneta.info/Bihar2025/candidate.php?candidate_id=378,185,378,General,4,done,done
185,353,Hareram Singh,53,BARHARIA,IND,"Law Graduate from Munshi Singh College, Motihari Bihar University Muzaffarpur Year 2003",Graduate Professional,0,970500,9 Lacs,,,https://www.myneta.info/Bihar2025/candidate.php?candidate_id=379,185,379,General,1,done,done
186,254,Deepak Kumar,25,BARHARIA,IND,Intermediate from BSCA Inter College Barharia Siwan in 2018,12th Pass,0,863000,8 Lacs,,,https://www.myneta.info/Bihar2025/candidate.php?candidate_id=1035,185,1035,General,1,done,done
187,114,Arun Kumar Gupta,54,BARHARIA,RJD,Intermediate from Madhyamik Shiksha Parishad UP in 1991,12th Pass,2,547506382,54 Crore,5 Crore,54607739.0,https://www.myneta.info/Bihar2025/candidate.php?candidate_id=1036,185,1036,General,11,done,done
188,738,Radheshyam Sharma,38,BARHARIA,Jagrook Janta Party,"Matric from Asarfi Lal High School Chitauli, Dist. Siwan, BSEB in 2003",10th Pass,2,12823500,1 Crore,32 Lacs,3200000.0,https://www.myneta.info/Bihar2025/candidate.php?candidate_id=1034,185,1034,General,14,done,done
189,1237,Vijay Kumar Yadav,53,BARHARIA,BSP,"Graduate from DAV College, Siwan in 1994",Graduate,0,3754000,37 Lacs,50 Thou,50000.0,https://www.myneta.info/Bihar2025/candidate.php?candidate_id=661,185,661,General,5,done,done
190,371,Indradev Singh,60,BARHARIA,JD(U),"High School from Deendaalpur High School, Siwan Bihar, BSEB in 1982",10th Pass,0,45409000,4 Crore,18 Lacs,1800000.0,https://www.myneta.info/Bihar2025/candidate.php?candidate_id=1037,185,1037,General,10,done,done
191,1091,Shyam Bahadur Singh,63,BARHARIA,IND,8th Pass from Govt. High School Deendayalpur Tarwara in 1972,8th Pass,4,8455300,84 Lacs,34 Lacs,3400000.0,https://www.myneta.info/Bihar2025/candidate.php?candidate_id=120,185,120,General,1,done,done
192,485,Madhav Bhakta,55,BARURAJ,SUCI(C),"Matric in 1984 from S.K.S.D. High School, Jaintpur (Muz.), B.S.E. Board, Patna",10th Pass,0,2794700,27 Lacs,1 Lacs,105000.0,https://www.myneta.info/Bihar2025/candidate.php?candidate_id=45,217,45,General,25,done,done
193,994,Santosh Kumar,31,BARURAJ,IND,Non Matric from Srisiya High School,8th Pass,3,2300000,23 Lacs,2 Lacs,250000.0,https://www.myneta.info/Bihar2025/candidate.php?candidate_id=832,217,832,General,1,done,done
194,119,Arun Kumar Singh,55,BARURAJ,BJP,"Post Graduate in 1994, P.hD. in 1998 from Babasaheb Bhimrao Ambedkar, Bihar University, Muzaffarpur",Doctorate,1,51144433,5 Crore,1 Crore,14807251.0,https://www.myneta.info/Bihar2025/candidate.php?candidate_id=1044,217,1044,General,0,done,done
195,363,Hiralal Kharia,35,BARURAJ,Jan Suraaj Party,M.Sc from Utkal University in 2010,Post Graduate,6,1200000,12 Lacs,,,https://www.myneta.info/Bihar2025/candidate.php?candidate_id=1043,217,1043,General,4,done,done
196,1222,Vidhyalal Sahani,52,BARURAJ,Lok Chetna Dal,"Matric from  Motihar, Muz.",10th Pass,0,6380000,63 Lacs,,,https://www.myneta.info/Bihar2025/candidate.php?candidate_id=1042,217,1042,General,41,done,done
197,961,Sanjay Kumar Paswan,53,BARURAJ,Rashtriya Lok Janshakti Party,"Sahityakar from Hindi Vidhyapith, Deoghar 1996, Inter from BIEC Patna in 1992",Graduate Professional,0,7395000,73 Lacs,15 Thou,15000.0,https://www.myneta.info/Bihar2025/candidate.php?candidate_id=1041,217,1041,General,12,done,done
198,555,Md. Anzar,41,BARURAJ,Rashtriya Ulama Council,Literate,Literate,0,25000,25 Thou,,,https://www.myneta.info/Bihar2025/candidate.php?candidate_id=831,217,831,General,42,done,done
199,779,Rajesh Kumar Sah,41,BARURAJ,IND,"IA from Jiwachh College, Motipur, Bihar in 2007, Matric from SU High School, Brasanpur, Bihar Board in 1999",12th Pass,0,14650103,1 Crore,94 Thou,94197.0,https://www.myneta.info/Bihar2025/candidate.php?candidate_id=380,217,380,General,1,done,done
200,806,Rakesh Kumar,44,BARURAJ,Vikassheel Insaan Party,Bachelor of Engineering (Civil) from I.T. Ranchi Jharkhand in 2000,Graduate Professional,1,245491604,24 Crore,10 Crore,101634592.0,https://www.myneta.info/Bihar2025/candidate.php?candidate_id=1038,217,1038,General,9,done,done
201,773,Rajesh Kumar,39,BARURAJ,IND,Literate,Literate,0,219900,2 Lacs,50 Thou,50000.0,https://www.myneta.info/Bihar2025/candidate.php?candidate_id=161,217,161,General,1,done,done
202,158,Awadhesh Kumar Gupta,55,BARURAJ,IND,"Intermediate from High School, Sirsiya Gopinathpur",12th Pass,0,21558837,2 Crore,1 Crore,12500000.0,https://www.myneta.info/Bihar2025/candidate.php?candidate_id=1039,217,1039,General,1,done,done
203,634,Nasima Khatoon,57,BARURAJ,BSP,7th Pass From Primary School Madipur Muzaffarpur,5th Pass,3,7493235,74 Lacs,,,https://www.myneta.info/Bihar2025/candidate.php?candidate_id=1040,217,1040,General,5,done,done
204,1230,Vijay Kumar,48,BEGUSARAI,IND,BA from RCS Smarak College Bihat in 2012,Graduate,0,2342000,23 Lacs,,,https://www.myneta.info/Bihar2025/candidate.php?candidate_id=491,180,491,General,1,done,done
205,828,Ram Krishna Mahto,31,BEGUSARAI,Janshakti Janta Dal,Intermediate from Baba Singheshwar College Madhepura in 2020-22,12th Pass,2,951000,9 Lacs,2 Lacs,210000.0,https://www.myneta.info/Bihar2025/candidate.php?candidate_id=1049,180,1049,General,6,done,done
206,573,Mohammad Abdul Haque,27,BEGUSARAI,BSP,Under Graduate from Madrasa Vadrul Islamm Bihar State Madrasa Board in 2011,12th Pass,0,250000,2 Lacs,,,https://www.myneta.info/Bihar2025/candidate.php?candidate_id=1045,180,1045,General,5,done,done
207,110,Arun Kumar,63,BEGUSARAI,IND,"Matriculation from BSEB Patna, RN High School, Mohanpur Begusarai in 1977",10th Pass,0,27015000,2 Crore,,,https://www.myneta.info/Bihar2025/candidate.php?candidate_id=1052,180,1052,General,1,done,done
208,336,Gautam Kumar,28,BEGUSARAI,SUCI(C),"LLB From L.N.M.U. Darbhanga, Year-2020-23 &amp; B.Sc. From L.N.M.U. Darbhanga, Year-2015-18",Graduate Professional,0,1086367,10 Lacs,,,https://www.myneta.info/Bihar2025/candidate.php?candidate_id=119,180,119,General,25,done,done
209,1162,Surendra Kumar Sahani,65,BEGUSARAI,Jan Suraaj Party,Post Graduate from Lalit Narayan Mithila University in 1984,Post Graduate,0,29019721,2 Crore,1 Lacs,112000.0,https://www.myneta.info/Bihar2025/candidate.php?candidate_id=267,180,267,General,4,done,done
210,538,Md Gaffar Khan,39,BEGUSARAI,IND,Literate,Literate,0,3283000,32 Lacs,,,https://www.myneta.info/Bihar2025/candidate.php?candidate_id=1048,180,1048,General,1,done,done
211,523,Manoj Kumar,57,BEGUSARAI,IND,Electric Engineer Diploma in 1990,Others,0,18638564,1 Crore,,,https://www.myneta.info/Bihar2025/candidate.php?candidate_id=1047,180,1047,General,1,done,done
212,460,Kundan Kumar,48,BEGUSARAI,BJP,Post Graduate Programme in Management Media with Human Resource Management &amp; Industrial Relations in 2002-2004,Post Graduate,1,131849260,13 Crore,50 Lacs,5096802.0,https://www.myneta.info/Bihar2025/candidate.php?candidate_id=1050,180,1050,General,0,done,done
213,563,Mira Singh,74,BEGUSARAI,AAP,"MBBS from Ranchi University in 1976, DGO from Ranchi University in 1980",Graduate Professional,5,152073352,15 Crore,,,https://www.myneta.info/Bihar2025/candidate.php?candidate_id=494,180,494,General,15,done,done
214,1180,Sushil Kumar,50,BEGUSARAI,Samata Party,Intermediate of Secince from BIEC Patna in 1993,12th Pass,0,39009265,3 Crore,12 Lacs,1264000.0,https://www.myneta.info/Bihar2025/candidate.php?candidate_id=493,180,493,General,43,done,done
215,684,Pinki Sinha,49,BEGUSARAI,IND,Matriculation from Gadhpura HS Gadhpura,10th Pass,0,2970200,29 Lacs,,,https://www.myneta.info/Bihar2025/candidate.php?candidate_id=492,180,492,General,1,done,done
216,546,Md Saddam Husain,29,BEGUSARAI,IND,MA Philosophy from G D College Begusarai,Post Graduate,0,907000,9 Lacs,,,https://www.myneta.info/Bihar2025/candidate.php?candidate_id=268,180,268,General,1,done,done
217,1070,Shiv Narayan Singh,53,BELDAUR,IND,"Intermediate from MS College Sonihar, Alauli Khagaria in 1992",12th Pass,0,7304000,73 Lacs,,,https://www.myneta.info/Bihar2025/candidate.php?candidate_id=1054,164,1054,General,1,done,done
218,391,Jamil Ahmad,47,BELDAUR,All India Forward Bloc,Graduate from Mithila University Darbhanga in 1994,Graduate,0,237900,2 Lacs,,,https://www.myneta.info/Bihar2025/candidate.php?candidate_id=1057,164,1057,General,44,done,done
219,1151,Sunita Sharma,49,BELDAUR,Rashtriya Lok Janshakti Party,Literate,Literate,1,12175000,1 Crore,,,https://www.myneta.info/Bihar2025/candidate.php?candidate_id=1062,164,1062,General,12,done,done
220,330,Gajendra Kumar Singh,40,BELDAUR,Jan Suraaj Party,MA Political Science from Shobhit University UP in 2013,Post Graduate,1,20336764,2 Crore,17 Lacs,1710000.0,https://www.myneta.info/Bihar2025/candidate.php?candidate_id=497,164,497,General,4,done,done
221,1185,Tanisha Bharti,36,BELDAUR,Indian Inclusive Party,"Matric from BSEB Patna, Chandrashekhar Singh Girls High School, Ramdham, Maheshkhunt, Dist. Khagaria in 2006",10th Pass,0,3949350,39 Lacs,1 Crore,12385922.0,https://www.myneta.info/Bihar2025/candidate.php?candidate_id=1055,164,1055,General,45,done,done
222,1223,Vidya Nand Yadav,63,BELDAUR,BSP,Literate,Literate,0,10903000,1 Crore,,,https://www.myneta.info/Bihar2025/candidate.php?candidate_id=1059,164,1059,General,5,done,done
223,314,Dr. Ravi Kumar,34,BELDAUR,IND,Master in Sports Medicine from Chaudhary Charan University Meerut in 2021,Post Graduate,0,102250,1 Lacs,,,https://www.myneta.info/Bihar2025/candidate.php?candidate_id=498,164,498,General,1,done,done
224,27,Ajay Kumar,41,BELDAUR,Rashtriya Jansambhavna Party,"B.Ed. from Satyendra Science College of Education, Muzaffarpur in 2020",Graduate Professional,0,369550,3 Lacs,,,https://www.myneta.info/Bihar2025/candidate.php?candidate_id=162,164,162,General,8,done,done
225,151,Avdesh Kumar Pandit,32,BELDAUR,Bhagidari Party(P),Intermediate,12th Pass,0,2720000,27 Lacs,4 Lacs,400000.0,https://www.myneta.info/Bihar2025/candidate.php?candidate_id=1058,164,1058,General,32,done,done
226,677,Panna Lal Singh Patel,76,BELDAUR,JD(U),"Matric from High School Pansalwa, BSEB Patna in 1967",10th Pass,0,9785622,97 Lacs,1 Lacs,180740.0,https://www.myneta.info/Bihar2025/candidate.php?candidate_id=1063,164,1063,General,10,done,done
227,566,Mithilesh Kumar Nishad,47,BELDAUR,INC,Graduate from MS College Bhagalpur in 1999,Graduate,4,11054743,1 Crore,55 Thou,55000.0,https://www.myneta.info/Bihar2025/candidate.php?candidate_id=1061,164,1061,General,31,done,done
228,872,Randhir Kesari,45,BELDAUR,IND,"Post Graduate from Sam Higginbottom Institute of Agriculture Technology and Science, Allahabad",Post Graduate,0,1315000,13 Lacs,,,https://www.myneta.info/Bihar2025/candidate.php?candidate_id=1060,164,1060,General,1,done,done
229,747,Rahul Kumar Basu,51,BELDAUR,AAP,"M.Sc. (Botany) from College of Commerce Patna, Gaya University",Post Graduate,0,15610000,1 Crore,5 Lacs,500000.0,https://www.myneta.info/Bihar2025/candidate.php?candidate_id=496,164,496,General,15,done,done
230,146,Atal Bihari,46,BELDAUR,GaribJanta Party Loktantrik,Matric from P.S. High School Khagaria,10th Pass,0,311000,3 Lacs,,,https://www.myneta.info/Bihar2025/candidate.php?candidate_id=1056,164,1056,General,46,done,done
231,1042,Shankar Dom Alias Shankar Mallik,60,BENIPUR,Aam Janta Pragati Party,Literate,Literate,1,20250,20 Thou,,,https://www.myneta.info/Bihar2025/candidate.php?candidate_id=1069,106,1069,General,17,done,done
232,1226,Vidyanand Ram,51,BENIPUR,Wazib Adhikar Party,M.A. and LL.B From Lalit Narayan College,Post Graduate,0,6565000,65 Lacs,50 Thou,50000.0,https://www.myneta.info/Bihar2025/candidate.php?candidate_id=503,106,503,General,47,done,done
233,80,Amresh Kumar Amar,43,BENIPUR,Jan Suraaj Party,Undergraduate Year 2001 BIEC Patna,12th Pass,0,7808500,78 Lacs,,,https://www.myneta.info/Bihar2025/candidate.php?candidate_id=499,106,499,General,4,done,done
234,698,Pramila Jha,45,BENIPUR,Bhartiya Mahasangh Party,10th From Rosera Girls High School,10th Pass,0,15673000,1 Crore,,,https://www.myneta.info/Bihar2025/candidate.php?candidate_id=502,106,502,General,24,done,done
235,494,Mahendra Narayan Mahto,65,BENIPUR,IND,M.A.,Post Graduate,0,31415500,3 Crore,,,https://www.myneta.info/Bihar2025/candidate.php?candidate_id=1066,106,1066,General,1,done,done
236,248,Chun Chun Jha,41,BENIPUR,IND,12th From C.R.T. College Benipur Darbanga Bihar Year 2006,12th Pass,5,79000,79 Thou,,,https://www.myneta.info/Bihar2025/candidate.php?candidate_id=163,106,163,General,1,done,done
237,150,Avadhesh Kumar Jha,42,BENIPUR,IND,"BA From LNMU, Darbhanga Year 2013",Graduate,0,49654669,4 Crore,3 Crore,37246030.0,https://www.myneta.info/Bihar2025/candidate.php?candidate_id=504,106,504,General,1,done,done
238,701,Pramod Kumar Sahu,48,BENIPUR,Rashtriya Samajwadi Lok Adhikar Party,"12th from National Open School, Higher Secondary School",12th Pass,0,7975934,79 Lacs,,,https://www.myneta.info/Bihar2025/candidate.php?candidate_id=1068,106,1068,General,48,done,done
239,366,Imtiyaz Ahmad,29,BENIPUR,IND,10+2 From Sindhya College,12th Pass,0,4085786,40 Lacs,,,https://www.myneta.info/Bihar2025/candidate.php?candidate_id=501,106,501,General,1,done,done
240,200,Binay Kumar Choudhary,59,BENIPUR,JD(U),"Ph.D. (Education) Year 2012 From L.N.M. Darbhanga, Ph.D (Sociology), Year 1992 From  L.N.M. Darbhanga",Doctorate,0,26339213,2 Crore,2 Lacs,254232.0,https://www.myneta.info/Bihar2025/candidate.php?candidate_id=505,106,505,General,10,done,done
241,1107,Siya Lakhan Yadav,45,BENIPUR,Open peoples Party,10th Pass From Bihar School Education Board Patna Bihar,10th Pass,0,7131000,71 Lacs,10 Thou,10000.0,https://www.myneta.info/Bihar2025/candidate.php?candidate_id=500,106,500,General,49,done,done
242,703,Pramod Paswan,40,BENIPUR,BSP,Non Matric from Shri Shivji Sanskrit High School in 2018,8th Pass,0,1565000,15 Lacs,,0.0,https://www.myneta.info/Bihar2025/candidate.php?candidate_id=1070,106,1070,General,5,done,done
243,60,Amarjee Mishra,55,BENIPUR,IND,"MA (Acharya) from KSDMU Kameshwar Nagar, Darbhanga",Post Graduate,3,2928314,29 Lacs,,,https://www.myneta.info/Bihar2025/candidate.php?candidate_id=1067,106,1067,General,1,done,done
244,565,Mithilesh Kumar Choudhary,49,BENIPUR,INC,Graduate from Delhi University Delhi in 1997,Graduate,1,57900713,5 Crore,1 Lacs,143351.0,https://www.myneta.info/Bihar2025/candidate.php?candidate_id=1065,106,1065,General,31,done,done
245,266,Dhananjay,29,BHORE (SC),CPI(ML)(L),"Post Graduate 2018-2020, Jawahar Lal Nehru University, M.Phil, 2020-2022",Post Graduate,1,8247227,82 Lacs,,,https://www.myneta.info/Bihar2025/candidate.php?candidate_id=1073,244,1073,General,2,done,done
246,279,Dharmendra Kumar Ram,39,BHORE (SC),AAP,B.Tec (2007) Annamalai Chennai,Graduate Professional,0,4050000,40 Lacs,,,https://www.myneta.info/Bihar2025/candidate.php?candidate_id=1072,244,1072,General,15,done,done
247,1141,Sunil Kumar,65,BHORE (SC),JD(U),"M.A. (History) from St. Stephens College, Delhi University, Delhi  in 1984",Post Graduate,0,52873046,5 Crore,,,https://www.myneta.info/Bihar2025/candidate.php?candidate_id=108,244,108,General,10,done,done
248,722,Priti Kinar,41,BHORE (SC),Jan Suraaj Party,"8th Pass from Madhya Vidyalay Bagaha, Sonbarsa, (Sitamarthi)",8th Pass,0,11305750,1 Crore,21 Lacs,2100000.0,https://www.myneta.info/Bihar2025/candidate.php?candidate_id=46,244,46,General,4,done,done
249,1161,Surendra Kumar Ram,39,BHORE (SC),BSP,"Graduate from Din Dayal Upadhyay Gorakhpur University, D.L.Ed National Open School Education Institute",Graduate,0,2998282,29 Lacs,,,https://www.myneta.info/Bihar2025/candidate.php?candidate_id=1074,244,1074,General,5,done,done
250,157,Awadhesh Kumar,50,BIBHUTIPUR,BSP,Inter From V.R.V.K. College Samastipur In Year 1994,12th Pass,0,2120258,21 Lacs,9 Lacs,948530.0,https://www.myneta.info/Bihar2025/candidate.php?candidate_id=271,108,271,General,5,done,done
251,1281,Vishwanath Choudhary,69,BIBHUTIPUR,Jan Suraaj Party,Matric From Bihar School Education Board 1973,10th Pass,1,66897953,6 Crore,,,https://www.myneta.info/Bihar2025/candidate.php?candidate_id=507,108,507,General,4,done,done
252,832,Ram Lal Tanti,37,BIBHUTIPUR,IND,B.Sc. From L.N.M.U Darbhanga,Graduate,0,5565000,55 Lacs,25 Thou,25000.0,https://www.myneta.info/Bihar2025/candidate.php?candidate_id=1076,108,1076,General,1,done,done
253,1051,Shashi Bhushan Das,43,BIBHUTIPUR,IND,Higher Secondary From SMRCk College Samastipur,12th Pass,0,14260000,1 Crore,10 Lacs,1000000.0,https://www.myneta.info/Bihar2025/candidate.php?candidate_id=1080,108,1080,General,1,done,done
254,125,Arvind Kumar,37,BIBHUTIPUR,AAP,LL.B From B.R.A.B.U. Muz In  Year 2013,Graduate Professional,0,1050000,10 Lacs,1 Lacs,100000.0,https://www.myneta.info/Bihar2025/candidate.php?candidate_id=1081,108,1081,General,15,done,done
255,61,Amarjeet Kumar,36,BIBHUTIPUR,IND,"Graduate (Physics) Samastipur College, Samastipur, LNMU  Darbhanga In 2012",Graduate,1,5440000,54 Lacs,,,https://www.myneta.info/Bihar2025/candidate.php?candidate_id=47,108,47,General,1,done,done
256,905,Ravina Kushwaha,27,BIBHUTIPUR,JD(U),Literate,Literate,0,21150000,2 Crore,25 Lacs,2500000.0,https://www.myneta.info/Bihar2025/candidate.php?candidate_id=1079,108,1079,General,10,done,done
257,641,Neel Kamal,26,BIBHUTIPUR,Janshakti Janta Dal,"B.Sc. Honours, LL.B Student",Graduate,0,26500,26 Thou,,,https://www.myneta.info/Bihar2025/candidate.php?candidate_id=1075,108,1075,General,6,done,done
258,695,Prahlad,25,BIBHUTIPUR,IND,B.A. History (Honours) From G.K.P.D. College Samastipur Lalit Narayan Mithila University Year 2025,Graduate,0,11250000,1 Crore,,,https://www.myneta.info/Bihar2025/candidate.php?candidate_id=1082,108,1082,General,1,done,done
259,935,Rupanjali Kumari,36,BIBHUTIPUR,IND,Literate,Literate,0,24800000,2 Crore,,,https://www.myneta.info/Bihar2025/candidate.php?candidate_id=1078,108,1078,General,1,done,done
260,26,Ajay Kumar,55,BIBHUTIPUR,CPI(M),"Post Graduate From Samastipur College Year 1993, LL.B From B.S.G College TMN",Post Graduate,3,19898607,1 Crore,1 Lacs,186250.0,https://www.myneta.info/Bihar2025/candidate.php?candidate_id=269,108,269,General,50,done,done
261,417,Kanhaiya Kumar,37,BIBHUTIPUR,IND,Matric From Mahavir High School Ramchandrapur BSEB Patna Year 2000,10th Pass,2,7025000,70 Lacs,50 Thou,50000.0,https://www.myneta.info/Bihar2025/candidate.php?candidate_id=1077,108,1077,General,1,done,done
262,1177,Sushant Kumar,35,BIBHUTIPUR,IND,"I.Sc From Purvottar Railway College, Sonpur Saran Year 2008",12th Pass,0,3071000,30 Lacs,,,https://www.myneta.info/Bihar2025/candidate.php?candidate_id=506,108,506,General,1,done,done
263,639,Navin Kumar,47,BIBHUTIPUR,IND,"M.A (Economics) From IGNOU Year 2018, MA (Geography) Year 2013",Post Graduate,0,7400500,74 Lacs,29 Lacs,2900000.0,https://www.myneta.info/Bihar2025/candidate.php?candidate_id=270,108,270,General,1,done,done
264,423,Karn Kumar Mishra,42,BIHARIGANJ,IND,"I.A. From V.S.S. Chandrakant College, Udakishunganj",12th Pass,0,17308719,1 Crore,1 Lacs,163219.0,https://www.myneta.info/Bihar2025/candidate.php?candidate_id=48,45,48,General,1,done,done
265,586,Mohammad Sajam,35,BIHARIGANJ,IND,"B.A. From BNMU Madhepura, UVK College Karama In 2014",Graduate,0,1380000,13 Lacs,,,https://www.myneta.info/Bihar2025/candidate.php?candidate_id=1090,45,1090,General,1,done,done
266,673,Pankaj Kumar Jaiswal,51,BIHARIGANJ,SUCI(C),"Matric In 1988 From Shri Ram Janki Sant Kabir High School Tulsiya, Bihar School Examination Board, Patna",10th Pass,0,6718000,67 Lacs,,,https://www.myneta.info/Bihar2025/candidate.php?candidate_id=508,45,508,General,25,done,done
267,915,Renu Kumari,63,BIHARIGANJ,RJD,"Ph.D From Bhagalpur University, Bhagalpur, Bhagalpur University In 2006",Doctorate,2,55435496,5 Crore,18 Lacs,1893186.0,https://www.myneta.info/Bihar2025/candidate.php?candidate_id=1089,45,1089,General,11,done,done
268,734,Rabindra Kumar,44,BIHARIGANJ,BSP,"B.Sc From T.P. Collage Madhepura, B.N.S.U. Lalunagar Madhepura In 1994",Graduate,0,10749042,1 Crore,,,https://www.myneta.info/Bihar2025/candidate.php?candidate_id=1091,45,1091,General,5,done,done
269,648,Niranjan Kumar Mehta,64,BIHARIGANJ,JD(U),"Graduate From Mithila University, Kameshwar Nagar Darbhanga In 1990",Graduate,0,35703696,3 Crore,3 Lacs,396000.0,https://www.myneta.info/Bihar2025/candidate.php?candidate_id=509,45,509,General,10,done,done
270,72,Amlesh Roy,61,BIHARIGANJ,Jan Suraaj Party,"B.A.(Geography) From P.S. College Madhepura In 1986, L.N.M.U. Darbhanga",Graduate,0,5162000,51 Lacs,26 Lacs,2603000.0,https://www.myneta.info/Bihar2025/candidate.php?candidate_id=1088,45,1088,General,4,done,done
271,590,Mohit Kumar Alias Kundan Kumar,29,BIHARSHARIF,IND,"MBA from Magadh University, Nalanda College in 2018",Post Graduate,7,763100,7 Lacs,,,https://www.myneta.info/Bihar2025/candidate.php?candidate_id=165,242,165,General,1,done,done
272,1217,Valaram Das,53,BIHARSHARIF,BSP,"BA I from Ramlakhan Singh Yadav College, Bakhtiarpur, Magadh University Bodhgaya",12th Pass,0,1025000,10 Lacs,,,https://www.myneta.info/Bihar2025/candidate.php?candidate_id=1104,242,1104,General,5,done,done
273,1067,Shiv Kumar Yadav,48,BIHARSHARIF,CPI,LLB from Nawada University in 2019,Graduate Professional,3,168785000,16 Crore,,,https://www.myneta.info/Bihar2025/candidate.php?candidate_id=1101,242,1101,General,30,done,done
274,294,Dinesh Kumar,68,BIHARSHARIF,Jan Suraaj Party,Intermediate from Gurunanak Inter College Dehradun,12th Pass,0,88789162,8 Crore,10 Lacs,1045377.0,https://www.myneta.info/Bihar2025/candidate.php?candidate_id=272,242,272,General,4,done,done
275,1007,Sarswati Kumari,31,BIHARSHARIF,IND,Graduate in 2015,Graduate,0,712000,7 Lacs,,,https://www.myneta.info/Bihar2025/candidate.php?candidate_id=1105,242,1105,General,1,done,done
276,317,Dr. Sunil Kumar,68,BIHARSHARIF,BJP,"MBBS from Nalanda Medical College Patna, Magadh University Bodh Gaya in 1982",Graduate Professional,6,175357083,17 Crore,,,https://www.myneta.info/Bihar2025/candidate.php?candidate_id=118,242,118,General,0,done,done
277,666,Omair Khan,55,BIHARSHARIF,INC,M.A Degree. from A.M.U. Aligarh in 1992,Post Graduate,7,32538142,3 Crore,20 Lacs,2066192.0,https://www.myneta.info/Bihar2025/candidate.php?candidate_id=1092,242,1092,General,31,done,done
278,527,Manoj Kumar Tanti,53,BIHARSHARIF,IND,Matric pass 1987,10th Pass,1,14976000,1 Crore,26 Lacs,2600000.0,https://www.myneta.info/Bihar2025/candidate.php?candidate_id=511,242,511,General,1,done,done
279,524,Manoj Kumar,45,BIHARSHARIF,AAP,Inter Pass from B.S. College Danapur Bihar Examination Council in 1999,12th Pass,0,15000,15 Thou,,,https://www.myneta.info/Bihar2025/candidate.php?candidate_id=1098,242,1098,General,15,done,done
280,815,Rakesh Paswan,40,BIHARSHARIF,IND,"BA Hons. HIstory from Kisan College Sohsarai Nalanda, Magadh University in 2016",Graduate,0,45000,45 Thou,,,https://www.myneta.info/Bihar2025/candidate.php?candidate_id=1096,242,1096,General,1,done,done
281,534,Mantu Kumar,49,BIKRAM,Jan Suraaj Party,Intermediate ( Science) from R.P. College Datiyana Year 1991,12th Pass,0,50255000,5 Crore,15 Lacs,1500000.0,https://www.myneta.info/Bihar2025/candidate.php?candidate_id=1111,51,1111,General,4,done,done
282,1037,Shambhu Prasad Sharma,74,BIKRAM,Hindustan Vikas Dal,"MBBS (Magadh University) Bodhgaya 1975, Nalanda Medical College Patna",Graduate Professional,0,1571688,15 Lacs,,,https://www.myneta.info/Bihar2025/candidate.php?candidate_id=50,51,50,General,51,done,done
283,233,Chandan Sharma,37,BIKRAM,Jagrook Janta Party,9th Year 2002 from Bihar Board,8th Pass,2,451000,4 Lacs,1 Lacs,124256.0,https://www.myneta.info/Bihar2025/candidate.php?candidate_id=1108,51,1108,General,14,done,done
284,229,Chandan Kumar,26,BIKRAM,IND,B.A. from R.P.College Datiyana Year 2019,Graduate,0,22090102,2 Crore,,,https://www.myneta.info/Bihar2025/candidate.php?candidate_id=1107,51,1107,General,1,done,done
285,287,Dhurakheli Ravidas,55,BIKRAM,Indian National Socialistic Action Forces,"B.A. Pass from M.D. College, Naubatpur, In 1988",Graduate,0,1508599,15 Lacs,,,https://www.myneta.info/Bihar2025/candidate.php?candidate_id=1106,51,1106,General,52,done,done
286,792,Rajiv Kumar Singh,48,BIKRAM,IND,Literate,Literate,0,5751879,57 Lacs,,,https://www.myneta.info/Bihar2025/candidate.php?candidate_id=273,51,273,General,1,done,done
287,838,Ram Pravesh Yadav,49,BIKRAM,BSP,Matric from Vidyadhari High School Bharatpura Year 1981,10th Pass,0,54868806,5 Crore,22 Lacs,2270000.0,https://www.myneta.info/Bihar2025/candidate.php?candidate_id=512,51,512,General,5,done,done
288,36,Ajeet Kumar,41,BIKRAM,Janshakti Janta Dal,"Intermediate from S.S.G.S Kale Year 2023, Matric from Parvati High School Bikram Year 2004",12th Pass,1,31001919,3 Crore,50 Lacs,5050000.0,https://www.myneta.info/Bihar2025/candidate.php?candidate_id=1109,51,1109,General,6,done,done
289,94,Anil Kumar,61,BIKRAM,INC,"B.Sc. from G.J.College Rambagh Bihar, Magdh University Year 1984",Graduate,1,74174619,7 Crore,48 Lacs,4819517.0,https://www.myneta.info/Bihar2025/candidate.php?candidate_id=258,51,258,General,31,done,done
290,1100,Siddharth Saurav,44,BIKRAM,BJP,Intermediate Science College Patna University Patna Year 1999,12th Pass,8,437232421,43 Crore,,,https://www.myneta.info/Bihar2025/candidate.php?candidate_id=513,51,513,General,0,done,done
291,167,Baby Kumari,48,BOCHAHAN (SC),Lok Janshakti Party (Ram Vilas),"B.A. Part 2 from BRABU in 1995, Intermediate from MSKB, Muz., Matric from High School Chhawan in 1991",Graduate,1,19796507,1 Crore,1 Crore,12637479.0,https://www.myneta.info/Bihar2025/candidate.php?candidate_id=1113,163,1113,General,36,done,done
292,1201,Umesh Kumar Rajak,63,BOCHAHAN (SC),Jan Suraaj Party,"Post Graduate in 1993 from Lalit Narayan Mithila University, Darbhanga",Post Graduate,0,22369000,2 Crore,1 Crore,18000000.0,https://www.myneta.info/Bihar2025/candidate.php?candidate_id=1118,163,1118,General,4,done,done
293,52,Amar Kumar Paswan,36,BOCHAHAN (SC),RJD,MBA from Gandhi Institute of Technology in 2013,Post Graduate,1,150239565,15 Crore,1 Crore,14924070.0,https://www.myneta.info/Bihar2025/candidate.php?candidate_id=514,163,514,General,11,done,done
294,307,Dr. Abhay Kumar,47,BOCHAHAN (SC),AAP,"M.S. Ortho from PMCH Patna, MBBS from NMCH, B.Sc from NMU",Post Graduate,0,25127000,2 Crore,3 Lacs,385000.0,https://www.myneta.info/Bihar2025/candidate.php?candidate_id=1114,163,1114,General,15,done,done
295,745,Rahul Kumar,32,BOCHAHAN (SC),BSP,"Inter from K.R. Bose Smarak College, Muzaffarpur",12th Pass,0,796000,7 Lacs,7 Lacs,747000.0,https://www.myneta.info/Bihar2025/candidate.php?candidate_id=1119,163,1119,General,5,done,done
296,256,Deepmala Devi,38,BOCHAHAN (SC),IND,"9th from Mahila Shilp Kala Bhavan, Muzaffarpur",8th Pass,0,591000,5 Lacs,,,https://www.myneta.info/Bihar2025/candidate.php?candidate_id=1116,163,1116,General,1,done,done
297,789,Rajgeer Paswan,47,BOCHAHAN (SC),Bajjikanchal Vikas Party,9th Class from Private School,8th Pass,0,40000,40 Thou,,,https://www.myneta.info/Bihar2025/candidate.php?candidate_id=107,163,107,General,53,done,done
298,399,Jaymangal Ram,37,BOCHAHAN (SC),Rashtriya Jansambhavna Party,"Matric from Marwadi High School, Muzaffarpur in 1998",10th Pass,0,591000,5 Lacs,,,https://www.myneta.info/Bihar2025/candidate.php?candidate_id=169,163,169,General,8,done,done
299,1258,Vikrama Gond,62,BRAHAMPUR,Gondvana Gantantra Party,Literate,Literate,0,2033805,20 Lacs,,,https://www.myneta.info/Bihar2025/candidate.php?candidate_id=911,7,911,General,54,done,done
300,365,Hulas Pande,48,BRAHAMPUR,Lok Janshakti Party (Ram Vilas),"B.A (Hons) From B.S.S College, Bachari, Piro,Ara Veer Kunwar Singh University,Ara (Bihar) In The Year 2016",Graduate,2,208396580,20 Crore,28 Lacs,2813529.0,https://www.myneta.info/Bihar2025/candidate.php?candidate_id=915,7,915,General,36,done,done
301,1036,Shambhu Nath Yadav,61,BRAHAMPUR,RJD,Matric from Maharishi shyam Sundar das high school Chakki in 1987,10th Pass,2,126705019,12 Crore,66 Crore,666699868.0,https://www.myneta.info/Bihar2025/candidate.php?candidate_id=166,7,166,General,11,done,done
302,506,Manish Bhushan Ojha,45,BRAHAMPUR,IND,Intermediate in 1997 from Anugraha Narayan Singh College Patna,12th Pass,0,5020000,50 Lacs,6 Lacs,600000.0,https://www.myneta.info/Bihar2025/candidate.php?candidate_id=515,7,515,General,1,done,done
303,656,Nitish Kumar,29,BRAHAMPUR,IND,Graduate (Mining Engineer) from Vishweshraiya Technical University B.T.U. Belgaum 2017,Graduate,0,16873723,1 Crore,19 Lacs,1929359.0,https://www.myneta.info/Bihar2025/candidate.php?candidate_id=916,7,916,General,1,done,done
304,1143,Sunil Kumar Ray,41,BRAHAMPUR,Suheldev Bharatiya Samaj Party,Graduation from Veer Kunwar Singh University Aara in 2003,Graduate,0,2014800,20 Lacs,,,https://www.myneta.info/Bihar2025/candidate.php?candidate_id=912,7,912,General,55,done,done
305,1073,Shiv Shankar Das,55,BRAHAMPUR,IND,Matric pass from High school Arjunpur Bihar University Patna in 1994,10th Pass,2,1073000,10 Lacs,,,https://www.myneta.info/Bihar2025/candidate.php?candidate_id=913,7,913,General,1,done,done
306,493,Mahavir Yadav,40,BRAHAMPUR,BSP,"Diploma in Computer Application in 2006 Mumbai, Intermediate Science in 2003 from J.J. College Ara",Others,0,17595254,1 Crore,10 Lacs,1054000.0,https://www.myneta.info/Bihar2025/candidate.php?candidate_id=516,7,516,General,5,done,done
307,204,Binod Kumar Singh,39,BUXAR,Bhartiya Sarthak Party,Matric from Shiv Prasad High School Pulia Dist. Buxar in 2002,10th Pass,0,8940000,89 Lacs,17 Lacs,1700000.0,https://www.myneta.info/Bihar2025/candidate.php?candidate_id=521,117,521,General,56,done,done
308,521,Manoj Kumar,40,BUXAR,IND,"Inter from Veer Kunwar Singh University Bhojpur, Ara in 2004, Matric from Bihar School Examination Board Patna in 2001",12th Pass,0,5389500,53 Lacs,50 Thou,50000.0,https://www.myneta.info/Bihar2025/candidate.php?candidate_id=172,117,172,General,1,done,done
309,973,Sanjay Kumar Tiwari Alias Munna Tiwari,57,BUXAR,INC,Graduation from A.N. College Patna in 1987,Graduate,5,165930414,16 Crore,22 Lacs,2200000.0,https://www.myneta.info/Bihar2025/candidate.php?candidate_id=1272,117,1272,General,31,done,done
310,6,Abhimnyu Maury,44,BUXAR,BSP,"Matric from Village Panchayat High School, Dist. Buxar, Year-1994",10th Pass,2,5890000,58 Lacs,,,https://www.myneta.info/Bihar2025/candidate.php?candidate_id=171,117,171,General,5,done,done
311,273,Dharm Raj Singh,58,BUXAR,AAP,"Inter form Radha Krishna Gupta Adarsh School Dildarnagar, U.P. Board Allahabad in 1983",12th Pass,0,9053587,90 Lacs,4 Lacs,400000.0,https://www.myneta.info/Bihar2025/candidate.php?candidate_id=517,117,517,General,15,done,done
312,868,Rampravesh Singh,46,BUXAR,IND,"9th from G.M. High School Nagpur, Buxar in 1992",8th Pass,15,8676007,86 Lacs,15 Lacs,1517736.0,https://www.myneta.info/Bihar2025/candidate.php?candidate_id=522,117,522,General,1,done,done
313,86,Anand Mishra,44,BUXAR,BJP,"Post Graduation (Police Manager) from Osmania University Hyderabad, Telangana in 2022",Post Graduate,1,24901331,2 Crore,,,https://www.myneta.info/Bihar2025/candidate.php?candidate_id=1269,117,1269,General,0,done,done
314,660,Om Jee Kumar,44,BUXAR,IND,"Graduate - Psychology Year 2013, From Veer Kunwar Singh University Arrah Bhojpur",Graduate,0,16748731,1 Crore,5 Lacs,500000.0,https://www.myneta.info/Bihar2025/candidate.php?candidate_id=113,117,113,General,1,done,done
315,658,Nitu Kumari,26,BUXAR,IND,"10th from Buxar High School Buxar, Bihar School Examination Board in 2014",10th Pass,0,6499154,64 Lacs,1 Lacs,170000.0,https://www.myneta.info/Bihar2025/candidate.php?candidate_id=1266,117,1266,General,1,done,done
316,696,Pramila Devi,44,BUXAR,IND,Literate,Literate,0,8676007,86 Lacs,15 Lacs,1517736.0,https://www.myneta.info/Bihar2025/candidate.php?candidate_id=520,117,520,General,1,done,done
317,1187,Tathagat Harsh Vardhan,50,BUXAR,Jan Suraaj Party,LLM from National Law University Jodhpur (Rajasthan) in 2015,Post Graduate,0,135451096,13 Crore,31 Lacs,3166000.0,https://www.myneta.info/Bihar2025/candidate.php?candidate_id=524,117,524,General,4,done,done
318,674,Pankaj Kumar Pandey,30,BUXAR,Kisan Samaj Party (S),Post Graduation from Jannayak Chandra Shekhar University Baliya in 2023,Post Graduate,0,267911,2 Lacs,,,https://www.myneta.info/Bihar2025/candidate.php?candidate_id=1268,117,1268,General,57,done,done
319,1280,Vishwamitra Kahar,43,BUXAR,IND,Literate,Literate,0,71000,71 Thou,,,https://www.myneta.info/Bihar2025/candidate.php?candidate_id=1270,117,1270,General,1,done,done
320,1276,Visheshwar Chauhan,40,BUXAR,Rashtriya Jansambhavna Party,Matric from BSEB in 2003,10th Pass,0,226000,2 Lacs,,,https://www.myneta.info/Bihar2025/candidate.php?candidate_id=519,117,519,General,8,done,done
321,1109,Sohan Gond,56,BUXAR,Gondvana Gantantra Party,"5th Pass from Primary School, Ahirouli, Buxar in 1980",5th Pass,0,3303000,33 Lacs,,,https://www.myneta.info/Bihar2025/candidate.php?candidate_id=518,117,518,General,54,done,done
322,551,Md Sultan Hussen Idrishi,38,CHAPRA,IND,Graduate from Jai Prakash School Chapra in 2009,Graduate,1,2239437,22 Lacs,,,https://www.myneta.info/Bihar2025/candidate.php?candidate_id=527,78,527,General,1,done,done
323,389,Jai Prakash Singh,58,CHAPRA,Jan Suraaj Party,"Master Degree in Police Management (MDPM) from Osmania University, Hyderabad in 2002",Post Graduate,0,101651740,10 Crore,,,https://www.myneta.info/Bihar2025/candidate.php?candidate_id=526,78,526,General,4,done,done
324,1032,Shak Naushad,34,CHAPRA,Aazad Samaj Party (Kanshi Ram),Graduate from Maulana Mazharul Haque Arabic and Persian University in 2024,Graduate,0,2365039,23 Lacs,,,https://www.myneta.info/Bihar2025/candidate.php?candidate_id=1276,78,1276,General,29,done,done
325,247,Chhoti Kumari,35,CHAPRA,BJP,Intermediate from ML College Marar Dighra Parsa in 2009,12th Pass,0,14179344,1 Crore,,,https://www.myneta.info/Bihar2025/candidate.php?candidate_id=1277,78,1277,General,0,done,done
326,352,Gyani Kumar Sharma,38,CHAPRA,Bharatiya Ekta Dal,Post Graduate Economics from Jay Prakash University Chhapra in 2017,Post Graduate,3,25000,25 Thou,,,https://www.myneta.info/Bihar2025/candidate.php?candidate_id=1274,78,1274,General,19,done,done
327,1058,Shatrughan Yadav,39,CHAPRA,RJD,"Matric from Ramanand High School Yogiya, BSEB Patna in 2003",10th Pass,1,322034499,32 Crore,3 Crore,32879000.0,https://www.myneta.info/Bihar2025/candidate.php?candidate_id=1275,78,1275,General,11,done,done
328,668,Padma Mishra,42,CHAPRA,IND,Post Graduate Home Science from Magadh University Bodhgaya in 1998,Post Graduate,0,6889200,68 Lacs,2 Lacs,250000.0,https://www.myneta.info/Bihar2025/candidate.php?candidate_id=528,78,528,General,1,done,done
329,783,Rajesh Kushwaha,44,CHAPRA,Bhartiya Lok Chetna Party,Inter from SDS College Jabalpur in 1995,12th Pass,0,6749000,67 Lacs,4 Lacs,400000.0,https://www.myneta.info/Bihar2025/candidate.php?candidate_id=32,78,32,General,58,done,done
330,818,Rakhi Gupta,43,CHAPRA,IND,MBA From I.I.C.T. Lucknow Year 2012,Post Graduate,1,126019601,12 Crore,4 Crore,49129043.0,https://www.myneta.info/Bihar2025/candidate.php?candidate_id=167,78,167,General,1,done,done
331,870,Rana Yashwant Pratap Singh,34,CHAPRA,IND,"LLB from Law Faculty, University of Allahabad in 2013-16",Graduate Professional,5,3516344,35 Lacs,,,https://www.myneta.info/Bihar2025/candidate.php?candidate_id=1278,78,1278,General,1,done,done
332,599,Mritunjay Kumar,43,CHERIA - BARIARPUR,Jan Suraaj Party,MD(G.Med) from West Bangal University of Health Sciences in 2015,Post Graduate,0,54446625,5 Crore,30 Lacs,3000000.0,https://www.myneta.info/Bihar2025/candidate.php?candidate_id=529,34,529,General,4,done,done
333,1241,Vijay Tanti,50,CHERIA - BARIARPUR,IND,Literate,Literate,0,1021000,10 Lacs,,,https://www.myneta.info/Bihar2025/candidate.php?candidate_id=531,34,531,General,1,done,done
334,847,Ram Swarth Prasad,72,CHERIA - BARIARPUR,IND,Matric Pass From JPNS Narhan In 1969,10th Pass,0,5175000,51 Lacs,,,https://www.myneta.info/Bihar2025/candidate.php?candidate_id=1282,34,1282,General,1,done,done
335,1179,Sushil Kumar,52,CHERIA - BARIARPUR,RJD,LLB From Magadh University in 2008,Graduate Professional,1,157959131,15 Crore,16 Lacs,1655371.0,https://www.myneta.info/Bihar2025/candidate.php?candidate_id=1285,34,1285,General,11,done,done
336,808,Rakesh Kumar,31,CHERIA - BARIARPUR,Rashtriya Jan Vikas Party,Graduate Pass (English) From Mithila University Kameshwar Nagar Darbhanga Bihar in 2014,Graduate,0,13000000,1 Crore,2 Lacs,200000.0,https://www.myneta.info/Bihar2025/candidate.php?candidate_id=1286,34,1286,General,59,done,done
337,819,Ram Ashis Sharma,67,CHERIA - BARIARPUR,Jagrook Janta Party,Non Matric From Adarsh Hindi High School Toliganj in 1978,8th Pass,0,2452000,24 Lacs,,,https://www.myneta.info/Bihar2025/candidate.php?candidate_id=1281,34,1281,General,14,done,done
338,844,Ram Sakha Mahto,41,CHERIA - BARIARPUR,IND,Non Matric From Rajeshwari High School Cheria Bariarpur Begusarai,8th Pass,5,39521563,3 Crore,87 Thou,87500.0,https://www.myneta.info/Bihar2025/candidate.php?candidate_id=1283,34,1283,General,1,done,done
339,757,Raj Kumar,40,CHERIA - BARIARPUR,Bhagidari Party(P),Graduate Political Science From Delhi University Delhi in 2006,Graduate,0,7001125,70 Lacs,4 Lacs,450000.0,https://www.myneta.info/Bihar2025/candidate.php?candidate_id=1284,34,1284,General,32,done,done
340,10,Abhishek Anand,42,CHERIA - BARIARPUR,JD(U),Post Graduate Diploma From Bhartiya Sewa Sansthan Society In Lucknow Uttar Pradesh in 2012,Post Graduate,0,117583594,11 Crore,80 Lacs,8005510.0,https://www.myneta.info/Bihar2025/candidate.php?candidate_id=530,34,530,General,10,done,done
341,1152,Sunny Kumar Sharma,34,DANAPUR,Jagrook Janta Party,Master of Arts (Mass Communication and Journalism) from Nalanda Open University Year 2015,Post Graduate,0,153500,1 Lacs,,,https://www.myneta.info/Bihar2025/candidate.php?candidate_id=778,186,778,General,14,done,done
342,1030,Shailesh K.R Dhiraj,39,DANAPUR,IND,"I.Sc From B.S. College DNG, in Year 2003",12th Pass,7,165775901,16 Crore,20 Lacs,2000000.0,https://www.myneta.info/Bihar2025/candidate.php?candidate_id=52,186,52,General,1,done,done
343,827,Ram Kripal Yadav,64,DANAPUR,BJP,"Graduation From A.N. College, Patna, Magadh University Year 1978",Graduate,2,35144091,3 Crore,,,https://www.myneta.info/Bihar2025/candidate.php?candidate_id=534,186,534,General,0,done,done
344,922,Rit Lal Roy,53,DANAPUR,RJD,"I.A. (Inter 12th) Pass from Bihar Intermediate Council - Year 1991 , Jagat Narayan College Khagaul District Patna",12th Pass,11,134974659,13 Crore,,,https://www.myneta.info/Bihar2025/candidate.php?candidate_id=533,186,533,General,11,done,done
345,1219,Varsha,30,DANAPUR,IND,Master of Education (Spl Education) Delhi &amp; Bachelor of Education (Spl Education -MR) Course From  Lady Irwin College Delhi Year 2020,Post Graduate,0,60000,60 Thou,,,https://www.myneta.info/Bihar2025/candidate.php?candidate_id=775,186,775,General,1,done,done
346,681,Pawan Kumar,39,DANAPUR,IND,"Intermediate from Baldeva High School in Danapur, Year 2001",12th Pass,2,2698854,26 Lacs,7 Lacs,722038.0,https://www.myneta.info/Bihar2025/candidate.php?candidate_id=772,186,772,General,1,done,done
347,740,Raghuveer Mahto,72,DANAPUR,Rashtriya Jansambhavna Party,Non Matric,8th Pass,0,2226000,22 Lacs,,,https://www.myneta.info/Bihar2025/candidate.php?candidate_id=781,186,781,General,8,done,done
348,357,Harilal Ram,45,DARAULI (SC),BSP,"M.B.A. from Vivekanand University, Meeruth, Uttar Pradesh in 2018-19",Post Graduate,0,1900000,19 Lacs,15 Lacs,1500000.0,https://www.myneta.info/Bihar2025/candidate.php?candidate_id=173,229,173,General,5,done,done
349,693,Pradeep Manjhi,40,DARAULI (SC),IND,"8th from Rajkiya Kanya Madhya Vidyalay Bindusar Buzurg, Pachrukhi in 1997",8th Pass,0,1327244,13 Lacs,,,https://www.myneta.info/Bihar2025/candidate.php?candidate_id=1289,229,1289,General,1,done,done
350,1016,Satyadeo Ram,58,DARAULI (SC),CPI(ML)(L),"Matric from Shyam Lal Jain High School, Darauli",10th Pass,10,4802648,48 Lacs,,,https://www.myneta.info/Bihar2025/candidate.php?candidate_id=53,229,53,General,2,done,done
351,1277,Vishnu Deo Paswan,33,DARAULI (SC),Lok Janshakti Party (Ram Vilas),"Diploma (Civil Engineering) from Rajiv Gandhi Proudyogiki Vishwavidyalaya, Madhya pradesh in 2018",Others,0,3145494,31 Lacs,2 Lacs,280000.0,https://www.myneta.info/Bihar2025/candidate.php?candidate_id=908,229,908,General,36,done,done
352,333,Ganesh Ram,53,DARAULI (SC),Jan Suraaj Party,"M.A. from Patna University in 1996, LLB from Patna Law College 2003, B.A. from College of Arta Commerce Patna in 1992",Post Graduate,1,3529704,35 Lacs,4 Lacs,450000.0,https://www.myneta.info/Bihar2025/candidate.php?candidate_id=1293,229,1293,General,4,done,done
353,529,Manoj Ram,45,DARAULI (SC),Suheldev Bharatiya Samaj Party,9th Pass from V.D.V. High School Pachbeniya in 1994,8th Pass,1,12413000,1 Crore,,,https://www.myneta.info/Bihar2025/candidate.php?candidate_id=1291,229,1291,General,55,done,done
354,63,Amarnath Yadav,60,DARAUNDA,CPI(ML)(L),Literate,Literate,13,7246919,72 Lacs,,,https://www.myneta.info/Bihar2025/candidate.php?candidate_id=54,21,54,General,2,done,done
355,174,Balendra Kumar Ray,47,DARAUNDA,IND,"Matric from High School Bihar, Pachrukhi, Siwan, Bihar School Examination Board Patna  in 1973",10th Pass,0,754000,7 Lacs,,,https://www.myneta.info/Bihar2025/candidate.php?candidate_id=535,21,535,General,1,done,done
356,424,Karnjeet Singh Alias Vyas Singh,50,DARAUNDA,BJP,"Intermediate from Govt. Inter College, Allahabad, U.P. in 1991",12th Pass,5,94399093,9 Crore,50 Lacs,5088084.0,https://www.myneta.info/Bihar2025/candidate.php?candidate_id=662,21,662,General,0,done,done
357,1018,Satyandra Yadav,51,DARAUNDA,Jan Suraaj Party,Matric in 1990 from Bihar School Examination Board Patna,10th Pass,0,13260605,1 Crore,,,https://www.myneta.info/Bihar2025/candidate.php?candidate_id=537,21,537,General,4,done,done
358,218,Brij Bihari Ray,52,DARAUNDA,Suheldev Bharatiya Samaj Party,"Graduate From Baba Saheb Bhim Rao Ambedkar University, Muzaffarpur, Bihar, Ramjaipal College, Chhapra",Graduate,0,1680000,16 Lacs,17 Lacs,1740000.0,https://www.myneta.info/Bihar2025/candidate.php?candidate_id=1294,21,1294,General,55,done,done
359,346,Gudiya Devi,45,DARAUNDA,IND,Matric Pass from Practical High School Siktiya (BSEB Patna) in 1998,10th Pass,1,229674173,22 Crore,10 Lacs,1058000.0,https://www.myneta.info/Bihar2025/candidate.php?candidate_id=663,21,663,General,1,done,done
360,490,Madhusudan Singh,46,DARAUNDA,BSP,B.Tech. Mechanical Engineering from I.I.T. (I.S.M.) Dhanbad in 2008,Graduate Professional,1,2743000,27 Lacs,,,https://www.myneta.info/Bihar2025/candidate.php?candidate_id=1295,21,1295,General,5,done,done
361,575,Mohammad Amajad Khan,46,DARBHANGA,IND,"Bastaniya from Bihar Madrasa Education Board, Patna, Madrasa Hamidia, Kilaghat, Darbhanga in 2024",8th Pass,4,3363000,33 Lacs,2 Lacs,280297.0,https://www.myneta.info/Bihar2025/candidate.php?candidate_id=1305,104,1305,General,1,done,done
362,129,Ashish Ranjan,30,DARBHANGA,Aam Janta Pragati Party,"Under Graduate from Kameshwar Singh Darbhanga, Sanskrit College Darbhanga in 2016",12th Pass,0,670000,6 Lacs,,,https://www.myneta.info/Bihar2025/candidate.php?candidate_id=1299,104,1299,General,17,done,done
363,976,Sanjay Saraogi,55,DARBHANGA,BJP,Master of Business Administration from L.N. Mithala University in 1993,Post Graduate,3,74705000,7 Crore,88 Lacs,8885000.0,https://www.myneta.info/Bihar2025/candidate.php?candidate_id=174,104,174,General,0,done,done
364,14,Abhishek Kumar Jha,29,DARBHANGA,Mithilawadi party,"Post Graduation from C.M. College Darbhanga, L.N.M.U Darbhanga in 2020",Post Graduate,8,9981748,99 Lacs,,,https://www.myneta.info/Bihar2025/candidate.php?candidate_id=175,104,175,General,13,done,done
365,592,Mojahid Alam,47,DARBHANGA,SUCI(C),Inter from Kunwar Singh College in 1999,12th Pass,0,1000,1 Thou,,,https://www.myneta.info/Bihar2025/candidate.php?candidate_id=1304,104,1304,General,25,done,done
366,1211,Umesh Sahani,59,DARBHANGA,Vikassheel Insaan Party,"Post Graduate (Sociology) from L.M. Mithila University, Kameshwar Nagar, Darbhanga, Bihar",Post Graduate,0,180177640,18 Crore,19 Lacs,1913862.0,https://www.myneta.info/Bihar2025/candidate.php?candidate_id=1300,104,1300,General,9,done,done
367,545,Md Nafisul Haque,41,DARBHANGA,IND,"M.Ped From Nagpur Year 2015, Graduation from L.N.M.University in 2004",Post Graduate,0,1580728,15 Lacs,4 Lacs,495000.0,https://www.myneta.info/Bihar2025/candidate.php?candidate_id=538,104,538,General,1,done,done
368,1128,Sujeet Kumar Chaudhary,50,DARBHANGA,IND,B.Com (Hons.) form Chandradhari Mithala College in 1992-1995,Graduate,1,435200,4 Lacs,,,https://www.myneta.info/Bihar2025/candidate.php?candidate_id=1302,104,1302,General,1,done,done
369,550,Md Shaquib Najmi,30,DARBHANGA,Akhil Bharatiya Socialist Party,MBA from Magadh University in 2019,Post Graduate,0,30000,30 Thou,,,https://www.myneta.info/Bihar2025/candidate.php?candidate_id=1297,104,1297,General,60,done,done
370,812,Rakesh Kumar Mishra,64,DARBHANGA,Jan Suraaj Party,"B.Tech.-Civil from Indian Institute of Technology, Banaras Hindu University Varansi (IIT-BHU) in 1983, Indian Police (IPS) from Union Public Service Commission in 1986",Graduate Professional,1,91086817,9 Crore,4 Lacs,426000.0,https://www.myneta.info/Bihar2025/candidate.php?candidate_id=539,104,539,General,4,done,done
371,881,Ranjeet Kumar Ram,38,DARBHANGA,Wazib Adhikar Party,B.A. from Lalit Narayan Mithala University Darbhanga,Graduate,0,4091000,40 Lacs,,,https://www.myneta.info/Bihar2025/candidate.php?candidate_id=1303,104,1303,General,47,done,done
372,321,Durga Nanda Mahavir Nayak,52,DARBHANGA,BSP,"M.Sc. from L.N.M.University Darbhanga, LLB from L.N.M. University Darbhanga",Post Graduate,0,149567172,14 Crore,58 Lacs,5816000.0,https://www.myneta.info/Bihar2025/candidate.php?candidate_id=1298,104,1298,General,5,done,done
373,733,Pushpam Priya,38,DARBHANGA,The Plurals Party,"M.A. Development Studies IDS, Sussex 2016",Post Graduate,0,5253999,52 Lacs,14 Lacs,1453199.0,https://www.myneta.info/Bihar2025/candidate.php?candidate_id=1301,104,1301,General,20,done,done
374,543,Md Jalaluddin Sahil,45,DARBHANGA RURAL,All India Majlis-E-Ittehadul Muslimeen,"Moulvi from BSMEB Board Patna, Madrasa Islamia Amania Loam in 2010",12th Pass,3,5183000,51 Lacs,,,https://www.myneta.info/Bihar2025/candidate.php?candidate_id=1308,132,1308,General,61,done,done
375,1197,Uday Chandra Chaupal,34,DARBHANGA RURAL,IND,"BBA from L N Mishra College of Business Management Muzaffarpur, Baba Sahab Bhimrao Ambedkar Bihar University",Graduate Professional,0,9745000,97 Lacs,,,https://www.myneta.info/Bihar2025/candidate.php?candidate_id=177,132,177,General,1,done,done
376,387,Jai Kishun Sahni,30,DARBHANGA RURAL,IND,Literate,Literate,0,632000,6 Lacs,,,https://www.myneta.info/Bihar2025/candidate.php?candidate_id=1306,132,1306,General,1,done,done
377,777,Rajesh Kumar Mandal,44,DARBHANGA RURAL,JD(U),"Graduate (Art) from RB Jalan College, Darbhanga, Lalit Narayn Mithila University Darbhanga in 2014",Graduate,1,12915304,1 Crore,21 Lacs,2180000.0,https://www.myneta.info/Bihar2025/candidate.php?candidate_id=542,132,542,General,10,done,done
378,692,Pradeep Kumar Mishra,34,DARBHANGA RURAL,Aam Janta Pragati Party,Intermediate  from Dr. Nagendra Jha College Baghaut in 2012,12th Pass,0,210000,2 Lacs,,,https://www.myneta.info/Bihar2025/candidate.php?candidate_id=541,132,541,General,17,done,done
379,382,Jagat Narayan Nayak,73,DARBHANGA RURAL,BSP,"MBBS from Nalanda Medical College Patna, Magadh University in 1979",Graduate Professional,0,44381714,4 Crore,7 Crore,72000000.0,https://www.myneta.info/Bihar2025/candidate.php?candidate_id=540,132,540,General,5,done,done
380,846,Ram Sukamar Yadav,45,DARBHANGA RURAL,IND,"Intermediate  from JN College, Nehra, Lalit Narayan Mithila University Darbhanga t in 2011",12th Pass,1,4410000,44 Lacs,1 Lacs,150000.0,https://www.myneta.info/Bihar2025/candidate.php?candidate_id=1310,132,1310,General,1,done,done
381,581,Mohammad Kalam,39,DARBHANGA RURAL,Bharat Jan Jagran Dal,Post Graduate from Maulana Mazharul Haque Arabic and Persian University Patna in 2017,Post Graduate,3,3437500,34 Lacs,,,https://www.myneta.info/Bihar2025/candidate.php?candidate_id=543,132,543,General,62,done,done
382,1082,Shoaib Ahmed Khan,52,DARBHANGA RURAL,Jan Suraaj Party,"Ph.D. from Maryland State University, USA",Doctorate,0,72157757,7 Crore,1 Crore,10422000.0,https://www.myneta.info/Bihar2025/candidate.php?candidate_id=544,132,544,General,4,done,done
383,1096,Shyam Paswan,48,DARBHANGA RURAL,IND,Matric from Nehra High School,10th Pass,0,743000,7 Lacs,,,https://www.myneta.info/Bihar2025/candidate.php?candidate_id=1307,132,1307,General,1,done,done
384,474,Lalit Kumar Yadav,59,DARBHANGA RURAL,RJD,Master of Art (Sociology) from Lalit Narayan Mithila University Darbhanga in 1990,Post Graduate,1,182072171,18 Crore,4 Crore,41408364.0,https://www.myneta.info/Bihar2025/candidate.php?candidate_id=178,132,178,General,11,done,done
385,929,Roshan,27,DARBHANGA RURAL,Vikas Insaf Party,"12th from NIOS in 2020, 10th from Sport Sainik High School, Bahadurgarh, Haryana, HBSE in 2014",12th Pass,0,4171172,41 Lacs,,,https://www.myneta.info/Bihar2025/candidate.php?candidate_id=176,132,176,General,63,done,done
386,1,Abdul Quddus,52,DARBHANGA RURAL,IND,"Graduate (Art) from Mahatma Gandhi College Darbhanga, Lalit Narayan Mithila University, Darbhanga in 1994",Graduate,0,6800115,68 Lacs,,,https://www.myneta.info/Bihar2025/candidate.php?candidate_id=274,132,274,General,1,done,done
387,943,Sadhana Kumari,46,DIGHA,Jagrook Janta Party,Inter From Bihar Board in 1994,12th Pass,0,5476500,54 Lacs,,,https://www.myneta.info/Bihar2025/candidate.php?candidate_id=1313,80,1313,General,14,done,done
388,923,Ritesh Ranjan Singh,52,DIGHA,Jan Suraaj Party,"BA (Hons) Psychology from Meena Devi Evening College Gaya Magadh University, Bodh Gaya in 2015",Graduate,0,357853346,35 Crore,40 Lacs,4033603.0,https://www.myneta.info/Bihar2025/candidate.php?candidate_id=181,80,181,General,4,done,done
389,463,Kusumlata Verma,56,DIGHA,IND,"Post Graduation in 1992, LLB in 1995 From Magadh University",Post Graduate,0,23647350,2 Crore,,,https://www.myneta.info/Bihar2025/candidate.php?candidate_id=1311,80,1311,General,1,done,done
390,791,Rajiv Kumar Singh,54,DIGHA,Right to Recall Party,"Bachelor of Arts (History), Year 1993, Bokaro Steel City College, Bokaro",Graduate,0,60000,60 Thou,,,https://www.myneta.info/Bihar2025/candidate.php?candidate_id=1319,80,1319,General,38,done,done
391,918,Richa Sinha,41,DIGHA,Vocal India Party,M.Tech From NIT Jamshedpur in 2011,Post Graduate,0,6645400,66 Lacs,,,https://www.myneta.info/Bihar2025/candidate.php?candidate_id=1316,80,1316,General,64,done,done
392,687,Prabhakar Kumar Singh,61,DIGHA,BSP,"B.Sc From BS College, Magadh University in 1984",Graduate,0,146744426,14 Crore,61 Lacs,6128907.0,https://www.myneta.info/Bihar2025/candidate.php?candidate_id=182,80,182,General,5,done,done
393,302,Divya Gautam,33,DIGHA,CPI(ML)(L),"Master in Women Studies from Tata Institute of Social Sciences Hyderabad in Year 2016, Masters in Journalism and Mass Communication from Nalanda Open University Patna in year 2018",Post Graduate,1,9226869,92 Lacs,,,https://www.myneta.info/Bihar2025/candidate.php?candidate_id=180,80,180,General,2,done,done
394,376,Indu Devi,28,DIGHA,Bharatiya Momin Front,9th Pass,8th Pass,0,408683,4 Lacs,,,https://www.myneta.info/Bihar2025/candidate.php?candidate_id=26,80,26,General,18,done,done
395,708,Pranjal Singh,29,DIGHA,The Plurals Party,Master of Law in Criminal and Cyber Security Law From School of Law Raffles University in 2022,Post Graduate,0,440549,4 Lacs,,,https://www.myneta.info/Bihar2025/candidate.php?candidate_id=545,80,545,General,20,done,done
396,1089,Shwet Ranjan,31,DIGHA,IND,"BA LLB From School of Law, KIIT University, Bhubneshwar in 2018",Graduate Professional,1,75972,75 Thou,,,https://www.myneta.info/Bihar2025/candidate.php?candidate_id=1314,80,1314,General,1,done,done
397,986,Sanjiv Chaurasia,56,DIGHA,BJP,"Ph.D. From Ranchi University in 2006, MBA From Patna University in 1996, M.Com From Patna University in 1993",Doctorate,3,224828000,22 Crore,,,https://www.myneta.info/Bihar2025/candidate.php?candidate_id=179,80,179,General,0,done,done
398,39,Ajit Kumar Singh,39,DUMRAON,CPI(ML)(L),"Ph.D from Veer Kunwar Singh University Ara, LLB from Maharaja Law College, Ara",Doctorate,1,8605000,86 Lacs,,,https://www.myneta.info/Bihar2025/candidate.php?candidate_id=140,107,140,General,2,done,done
399,911,Ravishankar Ray,41,DUMRAON,IND,Literate,Literate,0,45342728,4 Crore,1 Thou,1400.0,https://www.myneta.info/Bihar2025/candidate.php?candidate_id=276,107,276,General,1,done,done
400,1075,Shivang Vijay Singh,35,DUMRAON,Jan Suraaj Party,B.A. (Hons) from I.H.S. Aurangabad Maharashtra in 2012,Graduate,0,48034681,4 Crore,,,https://www.myneta.info/Bihar2025/candidate.php?candidate_id=183,107,183,General,4,done,done
401,910,Ravishankar Prasad,45,DUMRAON,Bhagidari Party(P),M.Com from Veer Kunwar Singh University Ara in 2005,Post Graduate,0,8358326,83 Lacs,,,https://www.myneta.info/Bihar2025/candidate.php?candidate_id=546,107,546,General,32,done,done
402,298,Dinesh Singh,41,DUMRAON,Janshakti Janta Dal,"B.A. Hons from Maharaja College Ara, Veer Kunwar Singh University Ara in 2011",Graduate,5,10275000,1 Crore,,,https://www.myneta.info/Bihar2025/candidate.php?candidate_id=900,107,900,General,6,done,done
403,601,Mrityunjay Kumar Singh,44,DUMRAON,Rashtriya Lok Janshakti Party,"Graudate (Commercie) from Kidderpore College, Kolkata, Kolkata University in 2000",Graduate,0,17297000,1 Crore,,0.0,https://www.myneta.info/Bihar2025/candidate.php?candidate_id=1632,107,1632,General,12,done,done
404,1209,Umesh Ram,30,DUMRAON,Sanyukt Kisan Vikas Party,Literate,Literate,0,1420000,14 Lacs,,,https://www.myneta.info/Bihar2025/candidate.php?candidate_id=894,107,894,General,65,done,done
405,190,Bheem Kamkar,57,DUMRAON,IND,Literate,Literate,2,920106,9 Lacs,,,https://www.myneta.info/Bihar2025/candidate.php?candidate_id=547,107,547,General,1,done,done
406,250,Dadan Yadav,61,DUMRAON,BSP,Inter from D.K. College Dumraon in 1984,12th Pass,8,60807750,6 Crore,46 Crore,462650000.0,https://www.myneta.info/Bihar2025/candidate.php?candidate_id=897,107,897,General,5,done,done
407,1182,Sushil Kumar Sharma,39,DUMRAON,Jagrook Janta Party,10th from High School Mutar (Buxar) in 2003,10th Pass,0,1996000,19 Lacs,40 Thou,40000.0,https://www.myneta.info/Bihar2025/candidate.php?candidate_id=895,107,895,General,14,done,done
408,361,Hemlata,42,DUMRAON,IND,"12th from Govt. High School, Chandigarh",12th Pass,0,17780000,1 Crore,12 Lacs,1200000.0,https://www.myneta.info/Bihar2025/candidate.php?candidate_id=896,107,896,General,1,done,done
409,532,Mantosh Kumar Gond,46,DUMRAON,Gondvana Gantantra Party,"8th Pass from Adarsh High Primary School Chilhari, Dumraon, Dist. Buxar in 1995",8th Pass,0,2223048,22 Lacs,,,https://www.myneta.info/Bihar2025/candidate.php?candidate_id=893,107,893,General,54,done,done
410,748,Rahul Kumar Singh,38,DUMRAON,JD(U),LLB from CLC University of Delhi - 2008-2012,Graduate Professional,0,45383876,4 Crore,2 Crore,27710000.0,https://www.myneta.info/Bihar2025/candidate.php?candidate_id=901,107,901,General,10,done,done
411,697,Pramila Devi,44,DUMRAON,IND,Literate,Literate,0,8676007,86 Lacs,15 Lacs,1517736.0,https://www.myneta.info/Bihar2025/candidate.php?candidate_id=55,107,55,General,1,done,done
412,694,Pradip Kumar Sharan,62,DUMRAON,Suheldev Bharatiya Samaj Party,"ITI (Electric) from Industrial Training Institute, Ranchi in 1985",Others,0,10343000,1 Crore,,,https://www.myneta.info/Bihar2025/candidate.php?candidate_id=898,107,898,General,55,done,done
413,900,Ravi Prakash Sinha,40,DUMRAON,IND,"Post Graduate in 2004, Graduate (Hindi) from Allahabad University in 2001",Post Graduate,0,336000,3 Lacs,,,https://www.myneta.info/Bihar2025/candidate.php?candidate_id=899,107,899,General,1,done,done
414,530,Manoranjan Singh,66,EKMA,JD(U),"Non-Matric HEC, Higher Secondary School, Dhurwa, Ranchi (Jharkhand)1976",8th Pass,0,49612390,4 Crore,52 Lacs,5213330.0,https://www.myneta.info/Bihar2025/candidate.php?candidate_id=892,9,892,General,10,done,done
415,814,Rakesh Kumar Singh,47,EKMA,IND,Inter from Bihar Intermediate Education Board Patna,12th Pass,0,151000,1 Lacs,,,https://www.myneta.info/Bihar2025/candidate.php?candidate_id=1323,9,1323,General,1,done,done
416,1202,Umesh Kumar Rajbhar,35,EKMA,Suheldev Bharatiya Samaj Party,Literate,Literate,0,15000,15 Thou,,,https://www.myneta.info/Bihar2025/candidate.php?candidate_id=1321,9,1321,General,55,done,done
417,258,Deo Kumar Singh,67,EKMA,Jan Suraaj Party,Intermediate in 1972 from B.R. Ambedkar University Muzaffarpur Bihar,12th Pass,0,7550000,75 Lacs,,,https://www.myneta.info/Bihar2025/candidate.php?candidate_id=548,9,548,General,4,done,done
418,395,Jawahir Prasad,57,EKMA,Apna Kisan Party,Literate,Literate,0,165000,1 Lacs,,,https://www.myneta.info/Bihar2025/candidate.php?candidate_id=549,9,549,General,66,done,done
419,404,Jitendra Kumar Kannauj,35,EKMA,IND,"Post Graduate from Rajendra College Chapra JP University 2014, Graduate from Rajendra College Chapra JP University 2012",Post Graduate,1,5005000,50 Lacs,2 Lacs,200000.0,https://www.myneta.info/Bihar2025/candidate.php?candidate_id=1322,9,1322,General,1,done,done
420,5,Abhijeet Abhigyan,30,EKMA,IND,LLB (2016-19) LC-I Faculty of Law University of Delhi,Graduate Professional,0,10689100,1 Crore,2 Lacs,229554.0,https://www.myneta.info/Bihar2025/candidate.php?candidate_id=141,9,141,General,1,done,done
421,1046,Shankar Sharma,69,EKMA,IND,Matric 1992  High School Hindipith Deoghar,10th Pass,0,130000,1 Lacs,,,https://www.myneta.info/Bihar2025/candidate.php?candidate_id=142,9,142,General,1,done,done
422,465,Lakshman Manjhi,55,EKMA,BSP,Inter Nandlal Singh College Jaitpur Daudpur Saran in 1988,12th Pass,0,960000,9 Lacs,4 Lacs,400000.0,https://www.myneta.info/Bihar2025/candidate.php?candidate_id=1320,9,1320,General,5,done,done
423,1114,Srikant Yadav,55,EKMA,RJD,8th in 1986 from BNR Kolkata West Bengal,8th Pass,0,38161920,3 Crore,2 Crore,22508340.0,https://www.myneta.info/Bihar2025/candidate.php?candidate_id=1324,9,1324,General,11,done,done
424,410,Jiya Singh Lucy,34,FATUHA,Adarsh Jankalyan Dal,"MBA From HR MU Year 2019, B.Sc. Year 2017 MU",Post Graduate,0,1135590,11 Lacs,,,https://www.myneta.info/Bihar2025/candidate.php?candidate_id=552,193,552,General,67,done,done
425,220,Brijbhan Ram,53,FATUHA,IND,I.A. From Commercial College Rajendra Nagar Patna,12th Pass,0,1800000,18 Lacs,,,https://www.myneta.info/Bihar2025/candidate.php?candidate_id=553,193,553,General,1,done,done
426,981,Sanjeet Kumar,33,FATUHA,IND,BA Pass,Graduate,0,290000,2 Lacs,1 Lacs,100000.0,https://www.myneta.info/Bihar2025/candidate.php?candidate_id=551,193,551,General,1,done,done
427,784,Rajesh Paswan,38,FATUHA,Indian National Socialistic Action Forces,Inter Pass From M.V. College Hilsa Nalanda in 2005,12th Pass,0,1435255,14 Lacs,,,https://www.myneta.info/Bihar2025/candidate.php?candidate_id=888,193,888,General,52,done,done
428,871,Ranadhir Kumar,41,FATUHA,IND,Matric From Snskrit High School Bakhtiyarpur Year 2003,10th Pass,0,6725700,67 Lacs,64 Thou,64000.0,https://www.myneta.info/Bihar2025/candidate.php?candidate_id=891,193,891,General,1,done,done
429,1034,Shakti Paswan,39,FATUHA,IND,Graduate From Mahesh Singh Yadav College Gaya Year 2009 Magadh University,Graduate,4,465508,4 Lacs,,,https://www.myneta.info/Bihar2025/candidate.php?candidate_id=886,193,886,General,1,done,done
430,312,Dr. Ramanand Yadav,69,FATUHA,RJD,PH.D (Chemistry) From Magadh University Bodh Gaya Year 1991,Doctorate,2,149589179,14 Crore,,,https://www.myneta.info/Bihar2025/candidate.php?candidate_id=184,193,184,General,11,done,done
431,800,Raju Kumar,38,FATUHA,Jan Suraaj Party,"Intermediate Year 2006 From Jahanabad College, Jahanabad",12th Pass,4,61863000,6 Crore,52 Lacs,5240000.0,https://www.myneta.info/Bihar2025/candidate.php?candidate_id=550,193,550,General,4,done,done
432,864,Ramjatan Choudhary,65,FATUHA,IND,Graduate (Psychology) From Patna University Year 1985,Graduate,0,500000,5 Lacs,,,https://www.myneta.info/Bihar2025/candidate.php?candidate_id=889,193,889,General,1,done,done
433,201,Binay Singh,77,FATUHA,Kisan Sangharsh Samiti,I.A. From SMD College Patna,12th Pass,0,29020000,2 Crore,,,https://www.myneta.info/Bihar2025/candidate.php?candidate_id=890,193,890,General,68,done,done
434,934,Rupa Kumari,29,FATUHA,Lok Janshakti Party (Ram Vilas),Literate,Literate,0,166254811,16 Crore,,,https://www.myneta.info/Bihar2025/candidate.php?candidate_id=885,193,885,General,36,done,done
435,1068,Shiv Nandan Tiwari,34,FATUHA,Ambedkar National Congress,"B.A., LL.B From RPS College Patna MU Bihar",Graduate Professional,0,351698,3 Lacs,,,https://www.myneta.info/Bihar2025/candidate.php?candidate_id=1326,193,1326,General,69,done,done
436,459,Kunal Kumar,37,GAIGHAT,Jan Sahmati Party,B.Com from Dr. Jagannath Mishra College BRABU Muzaffarpur in 2011,Graduate,1,1234000,12 Lacs,1 Crore,12107178.0,https://www.myneta.info/Bihar2025/candidate.php?candidate_id=121,181,121,General,70,done,done
437,1206,Umesh Prasad Singh,63,GAIGHAT,Janshakti Janta Dal,Matric in 1983 from High School Pironcha Bihar Education Board Patna,10th Pass,3,11496854,1 Crore,,,https://www.myneta.info/Bihar2025/candidate.php?candidate_id=1330,181,1330,General,6,done,done
438,381,Ishrat Perween,52,GAIGHAT,BSP,Graduate from Bihar University Muzaffarpur,Graduate,0,1800000,18 Lacs,,,https://www.myneta.info/Bihar2025/candidate.php?candidate_id=278,181,278,General,5,done,done
439,1118,Subodh Kumar Singh,61,GAIGHAT,IND,Graduate (B.Com Hons) from Bihar University in 1991,Graduate,0,7988000,79 Lacs,,,https://www.myneta.info/Bihar2025/candidate.php?candidate_id=1328,181,1328,General,1,done,done
440,136,Ashok Kumar Singh,57,GAIGHAT,Jan Suraaj Party,MA (Pol. Sc.) B.U. Muzaffarpur in 1986,Post Graduate,2,9176000,91 Lacs,5 Lacs,590000.0,https://www.myneta.info/Bihar2025/candidate.php?candidate_id=554,181,554,General,4,done,done
441,440,Komal Singh,30,GAIGHAT,JD(U),MBA from Symbiosis Institute of International Business Pune 2017,Post Graduate,0,296536535,29 Crore,15 Crore,154964942.0,https://www.myneta.info/Bihar2025/candidate.php?candidate_id=277,181,277,General,10,done,done
442,569,Mithilesh Manjhi,41,GAIGHAT,IND,B.A. from JBSD College Patna 2016,Graduate,0,600000,6 Lacs,,,https://www.myneta.info/Bihar2025/candidate.php?candidate_id=1329,181,1329,General,1,done,done
443,650,Niranjan Roy,53,GAIGHAT,RJD,Graduate from Samastipur College Samastipur L.N. Mithila University Darbhanga in 1989,Graduate,4,29745126,2 Crore,73 Lacs,7365331.0,https://www.myneta.info/Bihar2025/candidate.php?candidate_id=884,181,884,General,11,done,done
444,1103,Simant Mrinal,34,GARKHA (SC),Lok Janshakti Party (Ram Vilas),"Inter from Sanjay Gandhi Inter College, Nagara in 2008",12th Pass,1,11841512,1 Crore,,,https://www.myneta.info/Bihar2025/candidate.php?candidate_id=1337,64,1337,General,36,done,done
445,1166,Surendra Ram,45,GARKHA (SC),RJD,"B.A. from Hindi Vidhyapith, Deoghar, Jharkhand in 2020",Graduate,3,19674491,1 Crore,5 Lacs,507303.0,https://www.myneta.info/Bihar2025/candidate.php?candidate_id=145,64,145,General,11,done,done
446,518,Manohar Kumar Ram,34,GARKHA (SC),Jan Suraaj Party,"Graduation from Devraha Baba Degree College, Kadna Rampur, Saran, Jai Prakash University Chapra in 2012",Graduate,2,3950162,39 Lacs,1 Lacs,173000.0,https://www.myneta.info/Bihar2025/candidate.php?candidate_id=555,64,555,General,4,done,done
447,795,Rajkumar,53,GARKHA (SC),IND,Post Graduation from Gaya College in 1998,Post Graduate,0,16433000,1 Crore,1 Lacs,100000.0,https://www.myneta.info/Bihar2025/candidate.php?candidate_id=558,64,558,General,1,done,done
448,621,Nagendra Ram,47,GARKHA (SC),Republican Party of India (A),"Matric from Bihar School Examination Board, Patna in 1994",10th Pass,0,769000,7 Lacs,,,https://www.myneta.info/Bihar2025/candidate.php?candidate_id=556,64,556,General,71,done,done
449,942,Sadan Kumar,43,GARKHA (SC),AAP,B.Tec. from B.I.T. Sindari in 2008,Graduate Professional,0,5684000,56 Lacs,,,https://www.myneta.info/Bihar2025/candidate.php?candidate_id=1334,64,1334,General,15,done,done
450,937,Sabita Devi,38,GARKHA (SC),IND,Inter from Bihar School Examination Board in 2006,12th Pass,0,4055000,40 Lacs,,,https://www.myneta.info/Bihar2025/candidate.php?candidate_id=1336,64,1336,General,1,done,done
451,739,Raghunandan Manjhi,82,GARKHA (SC),IND,"M.A. from C.M. College, Darbhanga, Bihar University Mujaffarpur",Post Graduate,0,36382999,3 Crore,,,https://www.myneta.info/Bihar2025/candidate.php?candidate_id=1339,64,1339,General,1,done,done
452,613,Muneshwar Chaudhary,70,GARKHA (SC),IND,"Law Gaduation from Ganga Singh College Chhapra, BU Muzaffarpur in 1986",Graduate Professional,1,24895052,2 Crore,25 Lacs,2500000.0,https://www.myneta.info/Bihar2025/candidate.php?candidate_id=1338,64,1338,General,1,done,done
453,153,Avinash Kumar,31,GARKHA (SC),BSP,"Bachelor of Electro Homopath Medical Surgery from Board of Electro Homocopathic Medicine, Patna Bihar 2019",Graduate Professional,0,485000,4 Lacs,,,https://www.myneta.info/Bihar2025/candidate.php?candidate_id=146,64,146,General,5,done,done
454,642,Neeraj Ram,40,GARKHA (SC),IND,M.A. (Political Science) from Monad University in 2021,Post Graduate,0,819000,8 Lacs,,,https://www.myneta.info/Bihar2025/candidate.php?candidate_id=557,64,557,General,1,done,done
455,1227,Vigan Manjhi,53,GARKHA (SC),Rashtriya Lok Janshakti Party,"12th in 1990, 10th from High School Mitthi Sahabuddin in 1987, ITI",12th Pass,1,3998100,39 Lacs,60 Thou,60000.0,https://www.myneta.info/Bihar2025/candidate.php?candidate_id=1332,64,1332,General,12,done,done
456,623,Nand Kishor Manjhi,41,GARKHA (SC),IND,Matric from Bihar Sanskrit Education Board in 2016,10th Pass,0,4709680,47 Lacs,,,https://www.myneta.info/Bihar2025/candidate.php?candidate_id=1333,64,1333,General,1,done,done
457,168,Bache Lal Jha,55,GAURA BAURAM,IND,"M.A., LLB From L.N.M. University",Post Graduate,0,2710000,27 Lacs,,,https://www.myneta.info/Bihar2025/candidate.php?candidate_id=57,85,57,General,1,done,done
458,1003,Saroj Chaudhary,48,GAURA BAURAM,Mithilanchal Mukti Morcha,Matric (Bihar School Education Board Patna) in 1985 Onkar High School Supaul Bazar Birol Darbhanga,10th Pass,0,5018000,50 Lacs,,,https://www.myneta.info/Bihar2025/candidate.php?candidate_id=12,85,12,General,72,done,done
459,45,Akhtar Shahansha,31,GAURA BAURAM,All India Majlis-E-Ittehadul Muslimeen,Non Matric,8th Pass,7,8043000,80 Lacs,14 Lacs,1440000.0,https://www.myneta.info/Bihar2025/candidate.php?candidate_id=880,85,880,General,61,done,done
460,305,Dr Md Iftekhar Alam,48,GAURA BAURAM,Jan Suraaj Party,M.A. from L.N.M.U. Darbhanga,Post Graduate,0,4980000,49 Lacs,14 Lacs,1425000.0,https://www.myneta.info/Bihar2025/candidate.php?candidate_id=560,85,560,General,4,done,done
461,1000,Santosh Sahani,39,GAURA BAURAM,Vikassheel Insaan Party,Non Matric,8th Pass,0,41559098,4 Crore,,,https://www.myneta.info/Bihar2025/candidate.php?candidate_id=881,85,881,General,9,done,done
462,1130,Sujit Kumar,54,GAURA BAURAM,BJP,"M.Phil from Jawaharlal Nehru University, New Delhi in 1997",Post Graduate,0,109131055,10 Crore,40 Lacs,4096250.0,https://www.myneta.info/Bihar2025/candidate.php?candidate_id=185,85,185,General,0,done,done
463,20,Afzal Ali Khan,38,GAURA BAURAM,RJD,MBA from School of Advance Management Studies Punjab Technical University in 2009-2011,Post Graduate,3,14483919,1 Crore,,,https://www.myneta.info/Bihar2025/candidate.php?candidate_id=882,85,882,General,11,done,done
464,1110,Soni Devi,42,GAURA BAURAM,Rashtriya Janwadi Party (Socialist),Literate,Literate,0,2414000,24 Lacs,,,https://www.myneta.info/Bihar2025/candidate.php?candidate_id=186,85,186,General,73,done,done
465,675,Pankaj Kumar Sahu,28,GAURA BAURAM,IND,12th Pass,12th Pass,0,4045000,40 Lacs,,,https://www.myneta.info/Bihar2025/candidate.php?candidate_id=878,85,878,General,1,done,done
466,441,Krishan Kumar,34,GAURA BAURAM,IND,"P.G.P. CA CE Knowledge Education, Odisha in 2023",Post Graduate,0,8670000,86 Lacs,,,https://www.myneta.info/Bihar2025/candidate.php?candidate_id=879,85,879,General,1,done,done
467,1098,Shyam Sundar Choudhary,27,GAURA BAURAM,IND,Graduate (Commerce) from L.N.M.U. Darbhanga,Graduate,0,80888808,8 Crore,6 Crore,63616881.0,https://www.myneta.info/Bihar2025/candidate.php?candidate_id=559,85,559,General,1,done,done
468,624,Nand Kishor Sharma,58,GAURA BAURAM,IND,Non Matric,8th Pass,2,15700000,1 Crore,,,https://www.myneta.info/Bihar2025/candidate.php?candidate_id=877,85,877,General,1,done,done
469,219,Brij Kishor Gupta,52,GOPALGANJ,AAP,BAMS from NEHM New Delhi,Graduate Professional,0,1550500,15 Lacs,,,https://www.myneta.info/Bihar2025/candidate.php?candidate_id=872,109,872,General,15,done,done
470,106,Anup Kumar Shrivastava,63,GOPALGANJ,IND,BA From Jamshedpur Collage Ranchi in 1982,Graduate,2,17290000,1 Crore,1 Lacs,195000.0,https://www.myneta.info/Bihar2025/candidate.php?candidate_id=871,109,871,General,1,done,done
471,91,Anash Salam,26,GOPALGANJ,All India Majlis-E-Ittehadul Muslimeen,12th Passed from Urdu Collage Gopalganj in 2015,12th Pass,3,157425000,15 Crore,80 Thou,80000.0,https://www.myneta.info/Bihar2025/candidate.php?candidate_id=279,109,279,General,61,done,done
472,1117,Subhash Singh,49,GOPALGANJ,BJP,Intermediate Arts from Urdu Collage Gopalganj University Year 1993,12th Pass,2,152669833,15 Crore,1 Crore,16831152.0,https://www.myneta.info/Bihar2025/candidate.php?candidate_id=869,109,869,General,0,done,done
473,556,Md. Hayatullah,51,GOPALGANJ,Bhartiya Insan Party,Quran Hafiz From Bhitni Madarsa Year 1992,10th Pass,0,499747,4 Lacs,,,https://www.myneta.info/Bihar2025/candidate.php?candidate_id=873,109,873,General,74,done,done
474,945,Sahana Khatoon,27,GOPALGANJ,Samata Party,Intermediate of Arts from BSEB Patna in 2016,12th Pass,0,240520,2 Lacs,,,https://www.myneta.info/Bihar2025/candidate.php?candidate_id=111,109,111,General,43,done,done
475,368,Indira Yadav,56,GOPALGANJ,BSP,M.A. From B.N. Mandal University,Post Graduate,0,47479076,4 Crore,51 Lacs,5141439.0,https://www.myneta.info/Bihar2025/candidate.php?candidate_id=876,109,876,General,5,done,done
476,663,Om Prakash Garg,39,GOPALGANJ,INC,"LL.B from Bihar Institute of Law, Magadh University in 2019",Graduate Professional,5,103426642,10 Crore,2 Crore,20252620.0,https://www.myneta.info/Bihar2025/candidate.php?candidate_id=874,109,874,General,31,done,done
477,852,Ramayan Singh,66,GORIAKOTHI,All India Forward Bloc,Literate,Literate,0,16090000,1 Crore,6 Lacs,600000.0,https://www.myneta.info/Bihar2025/candidate.php?candidate_id=18,198,18,General,44,done,done
478,286,Dhruvnath Singh,63,GORIAKOTHI,Rashtriya Jansambhavna Party,"Post Graduate from N.O.U, Patna",Post Graduate,1,2295300,22 Lacs,2 Lacs,260000.0,https://www.myneta.info/Bihar2025/candidate.php?candidate_id=1342,198,1342,General,8,done,done
479,263,Devesh Kant Singh,57,GORIAKOTHI,BJP,"B.A. Patna College (Patna University) 1988, Intermediate from Patna College Patna University 1985",Graduate,0,34821824,3 Crore,47 Lacs,4784866.0,https://www.myneta.info/Bihar2025/candidate.php?candidate_id=866,198,866,General,0,done,done
480,323,Ejaz Ahmad Siddique,48,GORIAKOTHI,Jan Suraaj Party,"Matric Year 1992 from Bihar School Examination Board Patna, High school Basantpur",10th Pass,2,19072569,1 Crore,1 Crore,12500000.0,https://www.myneta.info/Bihar2025/candidate.php?candidate_id=562,198,562,General,4,done,done
481,1194,Tribhuwan Ram,52,GORIAKOTHI,Peoples Party of India (Democratic),"Graduate From Vidhyapith Deoghar 2008, Inter college bhagwanpur in 1995",Graduate,1,609000,6 Lacs,,,https://www.myneta.info/Bihar2025/candidate.php?candidate_id=130,198,130,General,27,done,done
482,107,Anwarul Haque,45,GORIAKOTHI,RJD,Graduation from Monad University Hapur UP,Graduate,3,166332141,16 Crore,,,https://www.myneta.info/Bihar2025/candidate.php?candidate_id=864,198,864,General,11,done,done
483,1199,Umashankar Tiwari,50,GORIAKOTHI,Bhartiya Lok Chetna Party,"10th from Paltoo High School, Gopalpur Year 1990",10th Pass,0,515500,5 Lacs,,,https://www.myneta.info/Bihar2025/candidate.php?candidate_id=867,198,867,General,58,done,done
484,292,Dilip Manjhi,25,GORIAKOTHI,Janshakti Vikas Party (Democratic),Graduation from IGNOU Year 2021-23,Graduate,0,2050000,20 Lacs,50 Thou,50000.0,https://www.myneta.info/Bihar2025/candidate.php?candidate_id=865,198,865,General,75,done,done
485,895,Ravi Bhushan Gupta,37,GORIAKOTHI,AAP,B.A. (H) from J.P.U. Chapra Bihar Year 2013,Graduate,0,2278653,22 Lacs,,,https://www.myneta.info/Bihar2025/candidate.php?candidate_id=1343,198,1343,General,15,done,done
486,140,Ashok Kumar Varma,56,GORIAKOTHI,IND,LLB From DAV College Siwan Magadh University Gaya in Year 1996,Graduate Professional,0,3560000,35 Lacs,30 Lacs,3003470.0,https://www.myneta.info/Bihar2025/candidate.php?candidate_id=131,198,131,General,1,done,done
487,339,Ghanshyam Kumar Daha,65,HAJIPUR,Rashtriya Lok Janshakti Party,Inter - Bihar Intermediate Shiksha Parishad Patna 1978,12th Pass,0,5311360,53 Lacs,5 Lacs,500000.0,https://www.myneta.info/Bihar2025/candidate.php?candidate_id=862,243,862,General,12,done,done
488,761,Raj Kumar Singh,53,HAJIPUR,Bhartiya Lok Chetna Party,"Intermediate – Jadu Ramcharit Mahavidyalaya, Nayaganj, Vaishali",12th Pass,0,3771000,37 Lacs,,,https://www.myneta.info/Bihar2025/candidate.php?candidate_id=573,243,573,General,58,done,done
489,257,Deo Kumar Chaurasia,69,HAJIPUR,RJD,"Intermediate – R.N. College, Hajipur, Year – 1976, Bihar University, Muzaffarpur,  Graduate – R.N. College, Hajipur, Years – 1977–1979, Bihar University, Muzaffarpur",Graduate,0,685448465,68 Crore,2 Crore,29795448.0,https://www.myneta.info/Bihar2025/candidate.php?candidate_id=574,243,574,General,11,done,done
490,758,Raj Kumar Paswan,38,HAJIPUR,AAP,"Mechanical Engineering Technical Education Council, Delhi 2008, 12th from BIEC, Patna in 2004",Others,0,45000,45 Thou,,,https://www.myneta.info/Bihar2025/candidate.php?candidate_id=859,243,859,General,15,done,done
491,1147,Sunil Roy,45,HAJIPUR,IND,"Metric Paas Hindi Sahitya Sammelan Prayagraj, First Class in 2000",10th Pass,0,1601000,16 Lacs,,,https://www.myneta.info/Bihar2025/candidate.php?candidate_id=858,243,858,General,1,done,done
492,283,Dheeraj Kumar Roy,35,HAJIPUR,Yuva Devlop Party,"BA from SNS College Hajipur, BRABU Muzaffarpu in 2012",Graduate,0,5279511,52 Lacs,75 Thou,75000.0,https://www.myneta.info/Bihar2025/candidate.php?candidate_id=569,243,569,General,76,done,done
493,370,Indradeo Roy,62,HAJIPUR,SUCI(C),"Post Graduate in History, BRA Bihar University Muzaffarpur in 1991,",Post Graduate,0,1611907,16 Lacs,2 Lacs,211000.0,https://www.myneta.info/Bihar2025/candidate.php?candidate_id=566,243,566,General,25,done,done
494,712,Pratibha Sinha,49,HAJIPUR,Jan Suraaj Party,M.A. and LLB from Bihar University Muzaffarpur,Post Graduate,1,33175000,3 Crore,74 Lacs,7451000.0,https://www.myneta.info/Bihar2025/candidate.php?candidate_id=863,243,863,General,4,done,done
495,160,Awadhesh Singh,55,HAJIPUR,BJP,"12th from RB Singh College, Bihar Intermediate Council, Patna 1990",12th Pass,0,61155984,6 Crore,55 Lacs,5509902.33,https://www.myneta.info/Bihar2025/candidate.php?candidate_id=565,243,565,General,0,done,done
496,860,Ramesh Kumar Singh,35,HAJIPUR,IND,B.A. In History From B.R.A.B.U. in 2012 and LLB from MU in 2017,Graduate Professional,0,1376548,13 Lacs,,,https://www.myneta.info/Bihar2025/candidate.php?candidate_id=568,243,568,General,1,done,done
497,12,Abhishek Kumar,69,HAJIPUR,BSP,"B.A. (Honours) in Economics from RN College Hajipur, Bihar University Muzaffarpur in 2007",Graduate,0,38615942,3 Crore,1 Lacs,140000.0,https://www.myneta.info/Bihar2025/candidate.php?candidate_id=1345,243,1345,General,5,done,done
498,653,Nishant Gandhi,49,HAJIPUR,IND,"Graduate in 1994 from RN Collage Hajipur, B.Sc from Bihar University Muzaffarpur",Graduate,3,2273000,22 Lacs,,,https://www.myneta.info/Bihar2025/candidate.php?candidate_id=572,243,572,General,1,done,done
499,111,Arun Kumar,45,HARNAUT,INC,Bachelor of Laws From Magdh University In 2003,Graduate Professional,0,3605000,36 Lacs,,,https://www.myneta.info/Bihar2025/candidate.php?candidate_id=1346,47,1346,General,31,done,done
500,686,Pintu Paswan,27,HARNAUT,IND,Literate,Literate,0,30000,30 Thou,,,https://www.myneta.info/Bihar2025/candidate.php?candidate_id=1348,47,1348,General,1,done,done
501,717,Prem Ranjan Kumar,29,HARNAUT,Jantantrik Lokhit Party,Graduate (Maths) From Magadh University Bodh Gaya,Graduate,0,4038608,40 Lacs,6 Lacs,600000.0,https://www.myneta.info/Bihar2025/candidate.php?candidate_id=575,47,575,General,77,done,done
502,99,Anirudh Kumar,27,HARNAUT,IND,LLB (Hon.) From Magadh University Bodh Gaya 2024,Graduate Professional,0,247000,2 Lacs,,,https://www.myneta.info/Bihar2025/candidate.php?candidate_id=187,47,187,General,1,done,done
503,375,Indrasen Priyadarshi,44,HARNAUT,Rashtriya Sanatan Party,"LLB From N.U.M., M.U.B.G. In 2025",Graduate Professional,0,6124654,61 Lacs,4 Lacs,400000.0,https://www.myneta.info/Bihar2025/candidate.php?candidate_id=1350,47,1350,General,40,done,done
504,419,Kanhaiya Lal Yadav,31,HARNAUT,Bhartiya Party (Loktantrik),"P.G.(History) From R.L.S.Y. College Bakhtiyarpur, Pattiutra University In 2024, LLB From Pattiutra University",Post Graduate,0,2586488,25 Lacs,12 Lacs,1272998.0,https://www.myneta.info/Bihar2025/candidate.php?candidate_id=577,47,577,General,78,done,done
505,268,Dhananjay Kumar,47,HARNAUT,Vikas Vanchit Insan Party,"Gradudate From Magadh Homoeopathic Medical College, Nalanda, Sharif,  Bhimrao Ambedkar University In 2023",Graduate,0,510000,5 Lacs,,,https://www.myneta.info/Bihar2025/candidate.php?candidate_id=1349,47,1349,General,79,done,done
506,415,Kamlesh Paswan,57,HARNAUT,Jan Suraaj Party,"B.A. From Ram Lakhan Singh Yadav College, Bakhtiyarpur 1987",Graduate,0,45440120,4 Crore,,,https://www.myneta.info/Bihar2025/candidate.php?candidate_id=188,47,188,General,4,done,done
507,1261,Vinay Bhushan Kumar,48,HARNAUT,IND,"Ph.D From Patna University In 2015, Post graduation in 2001 College of Commerce Patna Magadh University Bodh Gaya",Doctorate,0,5424000,54 Lacs,28 Lacs,2800000.0,https://www.myneta.info/Bihar2025/candidate.php?candidate_id=578,47,578,General,1,done,done
508,356,Hari Narayan Singh,78,HARNAUT,JD(U),"Gradaute from Nalanda Collage Biharsharif, Nalanda, Magadh University, Bodhgya In 1965",Graduate,0,60844989,6 Crore,96 Thou,96250.0,https://www.myneta.info/Bihar2025/candidate.php?candidate_id=59,47,59,General,10,done,done
509,276,Dharmendra Kumar,49,HARNAUT,AAP,"Post Graduate From College of Commerce Patna, M.U. Bodh Gaya In 2012, Graduation from M.M. College Magadh University Bodhgaya in 2010",Post Graduate,1,6352060,63 Lacs,1 Lacs,105000.0,https://www.myneta.info/Bihar2025/candidate.php?candidate_id=576,47,576,General,15,done,done
510,1183,Swetank Anand,27,HASANPUR,IND,M.Sc. Agriculture CSJNU Kanpur 2021,Post Graduate,0,5042000,50 Lacs,7 Lacs,727000.0,https://www.myneta.info/Bihar2025/candidate.php?candidate_id=1360,247,1360,General,1,done,done
511,759,Raj Kumar Ray,53,HASANPUR,JD(U),Under Graduate in 1992,12th Pass,0,39509964,3 Crore,50 Lacs,5000000.0,https://www.myneta.info/Bihar2025/candidate.php?candidate_id=854,247,854,General,10,done,done
512,196,Bibha Devi,46,HASANPUR,BSP,Intermediate From  R Lal Inter College Khagadia,12th Pass,2,85860842,8 Crore,5 Crore,59842921.0,https://www.myneta.info/Bihar2025/candidate.php?candidate_id=1358,247,1358,General,5,done,done
513,528,Manoj Mukhiya,34,HASANPUR,IND,7th Pass from Secondary School Bidhan 2012,5th Pass,0,55000,55 Thou,,,https://www.myneta.info/Bihar2025/candidate.php?candidate_id=850,247,850,General,1,done,done
514,145,Ashwini Kumar,37,HASANPUR,The Plurals Party,MMBS from Russia,Graduate Professional,0,40105499,4 Crore,,,https://www.myneta.info/Bihar2025/candidate.php?candidate_id=579,247,579,General,20,done,done
515,367,Imtiyaz Alam Ramzan Ali Shaikh,43,HASANPUR,Socialist Party (India),Literate,Literate,0,2725000,27 Lacs,,,https://www.myneta.info/Bihar2025/candidate.php?candidate_id=848,247,848,General,21,done,done
516,377,Indu Devi,41,HASANPUR,Jan Suraaj Party,Higher Secondary Examination Open School and Kaushal Education Board Year 2023,12th Pass,0,65671000,6 Crore,51 Lacs,5152014.0,https://www.myneta.info/Bihar2025/candidate.php?candidate_id=189,247,189,General,4,done,done
517,502,Mala Pushpam,51,HASANPUR,RJD,Graduate from Gorakhpur University UP 1986,Graduate,0,11594507,1 Crore,,,https://www.myneta.info/Bihar2025/candidate.php?candidate_id=852,247,852,General,11,done,done
518,329,Fulo Sahni,45,HASANPUR,IND,Literate,Literate,0,2774793,27 Lacs,,,https://www.myneta.info/Bihar2025/candidate.php?candidate_id=1362,247,1362,General,1,done,done
519,515,Manmohan Kumar,32,HASANPUR,AAP,Graduate from Lalit Narayan Mithila University Darbhanga in 2018,Graduate,1,600000,6 Lacs,,,https://www.myneta.info/Bihar2025/candidate.php?candidate_id=1361,247,1361,General,15,done,done
520,236,Chandra Mohan Kumar,42,HASANPUR,Jagrook Janta Party,B.A  From U.R. College Rosarda 2005,Graduate,1,2753249,27 Lacs,4 Lacs,456261.0,https://www.myneta.info/Bihar2025/candidate.php?candidate_id=60,247,60,General,14,done,done
521,1158,Surendra Gupta,45,HATHUA,IND,M.A. Hindi from Madan Mohan Malviya Post Graduate College Bhatpar Rani Devariya UP 2008,Post Graduate,0,1968432,19 Lacs,8 Lacs,850000.0,https://www.myneta.info/Bihar2025/candidate.php?candidate_id=581,170,581,General,1,done,done
522,635,Nauraj Sah,42,HATHUA,IND,Literate,Literate,0,545000,5 Lacs,,,https://www.myneta.info/Bihar2025/candidate.php?candidate_id=580,170,580,General,1,done,done
523,782,Rajesh Kumar Singh,52,HATHUA,RJD,Inter from Jitendra Smarak Inter College Narayanpur Kothi Deoria In 1988,12th Pass,4,17541069,1 Crore,36 Thou,36250.0,https://www.myneta.info/Bihar2025/candidate.php?candidate_id=191,170,191,General,11,done,done
524,374,Indrajit Gupt Jyotishkar,37,HATHUA,AAP,Postgraduate (Journalism) 2010-12 Nalanda Open University Patna,Post Graduate,0,2160000,21 Lacs,,,https://www.myneta.info/Bihar2025/candidate.php?candidate_id=1366,170,1366,General,15,done,done
525,972,Sanjay Kumar Suman,45,HATHUA,Jan Suraaj Party,Ph.D./BHU Varanasi 2010,Doctorate,0,3930370,39 Lacs,32 Lacs,3285000.0,https://www.myneta.info/Bihar2025/candidate.php?candidate_id=1367,170,1367,General,4,done,done
526,869,Ramsewak Singh,53,HATHUA,JD(U),"I.Sc from Gopeshwar College, Hathua Bihar, Bihar Univeristy Muzafarpur In 1982",12th Pass,0,25750015,2 Crore,46 Lacs,4663173.0,https://www.myneta.info/Bihar2025/candidate.php?candidate_id=190,170,190,General,10,done,done
527,1026,Shabanm Khatun,40,HATHUA,BSP,Literate,Literate,0,560000,5 Lacs,,,https://www.myneta.info/Bihar2025/candidate.php?candidate_id=1364,170,1364,General,5,done,done
528,1167,Surendra Ram,57,HATHUA,Bhartiya Rashtriya Dal,Literate,Literate,2,7614000,76 Lacs,50 Thou,50000.0,https://www.myneta.info/Bihar2025/candidate.php?candidate_id=280,170,280,General,80,done,done
529,413,Kalindra Kumar Ray,42,HATHUA,Rashtriya Sab Janshakti Party,"Diploma from Manav Bharti University Solan, H.P. in 2012, Intermediate from C.B.I. College, Siwan in 2000",12th Pass,1,25051000,2 Crore,,,https://www.myneta.info/Bihar2025/candidate.php?candidate_id=28,170,28,General,81,done,done
530,467,Lakshmi Das,47,HAYAGHAT,IND,"8th Pass from Bithauli High School, Bahedi, Darbhanga in 1996",8th Pass,0,2265200,22 Lacs,9 Lacs,900000.0,https://www.myneta.info/Bihar2025/candidate.php?candidate_id=845,58,845,General,1,done,done
531,630,Naresh Kumar Nawal,57,HAYAGHAT,IND,"M.A. (History) form Dr. Bhim Rao Ambedkar University, Agra 1999",Post Graduate,0,5277321,52 Lacs,,,https://www.myneta.info/Bihar2025/candidate.php?candidate_id=843,58,843,General,1,done,done
532,380,Irshad Ali,40,HAYAGHAT,Desh Janhit Party,Dini Taalim,10th Pass,0,1997000,19 Lacs,4 Lacs,400000.0,https://www.myneta.info/Bihar2025/candidate.php?candidate_id=846,58,846,General,82,done,done
533,359,Harsha Narayan Pandit,45,HAYAGHAT,Bhagidari Party(P),10th from Joyti High School Hayaghat Darbhanga,10th Pass,0,330000,3 Lacs,,,https://www.myneta.info/Bihar2025/candidate.php?candidate_id=847,58,847,General,32,done,done
534,728,Probhendra Jha,25,HAYAGHAT,IND,Post Graduation from Commerce from M.U. Darbhanga in 2021-2023,Post Graduate,0,5560000,55 Lacs,,,https://www.myneta.info/Bihar2025/candidate.php?candidate_id=282,58,282,General,1,done,done
535,1092,Shyam Bharti,53,HAYAGHAT,CPI(M),"Intermediate from Sant Kabir College, Samastipur, Bihar, L.N.M.University, Darbhanga, Bihar in 1991",12th Pass,16,5903696,59 Lacs,3 Lacs,336291.0,https://www.myneta.info/Bihar2025/candidate.php?candidate_id=1374,58,1374,General,50,done,done
536,711,Pratibha Singh,58,HAYAGHAT,Jan Suraaj Party,LLB from Guru Nanak Mahila Law College in 1997,Graduate Professional,1,211253768,21 Crore,56 Lacs,5605000.0,https://www.myneta.info/Bihar2025/candidate.php?candidate_id=582,58,582,General,4,done,done
537,385,Jagnnath Singh,64,HAYAGHAT,Janshakti Janta Dal,LLB From C.M. Vigyan College Darbhanga in 1994,Graduate Professional,0,69976600,6 Crore,8 Lacs,864763.0,https://www.myneta.info/Bihar2025/candidate.php?candidate_id=1369,58,1369,General,6,done,done
538,622,Nageshwar Das,49,HAYAGHAT,BSP,"Matric from Sanskrit Education Board, ITI from Darbhanga",10th Pass,2,4571000,45 Lacs,,,https://www.myneta.info/Bihar2025/candidate.php?candidate_id=281,58,281,General,5,done,done
539,582,Mohammad Mahtab Alam,45,HAYAGHAT,IND,M.C.A. from Punjab Technical University,Post Graduate,0,13499312,1 Crore,3 Lacs,350000.0,https://www.myneta.info/Bihar2025/candidate.php?candidate_id=1368,58,1368,General,1,done,done
540,1216,Usha Akela,38,HAYAGHAT,IND,Up-Shashtri,12th Pass,0,292800,2 Lacs,45 Lacs,4500000.0,https://www.myneta.info/Bihar2025/candidate.php?candidate_id=61,58,61,General,1,done,done
541,908,Ravindra Nath Singh,43,HAYAGHAT,AAP,Non Matric,8th Pass,0,18973735,1 Crore,,,https://www.myneta.info/Bihar2025/candidate.php?candidate_id=1370,58,1370,General,15,done,done
542,822,Ram Chandra Prasad,58,HAYAGHAT,BJP,Ph.D. from L.N.M.U. Darbhanga in 2014,Doctorate,2,32653306,3 Crore,,,https://www.myneta.info/Bihar2025/candidate.php?candidate_id=1373,58,1373,General,0,done,done
543,1204,Umesh Kumar Verma,53,HILSA,Jan Suraaj Party,Intermediate From Sardar Patel College Hilas,12th Pass,0,23439000,2 Crore,3 Lacs,369000.0,https://www.myneta.info/Bihar2025/candidate.php?candidate_id=1380,88,1380,General,4,done,done
544,1088,Shukesh Kumar,28,HILSA,IND,"Magadh Univrsity, College, K.S.T. College, Sohsurai In 2016",Graduate,0,220000,2 Lacs,,,https://www.myneta.info/Bihar2025/candidate.php?candidate_id=1381,88,1381,General,1,done,done
545,452,Kumar Niraj,50,HILSA,Rashtriya Lok Janshakti Party,Intermedia Science Year 1990 Form College of Commerce,12th Pass,0,20031500,2 Crore,,,https://www.myneta.info/Bihar2025/candidate.php?candidate_id=1378,88,1378,General,12,done,done
546,148,Atri Muni Alias Shakti Singh Yadav,52,HILSA,RJD,"Intermediate From N.J.S. College, Bakhtiarpur, Patna In 1992",12th Pass,5,62548536,6 Crore,15 Lacs,1500000.0,https://www.myneta.info/Bihar2025/candidate.php?candidate_id=585,88,585,General,11,done,done
547,447,Krishna Murari Sharan,74,HILSA,JD(U),"Pre-Science In 1970 From College of Commerce, Patna Magadh University, Bodh Gaya, B.Sc Part-1 From S.U. College, Hilsa, Magadh University Bodh Gaya",12th Pass,0,44918532,4 Crore,,,https://www.myneta.info/Bihar2025/candidate.php?candidate_id=584,88,584,General,10,done,done
548,715,Prem Kumar,44,HILSA,Rashtriya Jansambhavna Party,Metric From BSEB In 1995 2nd Division,10th Pass,0,246000,2 Lacs,,,https://www.myneta.info/Bihar2025/candidate.php?candidate_id=1379,88,1379,General,8,done,done
549,1220,Vavuchand Chaudhari,58,HILSA,Indian National Socialistic Action Forces,B.A. (Hons.) Graduate from Magadh University in 1992,Graduate,0,8104299,81 Lacs,,,https://www.myneta.info/Bihar2025/candidate.php?candidate_id=62,88,62,General,52,done,done
550,1125,Sudhir Kumar,43,HILSA,Sanyukt Kisan Vikas Party,Matric Bihar School Education Board Patna High School Shivnagar,10th Pass,0,26000,26 Thou,,,https://www.myneta.info/Bihar2025/candidate.php?candidate_id=9,88,9,General,65,done,done
551,939,Sachidanand Singh,64,HILSA,IND,"Metric In 1978 From Ram Babu High School Hilsa,  Bihar School Examination Board, Patna",10th Pass,0,2492300,24 Lacs,,,https://www.myneta.info/Bihar2025/candidate.php?candidate_id=1377,88,1377,General,1,done,done
552,57,Amar Singh,39,HILSA,The Plurals Party,"MBA From Omega Institute of Management and Technology, New Delhi 2009, B.Com From Dr Bhimrao Ambedkar University, Agra In 2006",Post Graduate,0,12566096,1 Crore,11 Lacs,1150178.0,https://www.myneta.info/Bihar2025/candidate.php?candidate_id=1383,88,1383,General,20,done,done
553,933,Ruhail Ranjan,44,ISLAMPUR,JD(U),"Master of Business Administration From San Jose University, California, U.S.A., Year-2008 &amp; Bachelor of Engineering (Computer Science) From B.I.T. Mesra, Ranchi, Year-2002",Post Graduate,0,125659309,12 Crore,5 Crore,53273531.0,https://www.myneta.info/Bihar2025/candidate.php?candidate_id=588,22,588,General,10,done,done
554,813,Rakesh Kumar Raushan,55,ISLAMPUR,RJD,"M.A. From A.N. College, Patna, M.U. Bodhgaya, Year-1995 &amp; LLB From Bihar Institute of Law M.U. Bodhgaya, Year-1996",Post Graduate,1,42987084,4 Crore,23 Lacs,2305062.0,https://www.myneta.info/Bihar2025/candidate.php?candidate_id=1389,22,1389,General,11,done,done
555,1186,Tanuja Kumari,46,ISLAMPUR,Jan Suraaj Party,"Graduate From Degree College, Islampur, Year-2010",Graduate,8,205022600,20 Crore,54 Lacs,5429000.0,https://www.myneta.info/Bihar2025/candidate.php?candidate_id=586,22,586,General,4,done,done
556,451,Kumar Hari Charan Singh Yadav,55,ISLAMPUR,Bharatiya Momin Front,"10th Pass From Sanskrit School, Islampur, Nalanda",10th Pass,0,3170000,31 Lacs,,,https://www.myneta.info/Bihar2025/candidate.php?candidate_id=587,22,587,General,18,done,done
557,1106,Sitaram Singh,63,ISLAMPUR,IND,Literate,Literate,0,704600,7 Lacs,,,https://www.myneta.info/Bihar2025/candidate.php?candidate_id=193,22,193,General,1,done,done
558,1127,Sugouli Prasad,60,ISLAMPUR,Peoples Party of India (Democratic),7th Pass,5th Pass,0,154123,1 Lacs,,,https://www.myneta.info/Bihar2025/candidate.php?candidate_id=1385,22,1385,General,27,done,done
559,299,Dinkar Kumar,37,ISLAMPUR,Rashtriya Samajwadi Lok Adhikar Party,"10th Pass From Vaidik Sahitya Sanskrit High School, Attasarai, Islampur",10th Pass,0,745000,7 Lacs,,,https://www.myneta.info/Bihar2025/candidate.php?candidate_id=1386,22,1386,General,48,done,done
560,519,Manoj Jamadar,40,ISLAMPUR,IND,"10th Fail From S.S. Academy Ekangarsarai, Bihar School Examination Council",8th Pass,2,9098000,90 Lacs,,,https://www.myneta.info/Bihar2025/candidate.php?candidate_id=1384,22,1384,General,1,done,done
561,34,Ajay Kumar Sinha,39,ISLAMPUR,IND,"Intermediate From Graduation College, Islampur",12th Pass,0,15455186,1 Crore,40 Lacs,4015000.0,https://www.myneta.info/Bihar2025/candidate.php?candidate_id=192,22,192,General,1,done,done
562,879,Ranjeet Kumar,48,ISLAMPUR,IND,"Matric From High School, Badanpura, Nalanda, Bihar, year-1995",10th Pass,2,2681000,26 Lacs,,,https://www.myneta.info/Bihar2025/candidate.php?candidate_id=1391,22,1391,General,1,done,done
563,208,Bipin Mistri,53,ISLAMPUR,BSP,"Matric From High School Morgaon, Dist. Jahanabad",10th Pass,0,2312000,23 Lacs,7 Lacs,790000.0,https://www.myneta.info/Bihar2025/candidate.php?candidate_id=1390,22,1390,General,5,done,done
564,1252,Vikash Kumar Gaurab,39,ISLAMPUR,Lohiya Janta Dal,"Graduate From Lal Singh Tyagi Gramin College, Aungaridham, Magadh University, Year-2014",Graduate,0,6100000,61 Lacs,,,https://www.myneta.info/Bihar2025/candidate.php?candidate_id=1387,22,1387,General,83,done,done
565,571,Mitu Kumari,34,ISLAMPUR,IND,"B.Com. From B.V. University, Dhanbad",Graduate,1,5510000,55 Lacs,1 Thou,1000.0,https://www.myneta.info/Bihar2025/candidate.php?candidate_id=1388,22,1388,General,1,done,done
566,643,Neeraj Roy,32,JAGDISHPUR,Janshakti Janta Dal,Matric DAV Danapur in 2007,10th Pass,1,3027834,30 Lacs,31 Lacs,3100000.0,https://www.myneta.info/Bihar2025/candidate.php?candidate_id=840,97,840,General,6,done,done
567,73,Amradeep Kumar Jai,36,JAGDISHPUR,IND,Post Graduate from HD Jain College Arrah 2012,Post Graduate,0,3482500,34 Lacs,,,https://www.myneta.info/Bihar2025/candidate.php?candidate_id=1395,97,1395,General,1,done,done
568,438,Kishore Kunal,31,JAGDISHPUR,RJD,"Intermediate, DAV Public School Koderma 2011",12th Pass,0,16436000,1 Crore,4 Crore,47000000.0,https://www.myneta.info/Bihar2025/candidate.php?candidate_id=589,97,589,General,11,done,done
569,1240,Vijay Singh,49,JAGDISHPUR,Jan Suraaj Party,Matric from Viswanath high School Dalippur BSET Patna,10th Pass,2,3750000,37 Lacs,,,https://www.myneta.info/Bihar2025/candidate.php?candidate_id=1396,97,1396,General,4,done,done
570,615,Munga Lal Ram,61,JAGDISHPUR,IND,Non-Matric,8th Pass,0,3826000,38 Lacs,,,https://www.myneta.info/Bihar2025/candidate.php?candidate_id=283,97,283,General,1,done,done
571,1272,Virendra Kumar Singh,30,JAGDISHPUR,Bhojpuria Jan Morcha,B.Sc.  Veer Kunwar Singh University 2015,Graduate,0,1020000,10 Lacs,30 Thou,30000.0,https://www.myneta.info/Bihar2025/candidate.php?candidate_id=195,97,195,General,23,done,done
572,364,Hiralal Singh,77,JAGDISHPUR,IND,Non-Matric,8th Pass,0,17640872,1 Crore,,,https://www.myneta.info/Bihar2025/candidate.php?candidate_id=194,97,194,General,1,done,done
573,958,Sanjay Kumar Chaturvedi,59,JAGDISHPUR,BSP,"Matric, Bihar Vidyalaya Pariksha Samiti, Patna",10th Pass,0,21500000,2 Crore,,,https://www.myneta.info/Bihar2025/candidate.php?candidate_id=63,97,63,General,5,done,done
574,1113,Sribhagwan Singh Kushwaha,61,JAGDISHPUR,JD(U),"10th Pass  Rajkiykrit Yadav School High School, Molabagh Arrah Bhojpur Bihar Education Board 1980-81",10th Pass,1,47231961,4 Crore,2 Crore,24604905.0,https://www.myneta.info/Bihar2025/candidate.php?candidate_id=841,97,841,General,10,done,done
575,769,Rajeev Ranjan,39,JAGDISHPUR,IND,Non Matric,8th Pass,0,637229354,63 Crore,32 Lacs,3248445.0,https://www.myneta.info/Bihar2025/candidate.php?candidate_id=1398,97,1398,General,1,done,done
576,401,Jibesh Kumar,52,JALE,BJP,"Ph.D. (Political Science) Deptt. of Pol..Sc, from LNMU, Darbhanga Year 2022, M.A. in 2017",Doctorate,6,67251278,6 Crore,82 Lacs,8265370.0,https://www.myneta.info/Bihar2025/candidate.php?candidate_id=835,174,835,General,0,done,done
577,612,Mumtaz Ali,32,JALE,Jan Mithila Vikas Party,"Graduation ( Engineering) Electronics and Telecommunication Engineering, IETE New Delhi Year 2014 (DEC)",Graduate Professional,0,582233,5 Lacs,,,https://www.myneta.info/Bihar2025/candidate.php?candidate_id=594,174,594,General,84,done,done
578,326,Faishal Rahman,30,JALE,All India Majlis-E-Ittehadul Muslimeen,Nil,Illiterate,0,2373050,23 Lacs,,,https://www.myneta.info/Bihar2025/candidate.php?candidate_id=1402,174,1402,General,61,done,done
579,535,Maskoor Ahmad Usmani,30,JALE,IND,"B.D.S. Dr. Dr. Ziauddin Ahmed Dental College, Aligarh University Year 2020",Graduate Professional,6,105526,1 Lacs,,,https://www.myneta.info/Bihar2025/candidate.php?candidate_id=1400,174,1400,General,1,done,done
580,927,Rohit Kumar,29,JALE,BSP,"Matric Pass,from Bihar NIOS",10th Pass,0,210000,2 Lacs,,,https://www.myneta.info/Bihar2025/candidate.php?candidate_id=1399,174,1399,General,5,done,done
581,1184,Syed Md Mahtab,31,JALE,The Plurals Party,8th Pass,8th Pass,2,90015,90 Thou,,,https://www.myneta.info/Bihar2025/candidate.php?candidate_id=591,174,591,General,20,done,done
582,585,Mohammad Piyare,48,JALE,IND,Molvi - Mohammed Ali Road Mumbai,10th Pass,0,4117000,41 Lacs,10 Lacs,1000000.0,https://www.myneta.info/Bihar2025/candidate.php?candidate_id=592,174,592,General,1,done,done
583,921,Rishi Mishra,50,JALE,INC,"Graduation from Bachelor of Commerce , Delhi University, New Delhi Year 1997",Graduate Professional,1,57512386,5 Crore,2 Lacs,200000.0,https://www.myneta.info/Bihar2025/candidate.php?candidate_id=833,174,833,General,31,done,done
584,1077,Shivdeep W Lande,49,JAMALPUR,IND,B.E. Electrical Engineering From SSGMCE Shegaon Amrawati University Maharashtra Year 1998,Graduate Professional,0,204077527,20 Crore,2 Crore,27000000.0,https://www.myneta.info/Bihar2025/candidate.php?candidate_id=596,131,596,General,1,done,done
585,470,Lalan Jee,68,JAMALPUR,Jan Suraaj Party,B.A. (Hons) From Patna University Year 1978,Graduate,2,26412526,2 Crore,5 Lacs,500000.0,https://www.myneta.info/Bihar2025/candidate.php?candidate_id=1413,131,1413,General,4,done,done
586,776,Rajesh Kumar Jha,31,JAMALPUR,IND,Post Graduate From IGNOU Year 2020,Post Graduate,0,7784557,77 Lacs,,,https://www.myneta.info/Bihar2025/candidate.php?candidate_id=1409,131,1409,General,1,done,done
587,1031,Shailesh Kumar,62,JAMALPUR,IND,"MA From R.D &amp; D.J. College, Munger (Bhagalpur University) Year 1984",Post Graduate,0,92500360,9 Crore,76 Lacs,7600000.0,https://www.myneta.info/Bihar2025/candidate.php?candidate_id=1417,131,1417,General,1,done,done
588,133,Ashok Kumar,64,JAMALPUR,IND,"Matric, Diploma",10th Pass,0,7400000,74 Lacs,,0.0,https://www.myneta.info/Bihar2025/candidate.php?candidate_id=1418,131,1418,General,1,done,done
589,600,Mritunjoy Kumar Singh,58,JAMALPUR,Akhand Bharat Vikas Party,LL.B From Bhagalpur University Year 1990,Graduate Professional,0,11178661,1 Crore,,,https://www.myneta.info/Bihar2025/candidate.php?candidate_id=1414,131,1414,General,85,done,done
590,411,Joone Kumar,35,JAMALPUR,IND,Literate,Literate,1,3036000,30 Lacs,,,https://www.myneta.info/Bihar2025/candidate.php?candidate_id=196,131,196,General,1,done,done
591,627,Narendra Kumar,37,JAMALPUR,Indian Inclusive Party,Graduate From S.N.M.B College Kotambathur Tamilnadu,Graduate,1,4465000,44 Lacs,5 Lacs,500000.0,https://www.myneta.info/Bihar2025/candidate.php?candidate_id=1421,131,1421,General,45,done,done
592,896,Ravi Kumar,32,JAMALPUR,IND,Literate,Literate,0,417995,4 Lacs,,,https://www.myneta.info/Bihar2025/candidate.php?candidate_id=22,131,22,General,1,done,done
593,651,Nirmaljeet,36,JAMALPUR,IND,Intermediate From R.D.and D.J. Colony Munger Year 2006-07,12th Pass,0,4123629,41 Lacs,,,https://www.myneta.info/Bihar2025/candidate.php?candidate_id=1420,131,1420,General,1,done,done
594,1063,Shiv Kumar Paswan,68,JAMALPUR,IND,Matric Year 2011,10th Pass,0,2850000,28 Lacs,,,https://www.myneta.info/Bihar2025/candidate.php?candidate_id=1419,131,1419,General,1,done,done
595,420,Kapil Deo Das,72,JAMALPUR,BSP,BA From Bhagalpur University Year 1982-84,Graduate,0,4767297,47 Lacs,,,https://www.myneta.info/Bihar2025/candidate.php?candidate_id=1415,131,1415,General,5,done,done
596,620,Nachiketa,42,JAMALPUR,JD(U),"Master of Arts (DIP), IIHR, Year 2006., Bachelor of Law (LLB), T.M. Bhagalpur, University, Year 2010.",Post Graduate,1,59925610,5 Crore,97 Lacs,9720000.0,https://www.myneta.info/Bihar2025/candidate.php?candidate_id=1416,131,1416,General,10,done,done
597,341,Gopal Kumar,37,JAMALPUR,AAP,Graduate,Graduate,0,3320000,33 Lacs,2 Lacs,200000.0,https://www.myneta.info/Bihar2025/candidate.php?candidate_id=1422,131,1422,General,15,done,done
598,662,Om Prakash,54,KALYANPUR (SC),IND,Intermediate From L.S. College Muzaffarpur,12th Pass,0,1316643,13 Lacs,,,https://www.myneta.info/Bihar2025/candidate.php?candidate_id=123,121,123,General,1,done,done
599,500,Maheshwar Hazari,63,KALYANPUR (SC),JD(U),Graduate from B.R.B. College Samastipur L.N.M.U. Darbhanga in 1983,Graduate,1,108512861,10 Crore,1 Crore,11939471.0,https://www.myneta.info/Bihar2025/candidate.php?candidate_id=598,121,598,General,10,done,done
600,893,Ratneshwar Ram,35,KALYANPUR (SC),BSP,Intermediate In 2001,12th Pass,0,255000,2 Lacs,,,https://www.myneta.info/Bihar2025/candidate.php?candidate_id=122,121,122,General,5,done,done
601,882,Ranjeet Kumar Ram,40,KALYANPUR (SC),CPI(ML)(L),LL.M from KSOU Mysore Karnataka Year 2014,Post Graduate,1,5331000,53 Lacs,,,https://www.myneta.info/Bihar2025/candidate.php?candidate_id=597,121,597,General,2,done,done
602,486,Madhu Krishnaji Ram,43,KALYANPUR (SC),SUCI(C),"M.A., LL.B. From L.N.M. University Darbhanga",Post Graduate,0,120927,1 Lacs,,,https://www.myneta.info/Bihar2025/candidate.php?candidate_id=136,121,136,General,25,done,done
603,767,Rajeev Kumar,38,KALYANPUR (SC),IND,Intermediate From Bihar School Examination Board Patna in 2005,12th Pass,0,1306000,13 Lacs,12 Lacs,1250000.0,https://www.myneta.info/Bihar2025/candidate.php?candidate_id=1516,121,1516,General,1,done,done
604,531,Mantesh Kumar,46,KALYANPUR (SC),IND,BA Year 2015,Graduate,0,13200000,1 Crore,,,https://www.myneta.info/Bihar2025/candidate.php?candidate_id=1515,121,1515,General,1,done,done
605,821,Ram Balak Paswan,62,KALYANPUR (SC),Jan Suraaj Party,"Matric, in Year1982 From Sri Sundar High School Muktapur.",10th Pass,0,3536512,35 Lacs,,,https://www.myneta.info/Bihar2025/candidate.php?candidate_id=64,121,64,General,4,done,done
606,38,Ajit Kumar,41,KANTI,IND,Literate,Literate,0,255000,2 Lacs,,,https://www.myneta.info/Bihar2025/candidate.php?candidate_id=1518,144,1518,General,1,done,done
607,457,Kumari Sheetal,29,KANTI,Aazad Samaj Party (Kanshi Ram),Post Graduate (Science) From P.G. Department B.R.A.B.U. Muzafferpur Year 2022,Post Graduate,1,440000,4 Lacs,,,https://www.myneta.info/Bihar2025/candidate.php?candidate_id=1521,144,1521,General,29,done,done
608,579,Mohammad Israil Mansuri,49,KANTI,RJD,I.Sc From Nitishwar College Muzaffarpur Biahr Year 1994,12th Pass,2,14237154,1 Crore,11 Lacs,1124521.0,https://www.myneta.info/Bihar2025/candidate.php?candidate_id=197,144,197,General,11,done,done
609,85,Anand Kumar Jha,31,KANTI,Lok Chetna Dal,"Upshashtri from Dharm Samaj Sanskrit College, Muzaffarpur in 2012- 2017, Matric from Bihar Education Baord Patna in 2010",12th Pass,0,11940000,1 Crore,,,https://www.myneta.info/Bihar2025/candidate.php?candidate_id=66,144,66,General,41,done,done
610,468,Lal Babu Roy,36,KANTI,SUCI(C),"M.Sc. (Chemistry) from B.R. A.B.U. Muz. in 2007, LLB from B.R.B.U. Muz. in 2012",Post Graduate,0,1184359,11 Lacs,,,https://www.myneta.info/Bihar2025/candidate.php?candidate_id=67,144,67,General,25,done,done
611,707,Pranjal Prakalp,26,KANTI,Kisan Suraj Dal,B.Tech Computer Science From Bakhtiyarpur College of Engineering AKU Patna University Year 2017-21,Graduate Professional,0,4782300,47 Lacs,8 Lacs,820000.0,https://www.myneta.info/Bihar2025/candidate.php?candidate_id=1519,144,1519,General,86,done,done
612,1123,Sudarshan Mishra,52,KANTI,Jan Suraaj Party,Graduate (History) Year 1995 Bihar University Muzaffarpur,Graduate,3,14220000,1 Crore,80 Thou,80000.0,https://www.myneta.info/Bihar2025/candidate.php?candidate_id=1520,144,1520,General,4,done,done
613,542,Md Jafrudin,64,KANTI,IND,Nil,Illiterate,0,1050549,10 Lacs,,,https://www.myneta.info/Bihar2025/candidate.php?candidate_id=1522,144,1522,General,1,done,done
614,1284,Vivek Kumar,28,KANTI,BSP,Inter From R.B.M College Dhanukhi Vaishali Year 2014,12th Pass,0,1803177,18 Lacs,15 Lacs,1596000.0,https://www.myneta.info/Bihar2025/candidate.php?candidate_id=1523,144,1523,General,5,done,done
615,210,Birendra Kumar,53,KANTI,Rashtriya Jansambhavna Party,"LL.B From BRA B.U. Muzaffarpur Year 2001 2nd Division, B.A From BRA B.V. Muzaffarpur Year 1993",Graduate Professional,0,10720000,1 Crore,,,https://www.myneta.info/Bihar2025/candidate.php?candidate_id=1517,144,1517,General,8,done,done
616,37,Ajit Kumar,61,KANTI,JD(U),B.Sc Engineering (Civil) From Bihar University Muzaffarpur Year 1991,Graduate Professional,5,54779157,5 Crore,49 Lacs,4972345.0,https://www.myneta.info/Bihar2025/candidate.php?candidate_id=1524,144,1524,General,10,done,done
617,884,Ranjit Kumar Jha Alias Pinaki Jha,43,KANTI,IND,Matric Passed From Kanti Muzaffarpur,10th Pass,6,4115000,41 Lacs,,,https://www.myneta.info/Bihar2025/candidate.php?candidate_id=284,144,284,General,1,done,done
618,1169,Suresh Kumar Gupta,36,KANTI,IND,Inter Pass From Langat Singh College Muzaffarpur  2003,12th Pass,1,245000,2 Lacs,,,https://www.myneta.info/Bihar2025/candidate.php?candidate_id=599,144,599,General,1,done,done
619,577,Mohammad Anisur Rahman,34,KEOTI,All India Majlis-E-Ittehadul Muslimeen,"B.Sc. from Dr. Birendra Swarup Institute of Computer Study Kanpur University, Chhatrapati Shahu Ji Maharaj University, Kanpur Inin 2017-20",Graduate,2,2800000,28 Lacs,,,https://www.myneta.info/Bihar2025/candidate.php?candidate_id=601,115,601,General,61,done,done
620,348,Gulab Babu Rain,40,KEOTI,IND,8th,8th Pass,0,5014000,50 Lacs,,,https://www.myneta.info/Bihar2025/candidate.php?candidate_id=600,115,600,General,1,done,done
621,584,Mohammad Pintu Khan,33,KEOTI,Akhil Bharatiya Socialist Party,Under Graudate(intermediate)  from Govt. Open University in 2014,12th Pass,0,1500000,15 Lacs,1 Lacs,100000.0,https://www.myneta.info/Bihar2025/candidate.php?candidate_id=1529,115,1529,General,60,done,done
622,173,Balaram Thakur,56,KEOTI,IND,12th Mukundi Choudhary High School Darbhanga,12th Pass,0,4175000,41 Lacs,,,https://www.myneta.info/Bihar2025/candidate.php?candidate_id=1526,115,1526,General,1,done,done
623,328,Faraz Fatmi,43,KEOTI,RJD,"M.Sc. from Hospital Management, South Bank University London in 2009",Post Graduate,0,96846741,9 Crore,6 Lacs,632174.0,https://www.myneta.info/Bihar2025/candidate.php?candidate_id=603,115,603,General,11,done,done
624,1293,Yogesh Ranjan,52,KEOTI,Proutist Sarva Samaj,Law Graduation from L.N.M.U in 2009,Graduate Professional,0,5493179,54 Lacs,5 Lacs,582336.0,https://www.myneta.info/Bihar2025/candidate.php?candidate_id=137,115,137,General,87,done,done
625,525,Manoj Kumar Mahto,47,KEOTI,BSP,8th,8th Pass,0,17000,17 Thou,,,https://www.myneta.info/Bihar2025/candidate.php?candidate_id=1527,115,1527,General,5,done,done
626,199,Biltu Sahni,53,KEOTI,Jan Suraaj Party,Post Graduate From L.N.M.U. Year-1994,Post Graduate,0,57732134,5 Crore,91 Lacs,9175000.0,https://www.myneta.info/Bihar2025/candidate.php?candidate_id=138,115,138,General,4,done,done
627,284,Dhirendra Kumar Dheeraj,37,KEOTI,IND,"Gradaute (B.Tech) In 2011, Shadan College of Engineering, Hyderabad, Jawaharlal Nehru Technological University Hyderabad, AP",Graduate Professional,6,9251686,92 Lacs,63 Thou,63470.0,https://www.myneta.info/Bihar2025/candidate.php?candidate_id=1525,115,1525,General,1,done,done
628,618,Murari Mohan Jha,68,KEOTI,BJP,"D.Litt. in 1999, Ph.D from L.N.M.U in 1990",Doctorate,1,146349983,14 Crore,1 Crore,14375023.0,https://www.myneta.info/Bihar2025/candidate.php?candidate_id=260,115,260,General,0,done,done
629,638,Navin Kumar,37,KHAGARIA,Jagrook Janta Party,"Graduation from Koshi College Khagaria, Bhagalpur University, Secondary education from Shyamlal national high school",Graduate,0,15566000,1 Crore,,,https://www.myneta.info/Bihar2025/candidate.php?candidate_id=1531,169,1531,General,14,done,done
630,164,Bablu Kumar,47,KHAGARIA,JD(U),Literate,Literate,0,9645547,96 Lacs,23 Lacs,2350000.0,https://www.myneta.info/Bihar2025/candidate.php?candidate_id=1535,169,1535,General,10,done,done
631,471,Lalan Kumar,39,KHAGARIA,IND,I.Sc from NIOS Delhi 2012,12th Pass,0,6099000,60 Lacs,10 Lacs,1025000.0,https://www.myneta.info/Bihar2025/candidate.php?candidate_id=1530,169,1530,General,1,done,done
632,1265,Vinay Kumar Verma,52,KHAGARIA,Bhartiya Lok Chetna Party,10th pass from Highschool Pansalva,10th Pass,3,73878320,7 Crore,,,https://www.myneta.info/Bihar2025/candidate.php?candidate_id=1536,169,1536,General,58,done,done
633,231,Chandan Kumar Alias Dr Chandan Yadav,53,KHAGARIA,INC,"Ph.D Linguistics, JNU New Delhi 2007",Doctorate,0,38032632,3 Crore,80 Lacs,8016631.0,https://www.myneta.info/Bihar2025/candidate.php?candidate_id=909,169,909,General,31,done,done
634,509,Manish Kumar Singh,43,KHAGARIA,IND,"Post Graduation from IGNOU in 2014, Graduation from T.M. University in 2002",Post Graduate,12,48694212,4 Crore,5 Lacs,500000.0,https://www.myneta.info/Bihar2025/candidate.php?candidate_id=604,169,604,General,1,done,done
635,487,Madhu Kumar Bharti,48,KHAGARIA,IND,Matriculation from Shyamlal school khagaria in 1991,10th Pass,3,6850000,68 Lacs,9 Lacs,985000.0,https://www.myneta.info/Bihar2025/candidate.php?candidate_id=1533,169,1533,General,1,done,done
636,398,Jayanti Patel,45,KHAGARIA,Jan Suraaj Party,Inter from G.C.Sai Sarvodaya College Purnia,12th Pass,0,72644549,7 Crore,22 Lacs,2220000.0,https://www.myneta.info/Bihar2025/candidate.php?candidate_id=198,169,198,General,4,done,done
637,1192,Tinku Kumar Laheri,41,KHAGARIA,IND,Literate,Literate,0,305000,3 Lacs,7 Lacs,795373.0,https://www.myneta.info/Bihar2025/candidate.php?candidate_id=910,169,910,General,1,done,done
638,71,Amitabh Kumar,36,KHAGARIA,IND,Literate,Literate,0,427000,4 Lacs,,,https://www.myneta.info/Bihar2025/candidate.php?candidate_id=1532,169,1532,General,1,done,done
639,676,Pankaj Pandey,46,KUCHAIKOTE,IND,Graduation from Principal hindu University New Delhi Year 1997,Graduate,0,89334479,8 Crore,5 Lacs,500000.0,https://www.myneta.info/Bihar2025/candidate.php?candidate_id=921,254,921,General,1,done,done
640,355,Hari Narayan Singh,55,KUCHAIKOTE,INC,"Matric Year 1984 from Gandhi Smarak High School, Bhore, Gopalganj",10th Pass,2,9708250,97 Lacs,9 Lacs,920000.0,https://www.myneta.info/Bihar2025/candidate.php?candidate_id=770,254,770,General,31,done,done
641,1279,Vishwakarma Sharma,53,KUCHAIKOTE,Jagrook Janta Party,Matric from intermediate Jagdamba College Chapra Year 1983-85,10th Pass,0,717000,7 Lacs,,,https://www.myneta.info/Bihar2025/candidate.php?candidate_id=918,254,918,General,14,done,done
642,75,Amrendra Kumar Pandey,51,KUCHAIKOTE,JD(U),"Intermediate from Baba Bhoot Nath College, Balepur, Bathua Bazar, Gopalganj, Bihar Year 2004",12th Pass,14,52925863,5 Crore,64 Lacs,6430307.0,https://www.myneta.info/Bihar2025/candidate.php?candidate_id=922,254,922,General,10,done,done
643,1231,Vijay Kumar Choubey,67,KUCHAIKOTE,Jan Suraaj Party,"Master of Arts (School of International Studies), Jawaharlal Nehru University (JNU), Year 1982, New Delhi",Post Graduate,0,20186018,2 Crore,,,https://www.myneta.info/Bihar2025/candidate.php?candidate_id=771,254,771,General,4,done,done
644,177,Baliram Singh,70,KUCHAIKOTE,BSP,"Graduation (Art), D.A.V. College Siwan, J.P.U. Chapra Year 1978",Graduate,0,43063710,4 Crore,3 Lacs,398762.0,https://www.myneta.info/Bihar2025/candidate.php?candidate_id=919,254,919,General,5,done,done
645,215,Braj Bihari Bhatt,57,KUCHAIKOTE,Janshakti Janta Dal,Inter from Udit Narayan Inter College,12th Pass,0,2519000,25 Lacs,,,https://www.myneta.info/Bihar2025/candidate.php?candidate_id=920,254,920,General,6,done,done
646,74,Amrendra Kumar Bhaskar,62,KUMHRAR,"Proutist Bloc, India",P.hd 1994 Patna University,Doctorate,0,26037991,2 Crore,,,https://www.myneta.info/Bihar2025/candidate.php?candidate_id=285,223,285,General,88,done,done
647,318,Dr. Uma Kant Pathak,68,KUMHRAR,BSP,MBBS,Graduate Professional,0,61042000,6 Crore,,,https://www.myneta.info/Bihar2025/candidate.php?candidate_id=605,223,605,General,5,done,done
648,443,Krishna Chandra Sinha,70,KUMHRAR,Jan Suraaj Party,"Ph.D. from Patna University 1990, Master of Science from Patna University in 1974",Doctorate,0,337919433,33 Crore,,,https://www.myneta.info/Bihar2025/candidate.php?candidate_id=139,223,139,General,4,done,done
649,163,Bablu Kumar,38,KUMHRAR,AAP,Non Matric,8th Pass,4,340000,3 Lacs,,,https://www.myneta.info/Bihar2025/candidate.php?candidate_id=768,223,768,General,15,done,done
650,1135,Sumit Ranjan Sinha,37,KUMHRAR,Akhand Bharat Janpriya Party,"Master of Education (2019), Master of Commerce (2011)",Post Graduate,0,154826,1 Lacs,,,https://www.myneta.info/Bihar2025/candidate.php?candidate_id=199,223,199,General,89,done,done
651,956,Sanjay Kumar,50,KUMHRAR,BJP,"B.Com Completed in 1995 from Vanijya Mahavidyalaya, Patna University",Graduate,0,36184089,3 Crore,22 Lacs,2281501.0,https://www.myneta.info/Bihar2025/candidate.php?candidate_id=286,223,286,General,0,done,done
652,2,Abhay Kumar,46,KUMHRAR,IND,Literate,Literate,5,31210772,3 Crore,,,https://www.myneta.info/Bihar2025/candidate.php?candidate_id=769,223,769,General,1,done,done
653,1028,Shahid Alam,34,KUMHRAR,Jantantra Awaj Party,B.Sc Magadh University in 2006-2009,Graduate,0,72500,72 Thou,,,https://www.myneta.info/Bihar2025/candidate.php?candidate_id=606,223,606,General,26,done,done
654,105,Anuj Kumar Singh,61,KUMHRAR,IND,"M.Com, LLB, BET",Post Graduate,0,712005,7 Lacs,,,https://www.myneta.info/Bihar2025/candidate.php?candidate_id=200,223,200,General,1,done,done
655,1004,Saroj Kumar Suman,41,KUMHRAR,SUCI(C),M.Com From Magadh University Bodhgaya Year 2005-2007,Post Graduate,0,4220773,42 Lacs,18 Lacs,1800000.0,https://www.myneta.info/Bihar2025/candidate.php?candidate_id=68,223,68,General,25,done,done
656,269,Dhanjay Kumar,48,KUMHRAR,Rashtriya Jansambhavna Party,Inter from Bihar Intermediate Education Patna in 1998,12th Pass,0,2438200,24 Lacs,,,https://www.myneta.info/Bihar2025/candidate.php?candidate_id=5,223,5,General,8,done,done
657,66,Amit Kumar Albela,51,KUMHRAR,IND,Graduate 1997 from Patna University BN College Patna,Graduate,0,18331716,1 Crore,,,https://www.myneta.info/Bihar2025/candidate.php?candidate_id=766,223,766,General,1,done,done
658,369,Indradeep Kumar Chandravanshi,47,KUMHRAR,INC,"P.hd Glocal university Saharanpur, MA 2019, IEC University",Doctorate,2,8284309,82 Lacs,,,https://www.myneta.info/Bihar2025/candidate.php?candidate_id=767,223,767,General,31,done,done
659,33,Ajay Kumar Sahani,37,KURHANI,Socialist Party (India),Literate,Literate,1,1705000,17 Lacs,1 Lacs,180000.0,https://www.myneta.info/Bihar2025/candidate.php?candidate_id=69,167,69,General,21,done,done
660,123,Arvind Kumar,44,KURHANI,IND,Literate,Literate,0,14142442,1 Crore,,,https://www.myneta.info/Bihar2025/candidate.php?candidate_id=755,167,755,General,1,done,done
661,925,Rohit Kumar,42,KURHANI,Right to Recall Party,"Master of Technology (Electronics &amp; Communication) From Lovely Professional University, Phagwar, Year-2015",Post Graduate,0,80000,80 Thou,,,https://www.myneta.info/Bihar2025/candidate.php?candidate_id=759,167,759,General,38,done,done
662,315,Dr. Santosh Kumar,58,KURHANI,IND,BHMS From BRABU Muzaffarpur in 1991,Graduate Professional,0,1810692,18 Lacs,27 Lacs,2700000.0,https://www.myneta.info/Bihar2025/candidate.php?candidate_id=1538,167,1538,General,1,done,done
663,432,Kedar Prasad Gupta,61,KURHANI,BJP,"Post Graduate From Vinayak Mission University, Tamilnadu, Year-2012 &amp; B.A. (Hons.) From Jiradai Sankhaya College, Ratwada Hindi Vidhyapith Deoghar, Year-2002",Post Graduate,2,30458420,3 Crore,,,https://www.myneta.info/Bihar2025/candidate.php?candidate_id=291,167,291,General,0,done,done
664,49,Alok Kumar Singh,47,KURHANI,Rashtriya Jansambhavna Party,"10th Pass From BSEB, Year-1994",10th Pass,0,226000,2 Lacs,,,https://www.myneta.info/Bihar2025/candidate.php?candidate_id=290,167,290,General,8,done,done
665,1170,Suresh Kumar Gupta,36,KURHANI,IND,"Inter Pass from Langat Singh College, Muzaffarpur in 2003",12th Pass,1,245000,2 Lacs,,,https://www.myneta.info/Bihar2025/candidate.php?candidate_id=109,167,109,General,1,done,done
666,982,Sanjeet Kumar Jha,46,KURHANI,IND,"12th Pass From Bihar Secondary Education Council, Patna, Year-1998",12th Pass,0,2227000,22 Lacs,,,https://www.myneta.info/Bihar2025/candidate.php?candidate_id=288,167,288,General,1,done,done
667,983,Sanjeet Manjhi,38,KURHANI,SUCI(C),"5th Pass From Radheshyam Girls School, Year-1996",5th Pass,0,8750,8 Thou,94 Thou,94626.0,https://www.myneta.info/Bihar2025/candidate.php?candidate_id=128,167,128,General,25,done,done
668,1243,Vijayesh Kumar,48,KURHANI,BSP,"Ph.D. Accountancy From BRA Bihar University, Muzaffarpur, Bihar, Year-2004",Doctorate,1,65600000,6 Crore,1 Crore,12500000.0,https://www.myneta.info/Bihar2025/candidate.php?candidate_id=761,167,761,General,5,done,done
669,539,Md Gulam Masoom,38,KURHANI,Janshakti Janta Dal,Literate,Literate,1,2961200,29 Lacs,15 Lacs,1500000.0,https://www.myneta.info/Bihar2025/candidate.php?candidate_id=758,167,758,General,6,done,done
670,574,Mohammad Ali Irfan,51,KURHANI,Jan Suraaj Party,"Graduate From L.S. College, Bihar University",Graduate,0,19310020,1 Crore,70 Lacs,7000000.0,https://www.myneta.info/Bihar2025/candidate.php?candidate_id=762,167,762,General,4,done,done
671,277,Dharmendra Kumar,50,KURHANI,IND,"Intermediate From R.L.S.Y. College, Muzaffarpur, Year-1994",12th Pass,0,21391723,2 Crore,13 Lacs,1326994.0,https://www.myneta.info/Bihar2025/candidate.php?candidate_id=760,167,760,General,1,done,done
672,1144,Sunil Kumar Suman,49,KURHANI,RJD,"12th Pass From Bihar Intermediate Education Council, Patna, Year-1992",12th Pass,2,48891507,4 Crore,55 Lacs,5500000.0,https://www.myneta.info/Bihar2025/candidate.php?candidate_id=763,167,763,General,11,done,done
673,702,Pramod Kumar Sharma,50,KURHANI,IND,"12th Pass From L.N.T. College, Muzaffapur, Year-1993",12th Pass,3,4475500,44 Lacs,,,https://www.myneta.info/Bihar2025/candidate.php?candidate_id=289,167,289,General,1,done,done
674,507,Manish Kumar,40,KURHANI,IND,"12th Pass From Ram Dayalu Singh College, Muzaffarpur, Year-2002",12th Pass,0,20902060,2 Crore,66 Lacs,6600000.0,https://www.myneta.info/Bihar2025/candidate.php?candidate_id=129,167,129,General,1,done,done
675,349,Gulab Kumar Rajak,33,KURHANI,IND,"B.A. From Bihar University, Year-2017",Graduate,0,1451700,14 Lacs,,,https://www.myneta.info/Bihar2025/candidate.php?candidate_id=764,167,764,General,1,done,done
676,171,Baiju Kumar Ray,42,KURHANI,Samata Party,"Intermediate of Commerce from B.I.E.C. Patna in 2002, 10th (Matriculation) from B.S.E.B. Patna in 2000",12th Pass,0,169899,1 Lacs,,,https://www.myneta.info/Bihar2025/candidate.php?candidate_id=1537,167,1537,General,43,done,done
677,296,Dinesh Kumar Ray,36,KURHANI,IND,"10th Pass From High School Ahalya Sthan Kamtaul Darbhanga, Year-2007",10th Pass,1,303000,3 Lacs,6 Lacs,600000.0,https://www.myneta.info/Bihar2025/candidate.php?candidate_id=756,167,756,General,1,done,done
678,1134,Sumit Kumar Jha,30,KURHANI,IND,"Graduate From B.R.A.B.U. Muzaffarpur, Year-2017",Graduate,0,926000,9 Lacs,,,https://www.myneta.info/Bihar2025/candidate.php?candidate_id=757,167,757,General,1,done,done
679,334,Ganga Paswan,52,KUSHESHWAR ASTHAN (SC),IND,Literate,Literate,0,164917,1 Lacs,,,https://www.myneta.info/Bihar2025/candidate.php?candidate_id=610,105,610,General,1,done,done
680,938,Sachidanand Paswan,36,KUSHESHWAR ASTHAN (SC),IND,"Gradaute from U.R. College Rosera In 2012, Lalit Narayan Mithila University Darbhanga",Graduate,0,3845000,38 Lacs,,,https://www.myneta.info/Bihar2025/candidate.php?candidate_id=1540,105,1540,General,1,done,done
681,1013,Satya Narayan Paswan,40,KUSHESHWAR ASTHAN (SC),Mazdoor Ekta Party,Literate,Literate,0,63000,63 Thou,,,https://www.myneta.info/Bihar2025/candidate.php?candidate_id=1541,105,1541,General,90,done,done
682,331,Ganesh Bharti,48,KUSHESHWAR ASTHAN (SC),IND,Madhyma Matric From Bihar School Examination Board,10th Pass,0,5933800,59 Lacs,,,https://www.myneta.info/Bihar2025/candidate.php?candidate_id=754,105,754,General,1,done,done
683,147,Atirek Kumar,42,KUSHESHWAR ASTHAN (SC),JD(U),B.A. From School of Management The Univeristy of Texas At Dallas USA 2008,Graduate,0,76622093,7 Crore,5 Crore,54269466.0,https://www.myneta.info/Bihar2025/candidate.php?candidate_id=612,105,612,General,10,done,done
684,1085,Shreemati Anju Devi,40,KUSHESHWAR ASTHAN (SC),IND,"Graduate from Mahant Mahadev Mahanand Girls College, Arrah, Veer Kunwar Singh University Arrah  In 2008",Graduate,0,14900000,1 Crore,,,https://www.myneta.info/Bihar2025/candidate.php?candidate_id=613,105,613,General,1,done,done
685,320,Dukhi Ram Rasiya,52,KUSHESHWAR ASTHAN (SC),Aam Janta Pragati Party,Matric from B.D. High School Patna In 1995,10th Pass,0,754000,7 Lacs,,,https://www.myneta.info/Bihar2025/candidate.php?candidate_id=1539,105,1539,General,17,done,done
686,1056,Shatrudhan Paswan,51,KUSHESHWAR ASTHAN (SC),Jan Suraaj Party,Literate,Literate,4,4654000,46 Lacs,,,https://www.myneta.info/Bihar2025/candidate.php?candidate_id=611,105,611,General,4,done,done
687,1294,Yogi Chaupal,43,KUSHESHWAR ASTHAN (SC),AAP,Literate,Literate,0,442311,4 Lacs,,,https://www.myneta.info/Bihar2025/candidate.php?candidate_id=70,105,70,General,15,done,done
688,400,Jeebachh Kumar Hajari,35,KUSHESHWAR ASTHAN (SC),IND,Literate,Literate,1,953000,9 Lacs,,,https://www.myneta.info/Bihar2025/candidate.php?candidate_id=609,105,609,General,1,done,done
689,1229,Vijay Kumar,53,LAKHISARAI,IND,Given,Not Given,0,575500,5 Lacs,,,https://www.myneta.info/Bihar2025/candidate.php?candidate_id=1543,114,1543,General,1,done,done
690,79,Amresh Kumar,38,LAKHISARAI,IND,Matric pass from Bihar School Education Council in 2006,10th Pass,0,724000,7 Lacs,,,https://www.myneta.info/Bihar2025/candidate.php?candidate_id=1549,114,1549,General,1,done,done
691,1119,Subodh Kumar Suman,63,LAKHISARAI,IND,Matric from Bihar School Examination Council Patna,10th Pass,0,1415000,14 Lacs,,,https://www.myneta.info/Bihar2025/candidate.php?candidate_id=1550,114,1550,General,1,done,done
692,81,Amresh Prasad Singh,35,LAKHISARAI,IND,Intermediate from Bihar Education Council 2007,12th Pass,0,577000,5 Lacs,,,https://www.myneta.info/Bihar2025/candidate.php?candidate_id=1542,114,1542,General,1,done,done
693,1236,Vijay Kumar Sinha,58,LAKHISARAI,BJP,"Civil Engineering Diploma State Polytechnic Begusarai, Science and Technology Dept. Bihar Govt. 1989",Others,0,116245805,11 Crore,1 Crore,12148129.0,https://www.myneta.info/Bihar2025/candidate.php?candidate_id=116,114,116,General,0,done,done
694,714,Praval Kumar,38,LAKHISARAI,BSP,B.A. in 2013 from R.Lal College Lakhisarai,Graduate,0,2265000,22 Lacs,,,https://www.myneta.info/Bihar2025/candidate.php?candidate_id=1547,114,1547,General,5,done,done
695,1154,Suraj Kumar,27,LAKHISARAI,Jan Suraaj Party,PostGraduation from Kashi Hindu University 2020,Post Graduate,0,2949000,29 Lacs,,,https://www.myneta.info/Bihar2025/candidate.php?candidate_id=1545,114,1545,General,4,done,done
696,462,Kusho Mahto,28,LAKHISARAI,Bhartiya Lok Chetna Party,10th pass from Dr. Chandradev Yadav High School,10th Pass,0,80000,80 Thou,1 Lacs,100000.0,https://www.myneta.info/Bihar2025/candidate.php?candidate_id=1548,114,1548,General,58,done,done
697,865,Ramjee Mandal,58,LAKHISARAI,IND,Matriculation from B.S.E.B. Patna in 1987,10th Pass,0,1061000,10 Lacs,7 Lacs,700000.0,https://www.myneta.info/Bihar2025/candidate.php?candidate_id=1544,114,1544,General,1,done,done
698,59,Amaresh Kumar,45,LAKHISARAI,INC,7th pass from Shri Krishna Secondary School Barahiya,5th Pass,0,49022746,4 Crore,55 Lacs,5500000.0,https://www.myneta.info/Bihar2025/candidate.php?candidate_id=292,114,292,General,31,done,done
699,1253,Vikash Kumar Jagnani,46,LAKHISARAI,IND,Matric from High School Barhiya in 1996,10th Pass,0,3074045,30 Lacs,,,https://www.myneta.info/Bihar2025/candidate.php?candidate_id=202,114,202,General,1,done,done
700,11,Abhishek Kumar,28,LAKHISARAI,IND,"Post Graduation Political Science Nalanda Open University Patna in 2021, Graduation from K.S.S. College Tilakmanjhi Bhagalpur university in 2016",Post Graduate,0,5127850,51 Lacs,,,https://www.myneta.info/Bihar2025/candidate.php?candidate_id=201,114,201,General,1,done,done
701,43,Akhilesh Kumar,40,LALGANJ,IND,Graduate from Arts 2010 ABS College Lalganj,Graduate,0,8213936,82 Lacs,,,https://www.myneta.info/Bihar2025/candidate.php?candidate_id=24,147,24,General,1,done,done
702,1076,Shivani Shukla,28,LALGANJ,RJD,"LLM from University of Leeds, London in 2021-2022",Post Graduate,0,2328984,23 Lacs,38 Lacs,3809285.0,https://www.myneta.info/Bihar2025/candidate.php?candidate_id=1553,147,1553,General,11,done,done
703,1224,Vidya Prakash,37,LALGANJ,IND,Graduate (Hons) Prestige Architecture Academy New Delhi in 2015,Graduate,0,876000,8 Lacs,27 Lacs,2787000.0,https://www.myneta.info/Bihar2025/candidate.php?candidate_id=1551,147,1551,General,1,done,done
704,15,Abhishek Kumar Singh,33,LALGANJ,IND,"B.Tech Electrician Engineering from Jaipur National University, Jaipur in 2009-2013",Graduate Professional,0,2480407,24 Lacs,17 Lacs,1798070.0,https://www.myneta.info/Bihar2025/candidate.php?candidate_id=1552,147,1552,General,1,done,done
705,558,Md. Niyaj Alam,30,LALGANJ,Lok Shakti Party (Loktantrik),"Matric from Bihar School Examination Board, Patna",10th Pass,1,3544500,35 Lacs,5 Lacs,500000.0,https://www.myneta.info/Bihar2025/candidate.php?candidate_id=1556,147,1556,General,91,done,done
706,771,Rajendra Prasad Singh,68,LALGANJ,AAP,"Post Graduate from Bihar University, Muzaffarpur in 1980",Post Graduate,0,18151905,1 Crore,,,https://www.myneta.info/Bihar2025/candidate.php?candidate_id=617,147,617,General,15,done,done
707,967,Sanjay Kumar Singh,56,LALGANJ,BJP,"B.Com. from Munshi Singh College, Motihari, Bihar University, Muzaffarpur in 1988",Graduate,1,30736976,3 Crore,74 Lacs,7409109.0,https://www.myneta.info/Bihar2025/candidate.php?candidate_id=615,147,615,General,0,done,done
708,53,Amar Kumar Singh,49,LALGANJ,Jan Suraaj Party,"Post Graduate from Vinayak Mission University, New Delhi in 2013",Post Graduate,1,6891835,68 Lacs,10 Lacs,1000000.0,https://www.myneta.info/Bihar2025/candidate.php?candidate_id=1555,147,1555,General,4,done,done
709,285,Dhirendra Kumar Mahto,38,LALGANJ,IND,"M.A. from Maharshi Mahesh Yogi Vedic Vishwavidhyalay (M.P) in 2005, Diploma in Fire &amp; Industrial Safty Royal Institute of Fire &amp; Safty in 2021",Post Graduate,0,15744313,1 Crore,37 Lacs,3704365.0,https://www.myneta.info/Bihar2025/candidate.php?candidate_id=27,147,27,General,1,done,done
710,772,Rajendra Sharma,56,LALGANJ,SUCI(C),"Intermediate Arts from Awadh Bihari Singh College Lalganj, Vaishali in 1989",12th Pass,0,9338432,93 Lacs,,,https://www.myneta.info/Bihar2025/candidate.php?candidate_id=614,147,614,General,25,done,done
711,979,Sanjay Yadav,45,MADHEPURA,Janshakti Janta Dal,Literate,Literate,1,20511000,2 Crore,43 Thou,43000.0,https://www.myneta.info/Bihar2025/candidate.php?candidate_id=618,189,618,General,6,done,done
712,414,Kameshwar Yadav,64,MADHEPURA,Aadarsh Mithila Party,Post Graduate From P. G Central Saharsa in 1983,Post Graduate,0,1275100,12 Lacs,,,https://www.myneta.info/Bihar2025/candidate.php?candidate_id=619,189,619,General,92,done,done
713,1053,Shashi Kumar,39,MADHEPURA,Jan Suraaj Party,Graduate From Baba Saheb Bhim Rao Ambedkar University Bihar in 2012,Graduate,1,16914500,1 Crore,8 Lacs,825000.0,https://www.myneta.info/Bihar2025/candidate.php?candidate_id=1562,189,1562,General,4,done,done
714,578,Mohammad Asif Alam,38,MADHEPURA,The National Road Map Party of India,Literate,Literate,0,4795000,47 Lacs,,,https://www.myneta.info/Bihar2025/candidate.php?candidate_id=1559,189,1559,General,7,done,done
715,1168,Surendra Yadav,60,MADHEPURA,"Proutist Bloc, India",BA From BNMV College Sahugarh Madhepura in 1986,Graduate,0,4934000,49 Lacs,,,https://www.myneta.info/Bihar2025/candidate.php?candidate_id=752,189,752,General,88,done,done
716,704,Pranav Prakash,44,MADHEPURA,IND,B.Tech From MSRJT Bangalore in 2005,Graduate Professional,0,19932000,1 Crore,91 Lacs,9100000.0,https://www.myneta.info/Bihar2025/candidate.php?candidate_id=1561,189,1561,General,1,done,done
717,430,Kavita Kumari Saha,37,MADHEPURA,JD(U),"MA From Bhupendra Narayan Mandal University Madhepura in 2017, BA From RPM College Madhepura in 2012",Post Graduate,0,19758227,1 Crore,25 Lacs,2500000.0,https://www.myneta.info/Bihar2025/candidate.php?candidate_id=1558,189,1558,General,10,done,done
718,604,Mukesh Kumar,29,MADHEPURA,AAP,"Post Graduate From T.P College Madhepura BNMU Madhepura 2019, Graduate in 2016 from Evening College Madhepura, B.N.M. University Madhepura",Post Graduate,0,20250000,2 Crore,,,https://www.myneta.info/Bihar2025/candidate.php?candidate_id=749,189,749,General,15,done,done
719,957,Sanjay Kumar,46,MADHEPURA,IND,Intermediate From SAD College in Year 1992,12th Pass,0,906000,9 Lacs,,,https://www.myneta.info/Bihar2025/candidate.php?candidate_id=751,189,751,General,1,done,done
720,472,Lalan Kumar Ram,54,MADHEPURA,BSP,"MA From T.P College Madhepura BNMU Madhepura 2007, B.A. from B.N.M.V. College Sahugarh Madhepura 2004",Post Graduate,0,1800000,18 Lacs,,,https://www.myneta.info/Bihar2025/candidate.php?candidate_id=753,189,753,General,5,done,done
721,690,Pradeep Kumar,41,MADHEPURA,Jagrook Janta Party,9th Pass From High School Madhepura in Year 1997,8th Pass,0,5888000,58 Lacs,10 Thou,10000.0,https://www.myneta.info/Bihar2025/candidate.php?candidate_id=750,189,750,General,14,done,done
722,238,Chandra Shekhar,63,MADHEPURA,RJD,"Post Graduation (Science) From Kanpur University in 1985, Graduation from College of Commerce Patna Magadh University Bodhgaya 1981",Post Graduate,7,31211460,3 Crore,85 Lacs,8500000.0,https://www.myneta.info/Bihar2025/candidate.php?candidate_id=1557,189,1557,General,11,done,done
723,319,Dr. Vikas Kumar Singh,46,MAHARAJGANJ,Political Team India,Ph.D in Management From J.S. University In Year 2023,Doctorate,0,23607004,2 Crore,,,https://www.myneta.info/Bihar2025/candidate.php?candidate_id=204,129,204,General,93,done,done
724,360,Hem Narayan Sah,63,MAHARAJGANJ,JD(U),Intermediate (Hindi University Devghar) Year 2006,12th Pass,1,77026821,7 Crore,22 Lacs,2240481.0,https://www.myneta.info/Bihar2025/candidate.php?candidate_id=72,129,72,General,10,done,done
725,484,Madan Yadav,44,MAHARAJGANJ,Aazad Samaj Party (Kanshi Ram),Intermediate Arts From Inter College Khoripakar Bihar Intermediate Education Council Patna,12th Pass,5,19010000,1 Crore,1 Lacs,100000.0,https://www.myneta.info/Bihar2025/candidate.php?candidate_id=1352,129,1352,General,29,done,done
726,92,Angad Kumar,26,MAHARAJGANJ,IND,"B.A , B.Ed From Srikirisan Sangit Maharajganj Siwan",Graduate Professional,0,5165307,51 Lacs,,,https://www.myneta.info/Bihar2025/candidate.php?candidate_id=620,129,620,General,1,done,done
727,1274,Vishal Kumar Jaiswal,31,MAHARAJGANJ,RJD,Graduate Year 2016 Commerce Mumbai University Maharashtra,Graduate,0,50590251,5 Crore,,,https://www.myneta.info/Bihar2025/candidate.php?candidate_id=1354,129,1354,General,11,done,done
728,753,Raj Kishor Gupta,48,MAHARAJGANJ,IND,Intermediate From Gorakh Singh College Maharajganj,12th Pass,2,1374800000,137 Crore,6 Lacs,666605.0,https://www.myneta.info/Bihar2025/candidate.php?candidate_id=1356,129,1356,General,1,done,done
729,906,Ravindra Kumar,61,MAHARAJGANJ,IND,BA Year 1986 From LOKD College Hafijpur Chhapra University,Graduate,0,21044000,2 Crore,1 Lacs,120000.0,https://www.myneta.info/Bihar2025/candidate.php?candidate_id=71,129,71,General,1,done,done
730,1146,Sunil Ray,55,MAHARAJGANJ,Jan Suraaj Party,Matric Year 1986 From BSEB Patna,10th Pass,2,27118832,2 Crore,,,https://www.myneta.info/Bihar2025/candidate.php?candidate_id=203,129,203,General,4,done,done
731,130,Ashish Ranjan Singh,37,MAHARAJGANJ,IND,B.A. From Mumbai University Year 2009,Graduate,0,22800000,2 Crore,18 Lacs,1800000.0,https://www.myneta.info/Bihar2025/candidate.php?candidate_id=1355,129,1355,General,1,done,done
732,903,Ravi Ranjan Tisu,28,MAHARAJGANJ,BSP,Graduate (Honours Political Science) From J.P. University Chapra K.R.B.G. College Maharajganj,Graduate,0,8700000,87 Lacs,,,https://www.myneta.info/Bihar2025/candidate.php?candidate_id=1357,129,1357,General,5,done,done
733,640,Nayan Prasad,69,MAHARAJGANJ,Bharat Ka Kisan Majdoor Party,Intermediate From D.A.B. College Siwan Matric Tapi Prasad High School Bhithi,12th Pass,1,10050000,1 Crore,,,https://www.myneta.info/Bihar2025/candidate.php?candidate_id=1353,129,1353,General,94,done,done
734,657,Nitish Kumar Diwedi,25,MAHARAJGANJ,IND,Intermediate Year 2018 From Bihar School Education Board Patna Gorakh Singh College Maharajganj Siwan,12th Pass,0,904195,9 Lacs,,,https://www.myneta.info/Bihar2025/candidate.php?candidate_id=1351,129,1351,General,1,done,done
735,1041,Shamim Akhtar,50,MAHISHI,Jan Suraaj Party,"Matric From Manohar High School, Saharsa in 1992",10th Pass,0,5441174,54 Lacs,3 Lacs,349201.0,https://www.myneta.info/Bihar2025/candidate.php?candidate_id=623,74,623,General,4,done,done
736,1181,Sushil Kumar Rajak,30,MAHISHI,IND,Literate,Literate,0,12300000,1 Crore,,,https://www.myneta.info/Bihar2025/candidate.php?candidate_id=621,74,621,General,1,done,done
737,763,Raja Kumar,27,MAHISHI,IND,Intermediate From Govt. Open Bihar Education Board,12th Pass,0,15560000,1 Crore,,,https://www.myneta.info/Bihar2025/candidate.php?candidate_id=205,74,205,General,1,done,done
738,1233,Vijay Kumar Gupta,37,MAHISHI,AAP,"M.A. in Pol. Sci. From IGNOU, New Delhi, Year-2015",Post Graduate,1,1919519,19 Lacs,10 Lacs,1004356.0,https://www.myneta.info/Bihar2025/candidate.php?candidate_id=1563,74,1563,General,15,done,done
739,124,Arvind Kumar,28,MAHISHI,IND,"B.A. (Hindi) From B.N.M.U. Madhepura, Year-2018",Graduate,0,150000,1 Lacs,,,https://www.myneta.info/Bihar2025/candidate.php?candidate_id=1565,74,1565,General,1,done,done
740,335,Gautam Krishna,40,MAHISHI,RJD,"Ph.D. (Political Sci. Department) From Patna University, Year-2018",Doctorate,5,12935374,1 Crore,,,https://www.myneta.info/Bihar2025/candidate.php?candidate_id=1569,74,1569,General,11,done,done
741,492,Maharudra Jha,66,MAHISHI,IND,"12th Pass From Saharsa College, Saharsa, LNMU, Year-1978",12th Pass,1,4963800,49 Lacs,,,https://www.myneta.info/Bihar2025/candidate.php?candidate_id=293,74,293,General,1,done,done
742,725,Priyanka Anand,37,MAHISHI,BSP,"12th Pass From Womens College Madhepura, Year-2009",12th Pass,0,1295993,12 Lacs,,,https://www.myneta.info/Bihar2025/candidate.php?candidate_id=1566,74,1566,General,5,done,done
743,1193,Tiro Sharma,75,MAHISHI,IND,NIL,Illiterate,0,604453,6 Lacs,,,https://www.myneta.info/Bihar2025/candidate.php?candidate_id=294,74,294,General,1,done,done
744,264,Devnarayan Yadav,45,MAHISHI,Janshakti Janta Dal,Literate,Literate,0,6283000,62 Lacs,,,https://www.myneta.info/Bihar2025/candidate.php?candidate_id=1564,74,1564,General,6,done,done
745,751,Rahul Paswan,29,MAHISHI,IND,"12th Pass From L.C. College, Pastwar, Baluaha, Saharsa, Bihar School Examination Council, Patna Year-2015",12th Pass,0,52000,52 Thou,,,https://www.myneta.info/Bihar2025/candidate.php?candidate_id=1568,74,1568,General,1,done,done
746,1157,Suraj Samrat,38,MAHISHI,IND,"Inter From B.S.S.C College, Udakishunganj, Madhepura, Bihar Intermediate Education Council, Patna, Year-2005",12th Pass,3,3487961,34 Lacs,,,https://www.myneta.info/Bihar2025/candidate.php?candidate_id=622,74,622,General,1,done,done
747,886,Ranjit Sada,35,MAHISHI,IND,NIL,Illiterate,0,213000,2 Lacs,,,https://www.myneta.info/Bihar2025/candidate.php?candidate_id=1567,74,1567,General,1,done,done
748,351,Gunjeshwar Sah,72,MAHISHI,JD(U),"Graduate From Saharsa College Saharsa, Bhagalpur University, Year-1966",Graduate,1,4619573,46 Lacs,,,https://www.myneta.info/Bihar2025/candidate.php?candidate_id=1570,74,1570,General,10,done,done
749,909,Raviranjan Kumar Singh,37,MAHNAR,Vikas Insaf Party,2005,Others,0,760000,7 Lacs,,,https://www.myneta.info/Bihar2025/candidate.php?candidate_id=748,140,748,General,63,done,done
750,1078,Shiveshwar Kumar,39,MAHNAR,IND,"Inter from Bihar Inter Mediate (Science) from Patna in 2002, Matric from Ram Avtar Sahay High School Jandaha, Patna in 2000",12th Pass,0,44339800,4 Crore,1 Lacs,112000.0,https://www.myneta.info/Bihar2025/candidate.php?candidate_id=73,140,73,General,1,done,done
751,390,Jai Singh,38,MAHNAR,Janshakti Janta Dal,Intermediate From JRC Inter College Nayagaon Patna in 2006,12th Pass,2,220877000,22 Crore,2 Lacs,230000.0,https://www.myneta.info/Bihar2025/candidate.php?candidate_id=1575,140,1575,General,6,done,done
752,436,Kiran Yadav,36,MAHNAR,IND,Madhyamik from Sikkim Open Board in 2024,10th Pass,1,4835033,48 Lacs,4 Lacs,400000.0,https://www.myneta.info/Bihar2025/candidate.php?candidate_id=207,140,207,General,1,done,done
753,1290,Yoganand Kumar Singh Kusvaha,29,MAHNAR,Ambedkar National Congress,B.Sc (Zoology) 2022 from Muzaffarpur University,Graduate,0,7200,7 Thou,,,https://www.myneta.info/Bihar2025/candidate.php?candidate_id=295,140,295,General,69,done,done
754,1212,Umesh Singh Kushwaha,51,MAHNAR,JD(U),"ISC Pass in 1990 from Aachary Narendradeo College, Shahpur, Samastipur",12th Pass,0,26226285,2 Crore,,,https://www.myneta.info/Bihar2025/candidate.php?candidate_id=34,140,34,General,10,done,done
755,567,Mithilesh Kumar Singh,54,MAHNAR,IND,"BA, LLB",Graduate Professional,0,8190000,81 Lacs,20 Lacs,2000000.0,https://www.myneta.info/Bihar2025/candidate.php?candidate_id=1573,140,1573,General,1,done,done
756,230,Chandan Kumar,30,MAHNAR,IND,MA Sanskrit Hons From Dharmsabha Sanskrit University Muzaffarpur,Post Graduate,0,960000,9 Lacs,,,https://www.myneta.info/Bihar2025/candidate.php?candidate_id=1576,140,1576,General,1,done,done
757,310,Dr. Rajesh Kumar,51,MAHNAR,Jan Suraaj Party,"M.B.B.S., Doctor of Medicine (Pediatrics)  Year 1998-2001) Moti Lal Nehru Medical College, Allahabad University of Allahabad U.P",Doctorate,0,139300815,13 Crore,,,https://www.myneta.info/Bihar2025/candidate.php?candidate_id=1580,140,1580,General,4,done,done
758,568,Mithilesh Kumar Singh Sathi,55,MAHNAR,Sathi Aur Aapka Faisala Party,"LLB in 2008 from Magadh University, Bodh Gaya, B.A. (English) in 1992 from Bihar University, Mazaffarpur",Graduate Professional,1,58298203,5 Crore,9 Lacs,946530.0,https://www.myneta.info/Bihar2025/candidate.php?candidate_id=3,140,3,General,95,done,done
759,1267,Vipin Kumar,30,MAHNAR,AAP,Inter From RPS College in 2011,12th Pass,0,6661000,66 Lacs,,,https://www.myneta.info/Bihar2025/candidate.php?candidate_id=1572,140,1572,General,15,done,done
760,863,Ramesh Sahni,53,MAHNAR,IND,Literate,Literate,0,6323000,63 Lacs,40 Thou,40000.0,https://www.myneta.info/Bihar2025/candidate.php?candidate_id=1578,140,1578,General,1,done,done
761,1269,Vipin Kumar,34,MAHNAR,IND,"Intermediate from Acharya Narendra Dev College, Shahpur in 2009",12th Pass,0,26590254,2 Crore,1 Crore,10408690.0,https://www.myneta.info/Bihar2025/candidate.php?candidate_id=206,140,206,General,1,done,done
762,17,Achutanand,68,MAHNAR,Rashtriya Lok Janshakti Party,Ph.D From Bihar University in 1994,Doctorate,2,7450000,74 Lacs,25 Lacs,2500000.0,https://www.myneta.info/Bihar2025/candidate.php?candidate_id=1574,140,1574,General,12,done,done
763,963,Sanjay Kumar Ray,49,MAHNAR,IND,"Post Graduate (Sociology) , Year 2010 from Magadh University",Post Graduate,3,66800552,6 Crore,,,https://www.myneta.info/Bihar2025/candidate.php?candidate_id=1571,140,1571,General,1,done,done
764,661,Om Prabha Kumari,45,MAHNAR,BSP,Graduate From Womens College Ranchi University in 2001,Graduate,0,46829400,4 Crore,2 Crore,29606000.0,https://www.myneta.info/Bihar2025/candidate.php?candidate_id=626,140,626,General,5,done,done
765,907,Ravindra Kumar Singh,58,MAHNAR,RJD,B.E. From Jorhat Engineering College Dibrugarh Assam in 1990,Graduate Professional,3,52585235,5 Crore,40 Lacs,4000000.0,https://www.myneta.info/Bihar2025/candidate.php?candidate_id=1579,140,1579,General,11,done,done
766,1121,Subodh Singh,44,MAHNAR,IND,Literate,Literate,0,9112700,91 Lacs,,,https://www.myneta.info/Bihar2025/candidate.php?candidate_id=625,140,625,General,1,done,done
767,372,Indrajeet Pradhan,60,MAHUA,Jan Suraaj Party,Post Graduate and Graduate  from Lalit Narayan Mithila University Darbhanga in 1990 and Inter From Charan Karpuri Satyanarayan Mehar Ali University Samastipur in 1982,Post Graduate,0,61181610,6 Crore,11 Thou,11011.0,https://www.myneta.info/Bihar2025/candidate.php?candidate_id=1581,13,1581,General,4,done,done
768,131,Ashma Parveen,50,MAHUA,IND,"MBBS From Patna Medical College and Hospital ,Patna University in 1999, DGO From Patna Medical College and Hospital Patna University in 2008",Graduate Professional,1,37841119,3 Crore,17 Lacs,1789924.0,https://www.myneta.info/Bihar2025/candidate.php?candidate_id=630,13,630,General,1,done,done
769,1189,Tej Pratap Yadav,36,MAHUA,Janshakti Janta Dal,Intermediate From Bihar School Examination Board Patna From Rammohan Roy Seminary +2 Patna in 2010,12th Pass,8,28813543,2 Crore,,,https://www.myneta.info/Bihar2025/candidate.php?candidate_id=631,13,631,General,6,done,done
770,607,Mukesh Kumar Raushan,37,MAHUA,RJD,BDS Buddha Institute of Dental Science &amp; Hospital Patna in 2007,Graduate Professional,2,82215407,8 Crore,2 Crore,27772119.0,https://www.myneta.info/Bihar2025/candidate.php?candidate_id=296,13,296,General,11,done,done
771,44,Akhilesh Kumar Thakur,39,MAHUA,NCP,8th Pass From Govt. Middle School Fatepur,8th Pass,0,1520000,15 Lacs,,,https://www.myneta.info/Bihar2025/candidate.php?candidate_id=1583,13,1583,General,37,done,done
772,396,Jay Narayan Sah,70,MAHUA,Bajjikanchal Vikas Party,M.Sc Mathematic From B.N Mandal University Madhepura in 1992 and LLB From S.K.J Law College Muzzafarpur in 1997,Post Graduate,0,12404533,1 Crore,,,https://www.myneta.info/Bihar2025/candidate.php?candidate_id=1587,13,1587,General,53,done,done
773,1002,Sarita Sah,25,MAHUA,IND,"B.Voc(Yoga) From Baba Saheb Bhim Rao Ambedkar Muzaffarpur Bihar ,Bihar University ,L.N College Bhagwanpur in 2024",Graduate,0,565000,5 Lacs,,,https://www.myneta.info/Bihar2025/candidate.php?candidate_id=1584,13,1584,General,1,done,done
774,64,Amit Kumar,45,MAHUA,All India Majlis-E-Ittehadul Muslimeen,P.HD (Doctor of Philosophy in Political Science) From Chhatrapati Sahu Ji Maharaj University Kanpur in 2011,Doctorate,12,200690892,20 Crore,3 Crore,38991635.0,https://www.myneta.info/Bihar2025/candidate.php?candidate_id=629,13,629,General,61,done,done
775,919,Rimjhim Devi,30,MAHUA,BSP,inter Bihar Education Board Patna in 2014,12th Pass,0,365000,3 Lacs,,,https://www.myneta.info/Bihar2025/candidate.php?candidate_id=1588,13,1588,General,5,done,done
776,843,Ram Sagar Sahni,44,MAHUA,IND,Literate,Literate,14,4084000,40 Lacs,22 Lacs,2207000.0,https://www.myneta.info/Bihar2025/candidate.php?candidate_id=1582,13,1582,General,1,done,done
777,632,Naresh Ray,52,MAHUA,IND,Literate,Literate,2,634000,6 Lacs,67 Thou,67000.0,https://www.myneta.info/Bihar2025/candidate.php?candidate_id=1586,13,1586,General,1,done,done
778,803,Raju Mahto,50,MAHUA,Bhartiya Sarthak Party,Literate,Literate,0,6065000,60 Lacs,,,https://www.myneta.info/Bihar2025/candidate.php?candidate_id=74,13,74,General,56,done,done
779,473,Lalit Kumar Ghosh,61,MAHUA,SUCI(C),B.A. from B.R. Ambedkar University Muzaffarpur in 1988,Graduate,0,1972672,19 Lacs,,,https://www.myneta.info/Bihar2025/candidate.php?candidate_id=30,13,30,General,25,done,done
780,968,Sanjay Kumar Singh,45,MAHUA,Lok Janshakti Party (Ram Vilas),"Graduate From Jai Murat Rai Degree Nirpur , B.R.A.B.U(Muzaffarpur) in 2016 , 12th Passed From S.K.M.R.D College B.I.E.C in 2000",Graduate,2,73046744,7 Crore,,,https://www.myneta.info/Bihar2025/candidate.php?candidate_id=1590,13,1590,General,36,done,done
781,78,Amresh Kumar,33,MAHUA,IND,Graduate From B.R.A.B Muzaffarpur in 2014,Graduate,0,5800000,58 Lacs,3 Lacs,300000.0,https://www.myneta.info/Bihar2025/candidate.php?candidate_id=1585,13,1585,General,1,done,done
782,990,Sannu Devi,39,MANER,IND,,Illiterate,0,16529550,1 Crore,,,https://www.myneta.info/Bihar2025/candidate.php?candidate_id=1593,17,1593,General,1,done,done
783,1250,Vikash Kumar Alias Dikesh Singh,42,MANER,IND,,Illiterate,14,16529550,1 Crore,,,https://www.myneta.info/Bihar2025/candidate.php?candidate_id=75,17,75,General,1,done,done
784,953,Sandip Kumar Singh Alias Gopal Sandeep Singh,57,MANER,Jan Suraaj Party,Intermediate From K.P. Inter College Allahabad UP in1987,12th Pass,1,806052000,80 Crore,12 Lacs,1200000.0,https://www.myneta.info/Bihar2025/candidate.php?candidate_id=1597,17,1597,General,4,done,done
785,241,Chandrashekhar Mahto,55,MANER,IND,Non Matric,8th Pass,0,550000,5 Lacs,,,https://www.myneta.info/Bihar2025/candidate.php?candidate_id=1596,17,1596,General,1,done,done
786,989,Sannee Kumar,32,MANER,IND,"B.A , Magadh University Bodh Gaya 2020",Graduate,0,72000,72 Thou,,,https://www.myneta.info/Bihar2025/candidate.php?candidate_id=126,17,126,General,1,done,done
787,1043,Shankar Kumar,49,MANER,Janshakti Janta Dal,10th High school Maner  1990,10th Pass,3,460000,4 Lacs,4 Lacs,400000.0,https://www.myneta.info/Bihar2025/candidate.php?candidate_id=747,17,747,General,6,done,done
788,188,Bhai Birendra,64,MANER,RJD,B.A. Patna University 1984,Graduate,7,43100359,4 Crore,,,https://www.myneta.info/Bihar2025/candidate.php?candidate_id=127,17,127,General,11,done,done
789,347,Gudiya Kumari,30,MANER,IND,Literate,Literate,0,560000,5 Lacs,,,https://www.myneta.info/Bihar2025/candidate.php?candidate_id=1598,17,1598,General,1,done,done
790,533,Mantosh Kumar Singh,30,MANER,Insaniyat Party,12th Passed Maner High School,12th Pass,0,50000,50 Thou,,,https://www.myneta.info/Bihar2025/candidate.php?candidate_id=1592,17,1592,General,96,done,done
791,603,Mukesh Kumar,45,MANER,IND,"Matric Passed , 2000",10th Pass,2,12000000,1 Crore,,,https://www.myneta.info/Bihar2025/candidate.php?candidate_id=1595,17,1595,General,1,done,done
792,1009,Satish Kumar,62,MANER,Rashtriya Jansambhavna Party,"B.A. Magadh University , Inter ,  BIEC",Graduate,0,226000,2 Lacs,,,https://www.myneta.info/Bihar2025/candidate.php?candidate_id=298,17,298,General,8,done,done
793,1065,Shiv Kumar Singh,49,MANER,Apna Kisan Party,Inter B.S.College Danapur 1991,12th Pass,0,50000,50 Thou,50 Thou,50000.0,https://www.myneta.info/Bihar2025/candidate.php?candidate_id=297,17,297,General,66,done,done
794,409,Jitendra Yadav,45,MANER,Lok Janshakti Party (Ram Vilas),"Matric , Rampur High School Raghopur vaishali 1984",10th Pass,0,133700000,13 Crore,30 Lacs,3000000.0,https://www.myneta.info/Bihar2025/candidate.php?candidate_id=1594,17,1594,General,36,done,done
795,1287,Y.V.Giri,76,MANJHI,Jan Suraaj Party,"M.A. Patna University Year 1971, L.L.B Patna University Year 1972",Post Graduate,0,299966582,29 Crore,1 Crore,12048746.0,https://www.myneta.info/Bihar2025/candidate.php?candidate_id=635,231,635,General,4,done,done
796,874,Randhir Kumar Singh,42,MANJHI,JD(U),Intermediate Passed  Sant Jeviyars College Ranchi 2000,12th Pass,4,21730609,2 Crore,50 Lacs,5083573.0,https://www.myneta.info/Bihar2025/candidate.php?candidate_id=744,231,744,General,10,done,done
797,280,Dharmendra Kumar Sharma,40,MANJHI,Jagrook Janta Party,Intermediate From Madhav Singh College Tajpur 2003,12th Pass,0,1050000,10 Lacs,,,https://www.myneta.info/Bihar2025/candidate.php?candidate_id=633,231,633,General,14,done,done
798,988,Sanju Yadav,37,MANJHI,IND,Matriculation From Dalan Singh High School Manjhi Saran Manjhi Saran 2008,10th Pass,0,26310685,2 Crore,6 Thou,6125.0,https://www.myneta.info/Bihar2025/candidate.php?candidate_id=745,231,745,General,1,done,done
799,633,Nasim Ahamad,45,MANJHI,Aazad Samaj Party (Kanshi Ram),Matric From BSEB Patna Year 1994,10th Pass,1,4830982,48 Lacs,45 Thou,45680.0,https://www.myneta.info/Bihar2025/candidate.php?candidate_id=746,231,746,General,29,done,done
800,991,Sanotsh Prasad,47,MANJHI,BSP,"Matric,  High School  Jalalpur Saran 1993",10th Pass,1,723000,7 Lacs,,,https://www.myneta.info/Bihar2025/candidate.php?candidate_id=1599,231,1599,General,5,done,done
801,1171,Suresh Kumar Ram,26,MANJHI,IND,Inter From Dalan Singh High school Mnajhi Saran 2016,12th Pass,1,10000,10 Thou,,,https://www.myneta.info/Bihar2025/candidate.php?candidate_id=632,231,632,General,1,done,done
802,710,Pratibha Devi,31,MANJHI,Suheldev Bharatiya Samaj Party,Literate,Literate,0,35000,35 Thou,,,https://www.myneta.info/Bihar2025/candidate.php?candidate_id=1600,231,1600,General,55,done,done
803,665,Om Prakash Prasad,58,MANJHI,IND,Graduate From Nand Lal Singh College jaitpur Daudpur Muzaffarpur University Bihar 1986,Graduate,2,5000000,50 Lacs,,,https://www.myneta.info/Bihar2025/candidate.php?candidate_id=1602,231,1602,General,1,done,done
804,142,Ashok Sharma,53,MANJHI,IND,Graduate  Sanskrit (Hons.) Lok College Hafijpur Baniapur Saran  1992-95 JP University Chhapra,Graduate,0,78410000,7 Crore,,,https://www.myneta.info/Bihar2025/candidate.php?candidate_id=299,231,299,General,1,done,done
805,316,Dr. Satyendra Yadav,48,MANJHI,CPI(M),"Ph.D, From Patna University 2010 ,  M.A, From Jai Prakash University 2005",Doctorate,8,26310685,2 Crore,6 Thou,6125.0,https://www.myneta.info/Bihar2025/candidate.php?candidate_id=634,231,634,General,50,done,done
806,504,Manegar Ray,34,MARHAURA,IND,Literate,Literate,0,115000,1 Lacs,,,https://www.myneta.info/Bihar2025/candidate.php?candidate_id=743,101,743,General,1,done,done
807,475,Lalu Prasad Yadav,45,MARHAURA,Rashtriya Jansambhavna Party,"Intermediate from Pandit Jawaharlal Nehru College, Marhaura in 1997, Matric from Khedan Prasad High School, Silhouri, Marhaura in 1995",12th Pass,0,1360000,13 Lacs,,,https://www.myneta.info/Bihar2025/candidate.php?candidate_id=2,101,2,General,8,done,done
808,103,Ankit Kumar,26,MARHAURA,IND,"Inter from Thakur Om Praksh Singh U.M.Bhi. Pakadi Dih, Saran, Matric from Islamia High School with Inter College",12th Pass,0,1643278,16 Lacs,73 Thou,73000.0,https://www.myneta.info/Bihar2025/candidate.php?candidate_id=636,101,636,General,1,done,done
809,731,Purushottam Kumar,38,MARHAURA,Rashtriya Sab Janshakti Party,"Graduate Scince from Cochin University Science and Technology in 2020, Intermediate from Pandit Jawahar Lal Neharu College, Madras in 2004",Graduate,2,7490000,74 Lacs,14 Lacs,1400000.0,https://www.myneta.info/Bihar2025/candidate.php?candidate_id=1603,101,1603,General,81,done,done
810,951,Sandev Kumar Ray,31,MARHAURA,IND,"Graduate  in 2013 from Jaiprakash University Chapra, Prithvi Chand Science College Chapra, Intermediate in 2010 from Ganga Singh College Chapra Saran",Graduate,0,2522267,25 Lacs,,,https://www.myneta.info/Bihar2025/candidate.php?candidate_id=10,101,10,General,1,done,done
811,406,Jitendra Kumar Rai,46,MARHAURA,RJD,"Graduate from Lok College Hafizpur(J.P.U.) in 1998, Inter from Rajendra College in 1994, Matric from Y.K.High School, Khodai, Bagh in 1992",Graduate,5,44726450,4 Crore,1 Crore,16554000.0,https://www.myneta.info/Bihar2025/candidate.php?candidate_id=259,101,259,General,11,done,done
812,16,Abhishek Ranjan,29,MARHAURA,IND,B.Com from J.P. university Chapra,Graduate,0,60000,60 Thou,,,https://www.myneta.info/Bihar2025/candidate.php?candidate_id=741,101,741,General,1,done,done
813,636,Naveen Kumar Singh Alias Abhay Singh,54,MARHAURA,Jan Suraaj Party,"Graduate from Baba Saheb Bhimrao Ambedkar University, Muzaffarpur in 1993",Graduate,1,101681821,10 Crore,3 Crore,30850021.0,https://www.myneta.info/Bihar2025/candidate.php?candidate_id=742,101,742,General,4,done,done
814,488,Madhubala Giri,51,MARHAURA,The Plurals Party,"Post Graduate from Andhra University, Vishakhapatnam in 2003, Graduate Science from B.Bhi.K. College Vishakhapatnam Andhra University in 1993",Post Graduate,0,24550517,2 Crore,,,https://www.myneta.info/Bihar2025/candidate.php?candidate_id=1604,101,1604,General,20,done,done
815,825,Ram Ekwal Ravidas,72,MASAURHI (SC),IND,Non Matric,8th Pass,0,7580906,75 Lacs,,,https://www.myneta.info/Bihar2025/candidate.php?candidate_id=1606,67,1606,General,1,done,done
816,520,Manoj Kumar,51,MASAURHI (SC),BSP,Literate,Literate,0,1925000,19 Lacs,,,https://www.myneta.info/Bihar2025/candidate.php?candidate_id=1610,67,1610,General,5,done,done
817,121,Arun Manjhi,53,MASAURHI (SC),JD(U),"Matric from HIgh School Nargada, Bihar Board in 1987",10th Pass,0,10943000,1 Crore,,,https://www.myneta.info/Bihar2025/candidate.php?candidate_id=147,67,147,General,10,done,done
818,1244,Vijendra Paswan,68,MASAURHI (SC),IND,"I.A. from S.M.D. College, Punpun, Patna in 1971",12th Pass,0,596000,5 Lacs,,,https://www.myneta.info/Bihar2025/candidate.php?candidate_id=1608,67,1608,General,1,done,done
819,913,Rekha Devi,54,MASAURHI (SC),RJD,7th Pass from M.School Narouli Patna,5th Pass,4,24935703,2 Crore,36 Thou,36250.0,https://www.myneta.info/Bihar2025/candidate.php?candidate_id=639,67,639,General,11,done,done
820,1112,Sri Kant Kumar,46,MASAURHI (SC),IND,Inter from A.P. College Nadaul in 1998,12th Pass,0,121250,1 Lacs,,,https://www.myneta.info/Bihar2025/candidate.php?candidate_id=1605,67,1605,General,1,done,done
821,899,Ravi Prakash,47,MASAURHI (SC),IND,"Inter from Bihar School Examination Board, Pannu Lal Singh College in 1996",12th Pass,0,6847100,68 Lacs,50 Thou,50000.0,https://www.myneta.info/Bihar2025/candidate.php?candidate_id=1609,67,1609,General,1,done,done
822,788,Rajeshwar Manjhi,53,MASAURHI (SC),Jan Suraaj Party,Literate,Literate,1,1936200,19 Lacs,9 Lacs,900000.0,https://www.myneta.info/Bihar2025/candidate.php?candidate_id=1607,67,1607,General,4,done,done
823,383,Jagat Paswan,57,MASAURHI (SC),IND,Matric Pass from Daroga Ram High School in 1987,10th Pass,0,715350,7 Lacs,,,https://www.myneta.info/Bihar2025/candidate.php?candidate_id=210,67,210,General,1,done,done
824,113,Arun Kumar,80,MATIHANI,Jan Suraaj Party,"MD From Patna Medical College, Patna, Year-1979 &amp; MBBS From Patna Medical College, Patna, Year-1975",Post Graduate,1,98872265,9 Crore,,,https://www.myneta.info/Bihar2025/candidate.php?candidate_id=211,20,211,General,4,done,done
825,628,Narendra Kumar Singh Alias Bogo Singh,59,MATIHANI,RJD,"Intermediate from Ganesh Dutt College, Begusarai, BIEC in 1984",12th Pass,7,112582870,11 Crore,71 Lacs,7190179.0,https://www.myneta.info/Bihar2025/candidate.php?candidate_id=642,20,642,General,11,done,done
826,1248,Vikash Kumar,28,MATIHANI,IND,"10th Pass from Harihar Mahto High School, Amari Chhaurahi in 2013",10th Pass,0,2589576,25 Lacs,1 Lacs,172000.0,https://www.myneta.info/Bihar2025/candidate.php?candidate_id=740,20,740,General,1,done,done
827,805,Rakesh Kumar,37,MATIHANI,IND,Graduate from IGNOU in 2013,Graduate,0,4958700,49 Lacs,1 Lacs,100000.0,https://www.myneta.info/Bihar2025/candidate.php?candidate_id=738,20,738,General,1,done,done
828,760,Raj Kumar Singh,56,MATIHANI,JD(U),"Graduation from Ramjas College, Delhi in 1987-90",Graduate,0,167520419,16 Crore,50 Lacs,5000000.0,https://www.myneta.info/Bihar2025/candidate.php?candidate_id=641,20,641,General,10,done,done
829,259,Devanand Raut,49,MATIHANI,Samata Party,Intermediate of Arts from B.I.E.C. Patna in 1994,12th Pass,0,269020,2 Lacs,,,https://www.myneta.info/Bihar2025/candidate.php?candidate_id=640,20,640,General,43,done,done
830,1066,Shiv Kumar Yadav,38,MINAPUR,SUCI(C),"Graduate from B R B College, Samstipur in 2018-2021",Graduate,0,2023,2 Thou,,,https://www.myneta.info/Bihar2025/candidate.php?candidate_id=6,138,6,General,25,done,done
831,407,Jitendra Prasad,52,MINAPUR,Rashtriya Jansambhavna Party,Matric BSEB 1988 2nd Division,10th Pass,0,226000,2 Lacs,,,https://www.myneta.info/Bihar2025/candidate.php?candidate_id=76,138,76,General,8,done,done
832,768,Rajeev Kumar Alias Munna Yadav,58,MINAPUR,RJD,Inter From Ram Manohar Lohiya College Muzaffarpur In 1986,12th Pass,4,33375573,3 Crore,22 Lacs,2223931.0,https://www.myneta.info/Bihar2025/candidate.php?candidate_id=736,138,736,General,11,done,done
833,253,Deenanath Prasad,37,MINAPUR,IND,Literate,Literate,1,5991000,59 Lacs,2 Lacs,250000.0,https://www.myneta.info/Bihar2025/candidate.php?candidate_id=737,138,737,General,1,done,done
834,282,Dharmvir Kumar Sharma,30,MINAPUR,Jagrook Janta Party,Intermediat from Y.K.J.M. College Tariyani In 2022,12th Pass,0,164373,1 Lacs,15 Lacs,1567000.0,https://www.myneta.info/Bihar2025/candidate.php?candidate_id=1612,138,1612,General,14,done,done
835,1188,Tej Narayan Sahni,55,MINAPUR,Jan Suraaj Party,Graduate from Mahamaya Technical University Noida,Graduate,1,16600000,1 Crore,,,https://www.myneta.info/Bihar2025/candidate.php?candidate_id=212,138,212,General,4,done,done
836,985,Sanjiv Chaudhri,34,MINAPUR,IND,"intermediate From YBK Inter College, Manipur In Year 2010",12th Pass,3,32225663,3 Crore,32 Lacs,3240000.0,https://www.myneta.info/Bihar2025/candidate.php?candidate_id=734,138,734,General,1,done,done
837,993,Santosh Kumar,34,MINAPUR,IND,Inter fromm Commercial Inter College Muzaffarpur In 2010,12th Pass,0,4855660,48 Lacs,29 Lacs,2900000.0,https://www.myneta.info/Bihar2025/candidate.php?candidate_id=644,138,644,General,1,done,done
838,454,Kumar Pushpendra,26,MINAPUR,BSP,"Graduate From Ranchi College, Ranchi In 2019",Graduate,0,290000,2 Lacs,,,https://www.myneta.info/Bihar2025/candidate.php?candidate_id=1611,138,1611,General,5,done,done
839,25,Ajay Kumar,51,MINAPUR,JD(U),"Intermediate Science In 1995 From Sant Vinova F.B.R.R.K. College Purvi Champaran, Bihar Intermediate Examination Board Patna",12th Pass,9,23868005,2 Crore,1 Lacs,190000.0,https://www.myneta.info/Bihar2025/candidate.php?candidate_id=735,138,735,General,10,done,done
840,857,Ramesh Kumar,40,MINAPUR,IND,"PG+Bilish Bihar University Muzaffarpur, 2010, 2012 to 2013",Post Graduate,0,2420110,24 Lacs,,,https://www.myneta.info/Bihar2025/candidate.php?candidate_id=77,138,77,General,1,done,done
841,1210,Umesh Ray,59,MOHIUDDINNAGAR,AAP,"Matric From G.D. High School Vingama, BSEB Patna In 1984",10th Pass,0,720000,7 Lacs,,,https://www.myneta.info/Bihar2025/candidate.php?candidate_id=728,177,728,General,15,done,done
842,195,Bhushan Prasad Ray,45,MOHIUDDINNAGAR,Janta Dal Rashtravadi,Graduate From A.N.D. College Shahpur Patori In 2001,Graduate,0,4550500,45 Lacs,,,https://www.myneta.info/Bihar2025/candidate.php?candidate_id=302,177,302,General,97,done,done
843,28,Ajay Kumar Bulganin,62,MOHIUDDINNAGAR,Janshakti Janta Dal,"Matric From G.D.High School Bingama, BSEB, Patna In 1993",10th Pass,1,10513198,1 Crore,4 Lacs,449924.0,https://www.myneta.info/Bihar2025/candidate.php?candidate_id=645,177,645,General,6,done,done
844,1283,Vishwanath Sah,51,MOHIUDDINNAGAR,IND,9th Pass B.R.B.High School Andaur Samastipur,8th Pass,0,2769480,27 Lacs,,,https://www.myneta.info/Bihar2025/candidate.php?candidate_id=124,177,124,General,1,done,done
845,781,Rajesh Kumar Singh,51,MOHIUDDINNAGAR,BJP,Graduate (Hons) 1995 Bhim Rao Ambedkar University Muzaffarpur,Graduate,0,36383718,3 Crore,,,https://www.myneta.info/Bihar2025/candidate.php?candidate_id=727,177,727,General,0,done,done
846,8,Abhiranjan Kumar,25,MOHIUDDINNAGAR,IND,"B.Sc. Nursing (2020-2024),  Aryabhatt Gyan University, Patna",Graduate,0,3129000,31 Lacs,,,https://www.myneta.info/Bihar2025/candidate.php?candidate_id=732,177,732,General,1,done,done
847,794,Rajkapoor Singh,45,MOHIUDDINNAGAR,Jan Suraaj Party,"Inter  R.N. College Hajipur,  BSEB In 1997",12th Pass,1,3696000,36 Lacs,,,https://www.myneta.info/Bihar2025/candidate.php?candidate_id=300,177,300,General,4,done,done
848,1142,Sunil Kumar Ray,39,MOHIUDDINNAGAR,IND,"Matric,  BSEB 1995",10th Pass,3,860000,8 Lacs,,,https://www.myneta.info/Bihar2025/candidate.php?candidate_id=731,177,731,General,1,done,done
849,1173,Surjeet Shyamal,45,MOHIUDDINNAGAR,IND,"M.C.A.From Sikkim Manipal University In  2016, B.C.A From J.P.University Chhapra In 2015",Post Graduate,1,11232114,1 Crore,,,https://www.myneta.info/Bihar2025/candidate.php?candidate_id=301,177,301,General,1,done,done
850,77,Amrendra Kumar Yadav,52,MOHIUDDINNAGAR,BSP,M.A. From Darbhanga University In 1994,Post Graduate,0,5650000,56 Lacs,,,https://www.myneta.info/Bihar2025/candidate.php?candidate_id=733,177,733,General,5,done,done
851,833,Ram Mohan Ray,31,MOHIUDDINNAGAR,Sathi Aur Aapka Faisala Party,B.A. Hons History 2014 LNMU Darbhanga,Graduate,1,3582979,35 Lacs,1 Lacs,115000.0,https://www.myneta.info/Bihar2025/candidate.php?candidate_id=729,177,729,General,95,done,done
852,324,Ejya Yadav,53,MOHIUDDINNAGAR,RJD,"Ph.D. From Bhupendra Narayan Mandal University Madhepura ,Bihar, M.A (English) Patna University",Doctorate,2,123071265,12 Crore,98 Lacs,9847850.0,https://www.myneta.info/Bihar2025/candidate.php?candidate_id=730,177,730,General,11,done,done
853,90,Anant Kumar Singh,64,MOKAMA,JD(U),Literate,Literate,28,1006173708,100 Crore,25 Crore,259955110.0,https://www.myneta.info/Bihar2025/candidate.php?candidate_id=78,116,78,General,10,done,done
854,744,Rahul Kumar,45,MOKAMA,Lokhit Adhikar Party,"I.Sc. (PCM) from Bihar Intermediate Education Council, G.D. College, Begusari in 2000",12th Pass,0,4335000,43 Lacs,8 Lacs,870000.0,https://www.myneta.info/Bihar2025/candidate.php?candidate_id=1617,116,1617,General,98,done,done
855,514,Manju Kumari,45,MOKAMA,Panchpauniya Samaj Party,"Matric from Bihar School Examination Board Patna, Girls High School Gadhara in 1994",10th Pass,0,4214062,42 Lacs,22 Lacs,2200000.0,https://www.myneta.info/Bihar2025/candidate.php?candidate_id=1618,116,1618,General,39,done,done
856,1247,Vikash Kumar,28,MOKAMA,IND,Diploma Mechanical Engineering,Others,0,6487000,64 Lacs,,,https://www.myneta.info/Bihar2025/candidate.php?candidate_id=1613,116,1613,General,1,done,done
857,724,Priyadarshi Piyush,30,MOKAMA,Jan Suraaj Party,Master of Arts in Social Work (Criminology and Justice) from Tata Institute of Social Science Mumbai (TISS) in 2023,Post Graduate,0,4149250,41 Lacs,15 Lacs,1500000.0,https://www.myneta.info/Bihar2025/candidate.php?candidate_id=1615,116,1615,General,4,done,done
858,311,Dr. Rajesh Kumar Ratnakar,48,MOKAMA,AAP,"M.A. in 2025 from Patliputra University Associate Degree in 2013, Graduate in 2018 from Patna University",Post Graduate,1,9546141,95 Lacs,10 Lacs,1057000.0,https://www.myneta.info/Bihar2025/candidate.php?candidate_id=1614,116,1614,General,15,done,done
859,95,Anil Kumar,60,MOKAMA,IND,"Matric from High School Barouda, Munger",10th Pass,0,12805000,1 Crore,,,https://www.myneta.info/Bihar2025/candidate.php?candidate_id=1616,116,1616,General,1,done,done
860,1221,Veena Devi,52,MOKAMA,RJD,"9th Pass in 1985 from Shiv Charan Bharti Sanskrit High School from Dularpur Math, Teghara",8th Pass,0,135148146,13 Crore,,,https://www.myneta.info/Bihar2025/candidate.php?candidate_id=388,116,388,General,11,done,done
861,221,Brijendu Kumar Singh,49,MORWA,Hindustani Awam Manch (United),"Matric from Govt High School 1996, Computer Diploma Haldwani  Nainital  2001",10th Pass,1,87590000,8 Crore,26 Lacs,2680000.0,https://www.myneta.info/Bihar2025/candidate.php?candidate_id=1407,111,1407,General,99,done,done
862,992,Santhosh Rai,44,MORWA,BSP,MBA from Manipal Sikkim University 2014,Post Graduate,0,1410000,14 Lacs,,,https://www.myneta.info/Bihar2025/candidate.php?candidate_id=1405,111,1405,General,5,done,done
863,386,Jagriti,34,MORWA,Jan Suraaj Party,BDS from Magadh University Bodh Gaya Bihar  Buddha Institute of Dental science &amp; Hospital Patna 2009-13,Graduate Professional,0,12217064,1 Crore,5 Lacs,500000.0,https://www.myneta.info/Bihar2025/candidate.php?candidate_id=80,111,80,General,4,done,done
864,1196,Tuntun Ray,38,MORWA,AAP,Unter Graduate from  Acharya Narendra Dev College Patori 2003,12th Pass,1,200000,2 Lacs,,,https://www.myneta.info/Bihar2025/candidate.php?candidate_id=1403,111,1403,General,15,done,done
865,242,Chandrashekhar Rai,72,MORWA,SUCI(C),Matric from High School Saungar Morwa Samastipur  1986,10th Pass,0,5126800,51 Lacs,25 Thou,25000.0,https://www.myneta.info/Bihar2025/candidate.php?candidate_id=79,111,79,General,25,done,done
866,3,Abhay Kumar Singh,43,MORWA,IND,"Graduate, A.N.D. College Shahpur Patori Samastipur LNMU Darbhanga 2003",Graduate,0,53249115,5 Crore,1 Lacs,102000.0,https://www.myneta.info/Bihar2025/candidate.php?candidate_id=1404,111,1404,General,1,done,done
867,1225,Vidya Sagar Singh Nishad,57,MORWA,JD(U),Graduate from Armed Forces Medical Service in 2009,Graduate,0,27555678,2 Crore,18 Lacs,1852500.0,https://www.myneta.info/Bihar2025/candidate.php?candidate_id=1406,111,1406,General,10,done,done
868,889,Ranvijay Sahu,49,MORWA,RJD,B.Sc. from College of Commerce 1998,Graduate,1,64453965,6 Crore,21 Lacs,2185511.0,https://www.myneta.info/Bihar2025/candidate.php?candidate_id=389,111,389,General,11,done,done
869,878,Ranjeet Kumar,38,MORWA,Apna Kisan Party,"Graduate, (Pol. Sci ) from Baliram Bhagat College,  L.N.M.U. in 2008",Graduate,0,12900850,1 Crore,,,https://www.myneta.info/Bihar2025/candidate.php?candidate_id=303,111,303,General,66,done,done
870,155,Avinash Kumar Vidyarthi,42,MUNGER,RJD,12th pass Bihar intermediate Education Council patna 2001,12th Pass,5,62197865,6 Crore,71 Lacs,7198306.0,https://www.myneta.info/Bihar2025/candidate.php?candidate_id=391,123,391,General,11,done,done
871,444,Krishna Mandal,54,MUNGER,IND,Literate,Literate,2,1797278,17 Lacs,80 Thou,80000.0,https://www.myneta.info/Bihar2025/candidate.php?candidate_id=394,123,394,General,1,done,done
872,1251,Vikash Kumar Arya,47,MUNGER,SUCI(C),Intermediate (Science) Steel City College Jamshedpur,12th Pass,0,9007000,90 Lacs,,,https://www.myneta.info/Bihar2025/candidate.php?candidate_id=721,123,721,General,25,done,done
873,890,Ranvir Sahani,53,MUNGER,BSP,Intermediate from Bihar Intermediate Council Patna 1992,12th Pass,0,3538200,35 Lacs,,,https://www.myneta.info/Bihar2025/candidate.php?candidate_id=722,123,722,General,5,done,done
874,593,Monazir Hassan,68,MUNGER,All India Majlis-E-Ittehadul Muslimeen,"Ph.D. from Bihar University Muzaffarpur in 1989, M.A. from Bhagalpur University Bhagalpur in 1981",Doctorate,0,15483080,1 Crore,14 Lacs,1431500.0,https://www.myneta.info/Bihar2025/candidate.php?candidate_id=724,123,724,General,61,done,done
875,811,Rakesh Kumar,26,MUNGER,IND,"Inter pass from Philip high school bariyarpur, Munger",12th Pass,0,20000,20 Thou,,,https://www.myneta.info/Bihar2025/candidate.php?candidate_id=393,123,393,General,1,done,done
876,392,Jamuna Lal Srivastava,75,MUNGER,IND,Intermediate from KSS College  Lavisarai in 1969,12th Pass,0,430000,4 Lacs,,,https://www.myneta.info/Bihar2025/candidate.php?candidate_id=1619,123,1619,General,1,done,done
877,762,Raja Keshri,35,MUNGER,IND,12th pass from Saraswati Mandir Munger 2010,12th Pass,0,210000,2 Lacs,,,https://www.myneta.info/Bihar2025/candidate.php?candidate_id=390,123,390,General,1,done,done
878,453,Kumar Pranay,52,MUNGER,BJP,M.A. from Tilak Manjhi Bhagalpur University 1998,Post Graduate,9,1708195842,170 Crore,28 Lacs,2841272.0,https://www.myneta.info/Bihar2025/candidate.php?candidate_id=392,123,392,General,0,done,done
879,995,Santosh Kumar Mandal,37,MUNGER,IND,Literate,Literate,2,7834000,78 Lacs,,,https://www.myneta.info/Bihar2025/candidate.php?candidate_id=725,123,725,General,1,done,done
880,971,Sanjay Kumar Singh,52,MUNGER,Jan Suraaj Party,"M.A. from Bhagalpur University, LLB from Bhagalpur University",Post Graduate,0,12164140,1 Crore,60 Lacs,6040000.0,https://www.myneta.info/Bihar2025/candidate.php?candidate_id=723,123,723,General,4,done,done
881,24,Ajay Kumar,50,MUZAFFARPUR,Bajjikanchal Vikas Party,"BA From Shyam Nandan Shay College Muzaffarpur in 1985, Intermediate From L.S. College  Muzaffarpur in 1987",12th Pass,0,750000,7 Lacs,,,https://www.myneta.info/Bihar2025/candidate.php?candidate_id=395,56,395,General,53,done,done
882,965,Sanjay Kumar S/O Late Nand Kishor Prasad,54,MUZAFFARPUR,IND,Intermediate From Shayam Nandan Sahay University Muzaffarpur in year 1990,12th Pass,1,4790000,47 Lacs,,,https://www.myneta.info/Bihar2025/candidate.php?candidate_id=396,56,396,General,1,done,done
883,1047,Shanu Kumar,30,MUZAFFARPUR,Aazad Samaj Party (Kanshi Ram),LLB From SKJ Law College Muzaffarpur in 2021,Graduate Professional,0,425000,4 Lacs,60 Thou,60000.0,https://www.myneta.info/Bihar2025/candidate.php?candidate_id=1624,56,1624,General,29,done,done
884,87,Anand Patel,50,MUZAFFARPUR,IND,9th From Rahua Highschool,8th Pass,0,350000,3 Lacs,,,https://www.myneta.info/Bihar2025/candidate.php?candidate_id=1626,56,1626,General,1,done,done
885,964,Sanjay Kumar S/O Jatan Rajak,29,MUZAFFARPUR,IND,Graduate Commerce from R.D.S College Muzaffarpur in 2016 &amp; IIT from Muzaffarpur in 2018,Graduate,0,9760000,97 Lacs,,,https://www.myneta.info/Bihar2025/candidate.php?candidate_id=1634,56,1634,General,1,done,done
886,51,Aman Kumar Jha,60,MUZAFFARPUR,SUCI(C),Graduate From B.R.A. B.U. Muzaffarpur in 2007,Graduate,0,6295938,62 Lacs,50 Thou,50000.0,https://www.myneta.info/Bihar2025/candidate.php?candidate_id=215,56,215,General,25,done,done
887,960,Sanjay Kumar Kejriwal,53,MUZAFFARPUR,IND,Intermediate,12th Pass,1,46684079,4 Crore,3 Lacs,350000.0,https://www.myneta.info/Bihar2025/candidate.php?candidate_id=214,56,214,General,1,done,done
888,270,Dhanvanti Devi,35,MUZAFFARPUR,Lok Chetna Dal,Literate (Home Study),Literate,0,7525000,75 Lacs,,,https://www.myneta.info/Bihar2025/candidate.php?candidate_id=23,56,23,General,41,done,done
889,235,Chandra Bhushan Prasad,44,MUZAFFARPUR,IND,Graduate From Langat Singh University Muzaffarpur in year 2005,Graduate,1,1122000,11 Lacs,,,https://www.myneta.info/Bihar2025/candidate.php?candidate_id=398,56,398,General,1,done,done
890,135,Ashok Kumar Jha,62,MUZAFFARPUR,Garib Janshakti Party,Matric From BSEB Patna in 1980,10th Pass,0,27069112,2 Crore,,,https://www.myneta.info/Bihar2025/candidate.php?candidate_id=1625,56,1625,General,100,done,done
891,418,Kanhaiya Kumar,46,MUZAFFARPUR,IND,"Intermediate From Niteshwar Singh College, Muzaffarpur In 1994",12th Pass,1,385000,3 Lacs,,,https://www.myneta.info/Bihar2025/candidate.php?candidate_id=213,56,213,General,1,done,done
892,522,Manoj Kumar,40,MUZAFFARPUR,Rashtriya Jansambhavna Party,BA Hons From BRABU in 2021,Graduate,0,2779000,27 Lacs,,,https://www.myneta.info/Bihar2025/candidate.php?candidate_id=397,56,397,General,8,done,done
893,306,Dr. A.K. Das,49,MUZAFFARPUR,Jan Suraaj Party,"M.D. in 2006 from P.M.C.H. Patna University, MBBS from P.M.C.H. in 2000, 12th from Central College Patna in 1993",Graduate Professional,0,143122853,14 Crore,13 Lacs,1379184.0,https://www.myneta.info/Bihar2025/candidate.php?candidate_id=81,56,81,General,4,done,done
894,540,Md Hasan,34,MUZAFFARPUR,AAP,Post Graduate From Baba Saheb Bhim Rao Ambedkar Bihar University in 2014-16,Post Graduate,0,788000,7 Lacs,,,https://www.myneta.info/Bihar2025/candidate.php?candidate_id=1622,56,1622,General,15,done,done
895,186,Baskit Kumar Sharma,34,MUZAFFARPUR,IND,"Intermediate Science, Law Student Admission Date- 17/1/2025",12th Pass,0,383000,3 Lacs,3 Lacs,310000.0,https://www.myneta.info/Bihar2025/candidate.php?candidate_id=1623,56,1623,General,1,done,done
896,549,Md Shabbir Ansari,35,MUZAFFARPUR,IND,Intermediate From Nitishwar open School in 2007,12th Pass,0,367000,3 Lacs,,,https://www.myneta.info/Bihar2025/candidate.php?candidate_id=1620,56,1620,General,1,done,done
897,172,Balak Nath Sahani,55,MUZAFFARPUR,BSP,Matric From West Bengal Board in 1985,10th Pass,0,1766000,17 Lacs,,,https://www.myneta.info/Bihar2025/candidate.php?candidate_id=1621,56,1621,General,5,done,done
898,159,Awadhesh Prasad Singh,72,MUZAFFARPUR,IND,"MA, LLB",Post Graduate,0,68528340,6 Crore,3 Lacs,358864.0,https://www.myneta.info/Bihar2025/candidate.php?candidate_id=720,56,720,General,1,done,done
899,198,Bijendra Chaudhary,62,MUZAFFARPUR,INC,"Graduate From Bihar University, Muzaffarpur in 1993",Graduate,2,55306841,5 Crore,4 Lacs,455000.0,https://www.myneta.info/Bihar2025/candidate.php?candidate_id=718,56,718,General,31,done,done
900,876,Ranjan Kumar,57,MUZAFFARPUR,BJP,Graduation From BRABU Muzaffarpur in 1988,Graduate,0,136550027,13 Crore,5 Crore,50715750.0,https://www.myneta.info/Bihar2025/candidate.php?candidate_id=719,56,719,General,0,done,done
901,456,Kumari Poonam Sinha,48,NALANDA,Jan Suraaj Party,B.A Hons Lalu mandal College Gaya Bihar,Graduate,0,14314624,1 Crore,1 Crore,14218261.0,https://www.myneta.info/Bihar2025/candidate.php?candidate_id=82,68,82,General,4,done,done
902,4,Abhi Kumar,32,NALANDA,Vikas Vanchit Insan Party,"Graduate, Magadh University  Bodh Gaya",Graduate,0,31000,31 Thou,,,https://www.myneta.info/Bihar2025/candidate.php?candidate_id=1627,68,1627,General,79,done,done
903,289,Dilip Kumar,56,NALANDA,Peoples Party of India (Democratic),"ITI, Digha Ghat Patna 1988,  N.A.C.C.W. Patna  , Advanced Textile 1999, Manpur Buniyadganj Gaya",Others,0,61000,61 Thou,,,https://www.myneta.info/Bihar2025/candidate.php?candidate_id=401,68,401,General,27,done,done
904,170,Baijnath Prasad,60,NALANDA,Bharatheeya Jawan Kisan Party,B.A. Kakatiya University  A.P.1993,Graduate,0,42273493,4 Crore,11 Lacs,1100000.0,https://www.myneta.info/Bihar2025/candidate.php?candidate_id=1630,68,1630,General,101,done,done
905,723,Priyadarshi Ashok,42,NALANDA,BSP,"Graduate Magadh University Bodh Gaya,  Opt.,  UP Medical Faculty Lucknow",Graduate,0,29140769,2 Crore,1 Lacs,158828.0,https://www.myneta.info/Bihar2025/candidate.php?candidate_id=216,68,216,General,5,done,done
906,1084,Shrawon Kumar,66,NALANDA,JD(U),"Intermediate , S.P.M.College Bihar sharif Nalanda 1977",12th Pass,0,37688394,3 Crore,10 Lacs,1056000.0,https://www.myneta.info/Bihar2025/candidate.php?candidate_id=400,68,400,General,10,done,done
907,894,Raushan Kumar,25,NALANDA,Aazad Samaj Party (Kanshi Ram),"Intermediate, Nalanda College  School  BSEB",12th Pass,0,535000,5 Lacs,,,https://www.myneta.info/Bihar2025/candidate.php?candidate_id=1629,68,1629,General,29,done,done
908,337,Gautam Rajvanshi,40,NALANDA,Moolniwasi Samaj Party,8th Pass,8th Pass,0,7500,7 Thou,,,https://www.myneta.info/Bihar2025/candidate.php?candidate_id=1628,68,1628,General,102,done,done
909,427,Kaushalendra Kumar,59,NALANDA,INC,"Law Graduate , Nalanda College Bihar Sharif  M.U.,  Bodh Gaya",Graduate Professional,1,301865214,30 Crore,3 Crore,36897703.0,https://www.myneta.info/Bihar2025/candidate.php?candidate_id=399,68,399,General,31,done,done
910,281,Dharmendra Paswan,28,NALANDA,Rashtriya Samajwadi Lok Adhikar Party,Literate,Literate,1,187000,1 Lacs,,,https://www.myneta.info/Bihar2025/candidate.php?candidate_id=1631,68,1631,General,48,done,done
911,340,Girja Ram,52,PALIGANJ,Suheldev Bharatiya Samaj Party,8th Pass from High School Masauda Patna,8th Pass,0,575000,5 Lacs,,,https://www.myneta.info/Bihar2025/candidate.php?candidate_id=1510,99,1510,General,55,done,done
912,950,Sandeep Saurav,38,PALIGANJ,CPI(ML)(L),Phd from Jawahar Lal Nehru University New Delhi in 2017,Doctorate,1,2724876,27 Lacs,1 Thou,1000.0,https://www.myneta.info/Bihar2025/candidate.php?candidate_id=84,99,84,General,2,done,done
913,84,Anand Kumar,38,PALIGANJ,Bhartiya Lok Chetna Party,"Inter siwan, Matric Highschool Amarpura Naubatpur",12th Pass,1,23578438,2 Crore,5 Lacs,560600.0,https://www.myneta.info/Bihar2025/candidate.php?candidate_id=83,99,83,General,58,done,done
914,126,Arvind Kumar Maurya,60,PALIGANJ,IND,M.Sc. from DAV College Kanpur UP,Post Graduate,1,24106029,2 Crore,,,https://www.myneta.info/Bihar2025/candidate.php?candidate_id=1514,99,1514,General,1,done,done
915,82,Anamika,45,PALIGANJ,SUCI(C),M.A. from Patna University 2003-2005,Post Graduate,0,165926,1 Lacs,,,https://www.myneta.info/Bihar2025/candidate.php?candidate_id=134,99,134,General,25,done,done
916,403,Jitendra Kumar,27,PALIGANJ,IND,Inter Science passed from Parvati High School Vikram Bihar Patna 2015,12th Pass,0,4244929,42 Lacs,,,https://www.myneta.info/Bihar2025/candidate.php?candidate_id=13,99,13,General,1,done,done
917,1138,Sunil Kumar,42,PALIGANJ,Lok Janshakti Party (Ram Vilas),Matric from High School Kinjar Arwal in 2000,10th Pass,11,109775981,10 Crore,13 Lacs,1302635.0,https://www.myneta.info/Bihar2025/candidate.php?candidate_id=712,99,712,General,36,done,done
918,598,Mritunjay Kumar,48,PALIGANJ,IND,"Graduate from Magadh University, Bodhgaya in 2003",Graduate,1,915000,9 Lacs,5 Lacs,500000.0,https://www.myneta.info/Bihar2025/candidate.php?candidate_id=403,99,403,General,1,done,done
919,1014,Satya Narayan Yadav,48,PALIGANJ,IND,Intermediate Arts Pass,12th Pass,0,605000,6 Lacs,,,https://www.myneta.info/Bihar2025/candidate.php?candidate_id=85,99,85,General,1,done,done
920,1176,Sushant,29,PALIGANJ,BSP,Postgraduate from Kashi Hindu University in 2018,Post Graduate,0,3122077,31 Lacs,,,https://www.myneta.info/Bihar2025/candidate.php?candidate_id=716,99,716,General,5,done,done
921,1035,Shambhu Kumar,25,PALIGANJ,IND,12th Pass Bihar School Education Board Dwarka Nath School Masodhi Patna,12th Pass,0,400000,4 Lacs,,,https://www.myneta.info/Bihar2025/candidate.php?candidate_id=86,99,86,General,1,done,done
922,405,Jitendra Kumar Pandit,29,PALIGANJ,Awami Samta Party,Intermediate from Bihar School Examination Board in 2016,12th Pass,0,710605,7 Lacs,,,https://www.myneta.info/Bihar2025/candidate.php?candidate_id=402,99,402,General,103,done,done
923,1095,Shyam Nandan Sharma,76,PALIGANJ,Jan Suraaj Party,"MBBS from Mahatma Gandhi Memorial College, Ranchi University in 1971",Graduate Professional,0,23701375,2 Crore,,,https://www.myneta.info/Bihar2025/candidate.php?candidate_id=715,99,715,General,4,done,done
924,1080,Shivnath Kumar,39,PALIGANJ,AAP,Matric frrom High School Paliganj in 1999,10th Pass,0,10211000,1 Crore,,,https://www.myneta.info/Bihar2025/candidate.php?candidate_id=1505,99,1505,General,15,done,done
925,631,Naresh Prasad Singh,69,PARBATTA,Rashtriya Jansambhavna Party,"B.Sc. in 1980, Inter in 1974 from Bhagalpur University",Graduate,0,6226000,62 Lacs,,,https://www.myneta.info/Bihar2025/candidate.php?candidate_id=406,199,406,General,8,done,done
926,166,Babulal Shorya,38,PARBATTA,Lok Janshakti Party (Ram Vilas),"Graduate in Physics from T M B U Bhagalpur in 2005-08, B.Ed from Raj Mata Madhuri Devi Teacher Traning College KHagaria in 2017-19",Graduate,7,10159716,1 Crore,7 Lacs,758139.0,https://www.myneta.info/Bihar2025/candidate.php?candidate_id=1503,199,1503,General,36,done,done
927,303,Doctor Sanjeev Kumar,45,PARBATTA,RJD,"M.B.B.S. from Seth G.S. Medical College &amp; K.E.M. Hospital, Mumbai in 2004, Intermediate from Shiv Prasad Singheshwar College, Desari, Vaishali in 1997",Graduate Professional,3,260108940,26 Crore,3 Crore,36827380.0,https://www.myneta.info/Bihar2025/candidate.php?candidate_id=87,199,87,General,11,done,done
928,1264,Vinay Kumar Varun,54,PARBATTA,Jan Suraaj Party,Graduate from Patna University,Graduate,1,12034000,1 Crore,4 Lacs,450000.0,https://www.myneta.info/Bihar2025/candidate.php?candidate_id=407,199,407,General,4,done,done
929,924,Robin Smith,40,PARBATTA,BSP,"MBA from Sikkim Manipal University in 2011, B.Tech from MIT Purnea in 2008",Post Graduate,0,57687800,5 Crore,,0.0,https://www.myneta.info/Bihar2025/candidate.php?candidate_id=404,199,404,General,5,done,done
930,137,Ashok Kumar Singh,51,PAROO,IND,Literate,Literate,1,94888697,9 Crore,1 Lacs,165703.0,https://www.myneta.info/Bihar2025/candidate.php?candidate_id=1495,46,1495,General,1,done,done
931,646,Niraj Kumar,49,PAROO,IND,B.A. (Hon.) From Ranchi University Ranchi (1995-98),Graduate,0,1598578,15 Lacs,11 Lacs,1102000.0,https://www.myneta.info/Bihar2025/candidate.php?candidate_id=1493,46,1493,General,1,done,done
932,1242,Vijay Thakur,52,PAROO,IND,9th From High School Ajitpur in 1988,8th Pass,0,155000,1 Lacs,,,https://www.myneta.info/Bihar2025/candidate.php?candidate_id=1492,46,1492,General,1,done,done
933,143,Ashutosh Kumar,35,PAROO,IND,Intermediate From L.P. Shahi College 2011 Muzaffarpur,12th Pass,1,25000,25 Thou,,,https://www.myneta.info/Bihar2025/candidate.php?candidate_id=1494,46,1494,General,1,done,done
934,625,Nanhak Sah,50,PAROO,SUCI(C),Intermediate (Arts) from SRPS Jaitpur 1987,12th Pass,0,21173996,2 Crore,1 Crore,10286034.0,https://www.myneta.info/Bihar2025/candidate.php?candidate_id=217,46,217,General,25,done,done
935,1228,Vijay Kumar,42,PAROO,BSP,"Law Graduate from BRABU, Muz., Year-2011",Graduate Professional,0,3630002,36 Lacs,,,https://www.myneta.info/Bihar2025/candidate.php?candidate_id=409,46,409,General,5,done,done
936,508,Manish Kumar Singh,38,PAROO,IND,"BCA From Sikkim Manipal University, Year- 2010",Graduate,0,439100,4 Lacs,,,https://www.myneta.info/Bihar2025/candidate.php?candidate_id=218,46,218,General,1,done,done
937,1045,Shankar Prasad,58,PAROO,RJD,"Graduate From Langat Singh College Muzaffarpur, BRABU Muzaffarpur in 1987",Graduate,2,26428632,2 Crore,24 Lacs,2436586.0,https://www.myneta.info/Bihar2025/candidate.php?candidate_id=711,46,711,General,11,done,done
938,478,Madan Chaudhary,57,PAROO,Rashtriya Lok Morcha,Intermediate from RDS College Muzaffarpur 1985,12th Pass,0,68496252,6 Crore,2 Crore,28461350.0,https://www.myneta.info/Bihar2025/candidate.php?candidate_id=1491,46,1491,General,104,done,done
939,877,Ranjana Kumari,47,PAROO,Jan Suraaj Party,Intermediate 2nd Division in 1995 Bihar Intermediate Education Board Patna,12th Pass,1,228143002,22 Crore,72 Thou,72795.0,https://www.myneta.info/Bihar2025/candidate.php?candidate_id=408,46,408,General,4,done,done
940,850,Ramaishwar Prasad Ray,58,PARSA,IND,Post Graduate From A.N. College Patna Bihar Magadh University Bodh Gaya,Post Graduate,0,2400000,24 Lacs,,,https://www.myneta.info/Bihar2025/candidate.php?candidate_id=1488,210,1488,General,1,done,done
941,547,Md Samim Ansari,27,PARSA,BSP,B.Tech (C.S.E) From NGF Engineering and Technology College Haryana,Graduate Professional,0,7280000,72 Lacs,50 Thou,50000.0,https://www.myneta.info/Bihar2025/candidate.php?candidate_id=308,210,308,General,5,done,done
942,246,Chhote Lal Rai,60,PARSA,JD(U),Matric Year 1986 From Ramashish Vigheshwar High School BSEB Patna,10th Pass,2,57853503,5 Crore,62 Lacs,6232380.0,https://www.myneta.info/Bihar2025/candidate.php?candidate_id=707,210,707,General,10,done,done
943,614,Muneshwar Prasad Gupta,52,PARSA,IND,5th,5th Pass,0,5551599,55 Lacs,,,https://www.myneta.info/Bihar2025/candidate.php?candidate_id=410,210,410,General,1,done,done
944,1090,Shyam Babu Ray,36,PARSA,Bhartiya Lok Chetna Party,Middle,8th Pass,0,2227000,22 Lacs,,,https://www.myneta.info/Bihar2025/candidate.php?candidate_id=709,210,709,General,58,done,done
945,594,Mosaheb Mahto,53,PARSA,IND,Literate,Literate,5,14629767,1 Crore,11 Lacs,1170953.0,https://www.myneta.info/Bihar2025/candidate.php?candidate_id=29,210,29,General,1,done,done
946,394,Javahir Singh,43,PARSA,Insaniyat Party,10th Passed From Darihara High School,10th Pass,0,130000,1 Lacs,,,https://www.myneta.info/Bihar2025/candidate.php?candidate_id=1487,210,1487,General,96,done,done
947,479,Madan Mohan Srivastava,61,PARSA,"Proutist Bloc, India","Inter from Pandit Ugam Pandey College, Motihari, Bihar in 1981",12th Pass,1,9046000,90 Lacs,1 Lacs,109203.0,https://www.myneta.info/Bihar2025/candidate.php?candidate_id=88,210,88,General,88,done,done
948,1087,Shriniwas Sah,47,PARSA,IND,8th Passed,8th Pass,1,2683700,26 Lacs,30 Thou,30000.0,https://www.myneta.info/Bihar2025/candidate.php?candidate_id=219,210,219,General,1,done,done
949,207,Bipin Kr Singh,31,PARSA,NCP,Inter Year 2013 From Munshilal College Marar-Dighara Parsa,12th Pass,0,2525000,25 Lacs,3 Lacs,300000.0,https://www.myneta.info/Bihar2025/candidate.php?candidate_id=307,210,307,General,37,done,done
950,683,Pawan Tiwari,28,PARSA,AAP,Matric Year 2013 From Sarvodhya Boys School Mangolpuri CBSE Delhi,10th Pass,0,3657000,36 Lacs,,,https://www.myneta.info/Bihar2025/candidate.php?candidate_id=708,210,708,General,15,done,done
951,421,Karishma,47,PARSA,RJD,Master in Dental Surgery ITS Dental College &amp; Hospital Muaradnagar CCS University Meerut Year 2013,Post Graduate,0,49199309,4 Crore,39 Lacs,3900000.0,https://www.myneta.info/Bihar2025/candidate.php?candidate_id=710,210,710,General,11,done,done
952,251,Dasai Chaudhary,72,PATEPUR (SC),Jan Suraaj Party,"Graduate From Bhimrao Ambedkar Bihar University, Muzaffarpur, Year-1974",Graduate,0,17866394,1 Crore,20 Lacs,2000000.0,https://www.myneta.info/Bihar2025/candidate.php?candidate_id=1485,152,1485,General,4,done,done
953,920,Rina Kumari,36,PATEPUR (SC),Janshakti Janta Dal,Literate,Literate,3,1050000,10 Lacs,,,https://www.myneta.info/Bihar2025/candidate.php?candidate_id=1482,152,1482,General,6,done,done
954,974,Sanjay Paswan,46,PATEPUR (SC),IND,"10th Pass From Janta High School Harprasad, Murtujapur, Vaishali, Year-1995",10th Pass,1,5182300,51 Lacs,90 Thou,90000.0,https://www.myneta.info/Bihar2025/candidate.php?candidate_id=1486,152,1486,General,1,done,done
955,1136,Sunaina Devi,53,PATEPUR (SC),IND,"5th Pass From Primary School Premraj, Vaishali",5th Pass,0,1023000,10 Lacs,6 Lacs,650000.0,https://www.myneta.info/Bihar2025/candidate.php?candidate_id=411,152,411,General,1,done,done
956,325,Faguni Manjhi,56,PATEPUR (SC),IND,Literate,Literate,0,190500,1 Lacs,,,https://www.myneta.info/Bihar2025/candidate.php?candidate_id=1480,152,1480,General,1,done,done
957,562,Mira Devi,44,PATEPUR (SC),BSP,"Matric Pass From Bihar School Examination Council, Patna",10th Pass,0,6795000,67 Lacs,1 Lacs,100000.0,https://www.myneta.info/Bihar2025/candidate.php?candidate_id=1483,152,1483,General,5,done,done
958,161,Awanish,38,PATEPUR (SC),IND,"Graduate From Ramdayalu Singh College, Muzaffarpur, Year-2008",Graduate,0,756500,7 Lacs,10 Lacs,1000000.0,https://www.myneta.info/Bihar2025/candidate.php?candidate_id=1481,152,1481,General,1,done,done
959,464,Lakhendra Kumar Raushan,46,PATEPUR (SC),BJP,B.A. From B.R.A.B.U. Muzaffarpur,Graduate,0,16444027,1 Crore,55 Lacs,5573016.0,https://www.myneta.info/Bihar2025/candidate.php?candidate_id=412,152,412,General,0,done,done
960,719,Prema Chaudhary,65,PATEPUR (SC),RJD,"Graduate From Bhagalpur University, Bhagalpur, Year-1988",Graduate,0,141732000,14 Crore,22 Lacs,2242142.0,https://www.myneta.info/Bihar2025/candidate.php?candidate_id=413,152,413,General,11,done,done
961,96,Anil Paswan,45,PATEPUR (SC),IND,"12th Pass From Laxmi Narayan College, Bhagwanpur, Vaishali, Bihar, Year-1998",12th Pass,1,14930663,1 Crore,,,https://www.myneta.info/Bihar2025/candidate.php?candidate_id=1484,152,1484,General,1,done,done
962,18,Adil Aftab Khan,29,PATNA SAHIB,NCP,"Bachelor of Computer Applications, 2012-2015 from Maulana Mazharul Haque Arabic and Persian University",Graduate Professional,0,4110400,41 Lacs,9 Lacs,900000.0,https://www.myneta.info/Bihar2025/candidate.php?candidate_id=1476,127,1476,General,37,done,done
963,873,Randhir Kumar,53,PATNA SAHIB,BSP,Matric from Ditanbahadur R.K. High school Patna city in 1987,10th Pass,0,27458952,2 Crore,,,https://www.myneta.info/Bihar2025/candidate.php?candidate_id=1479,127,1479,General,5,done,done
964,65,Amit Kumar Albela,51,PATNA SAHIB,IND,Graduation Arts 1997 Patna University B.N. College Patna,Graduate,0,18331716,1 Crore,,,https://www.myneta.info/Bihar2025/candidate.php?candidate_id=310,127,310,General,1,done,done
965,891,Ratnesh Kumar,45,PATNA SAHIB,BJP,"LLB from Patna College Patna University 2003, B.Com Patna University 2000",Graduate Professional,1,35811141,3 Crore,38 Lacs,3840154.0,https://www.myneta.info/Bihar2025/candidate.php?candidate_id=705,127,705,General,0,done,done
966,664,Om Prakash Panjiyar,72,PATNA SAHIB,Sarv Jan Party (Bharat),"Matric from P.N. Anglo Sanskrit School, Patna 1967",10th Pass,0,7068379,70 Lacs,7 Lacs,700000.0,https://www.myneta.info/Bihar2025/candidate.php?candidate_id=1475,127,1475,General,105,done,done
967,548,Md Shabab Rahbar,36,PATNA SAHIB,Rashtriya Jansambhavna Party,"Inter from BSEB Science In 2006, 3rd Division",12th Pass,0,926000,9 Lacs,,,https://www.myneta.info/Bihar2025/candidate.php?candidate_id=90,127,90,General,8,done,done
968,561,Minu Kumari,39,PATNA SAHIB,Janshakti Janta Dal,"LLB from TLS College, Pune University 2009",Graduate Professional,2,6276000,62 Lacs,74 Lacs,7430205.0,https://www.myneta.info/Bihar2025/candidate.php?candidate_id=1478,127,1478,General,6,done,done
969,541,Md Iftekhar Hussain,52,PATNA SAHIB,Bharatiya Momin Front,Non Matric from R.V.P High School Tenughat Dam Jharkhand,8th Pass,0,8382646,83 Lacs,,,https://www.myneta.info/Bihar2025/candidate.php?candidate_id=220,127,220,General,18,done,done
970,1050,Shashant Shekhar,34,PATNA SAHIB,INC,"PGDM from IIM Calcutta 2017, B.Tech from IIT Delhi 2014",Post Graduate,0,12388527,1 Crore,2 Crore,27317381.0,https://www.myneta.info/Bihar2025/candidate.php?candidate_id=706,127,706,General,31,done,done
971,1266,Vinita Mishra,55,PATNA SAHIB,Jan Suraaj Party,12th Commerce from C.M. Arts College Darbhanga in 1987,12th Pass,1,35057056,3 Crore,8 Lacs,850000.0,https://www.myneta.info/Bihar2025/candidate.php?candidate_id=1477,127,1477,General,4,done,done
972,1052,Shashi Kant Prasad,39,PHULWARI (SC),Jan Suraaj Party,Post graduation patna university in 2011,Post Graduate,0,23015280,2 Crore,50 Lacs,5041948.0,https://www.myneta.info/Bihar2025/candidate.php?candidate_id=418,197,418,General,4,done,done
973,1131,Sukesh Kumar,32,PHULWARI (SC),IND,Inter pass from Sanskrit School board in 2021,12th Pass,0,877000,8 Lacs,,,https://www.myneta.info/Bihar2025/candidate.php?candidate_id=1473,197,1473,General,1,done,done
974,605,Mukesh Kumar,36,PHULWARI (SC),Rashtriya Republican Party,10th,10th Pass,0,3428986,34 Lacs,50 Thou,50000.0,https://www.myneta.info/Bihar2025/candidate.php?candidate_id=416,197,416,General,106,done,done
975,497,Mahesh Paswan,56,PHULWARI (SC),Bhartiya Lok Chetna Party,Matric Sanskrit high school Sikaria,10th Pass,0,3166000,31 Lacs,25 Lacs,2500000.0,https://www.myneta.info/Bihar2025/candidate.php?candidate_id=417,197,417,General,58,done,done
976,1086,Shri Raj Paswan,50,PHULWARI (SC),Prabal Bharat Party,Intermediate from J.J. Rambagh Bihta college 1991,12th Pass,0,407000,4 Lacs,,,https://www.myneta.info/Bihar2025/candidate.php?candidate_id=311,197,311,General,107,done,done
977,115,Arun Kumar Rajak,66,PHULWARI (SC),AAP,"B.A. History (Hons.) 1980-82, Patna College, Patna University",Graduate,1,25914696,2 Crore,10 Lacs,1000000.0,https://www.myneta.info/Bihar2025/candidate.php?candidate_id=415,197,415,General,15,done,done
978,1296,Yuvraj Kumar,28,PHULWARI (SC),Samata Party,Bachelor of Arts (History Hon) from Magadh University in 2023,Graduate,0,823653,8 Lacs,,,https://www.myneta.info/Bihar2025/candidate.php?candidate_id=91,197,91,General,43,done,done
979,1145,Sunil Paswan,50,PHULWARI (SC),Rashtriya Lok Janshakti Party,I.Sc from Bihar Intermediate Education council patna in 1992,12th Pass,0,1006500,10 Lacs,,,https://www.myneta.info/Bihar2025/candidate.php?candidate_id=1469,197,1469,General,12,done,done
980,729,Puja Kumari,30,PHULWARI (SC),IND,Post Graduation from B.N. Mandal University Madhepura in 2025,Post Graduate,1,25536,25 Thou,,,https://www.myneta.info/Bihar2025/candidate.php?candidate_id=1471,197,1471,General,1,done,done
981,1097,Shyam Rajak,71,PHULWARI (SC),JD(U),B.Com in 1975 from Commerce College Patna University,Graduate,4,51404858,5 Crore,51 Lacs,5195788.0,https://www.myneta.info/Bihar2025/candidate.php?candidate_id=115,197,115,General,10,done,done
982,93,Anil Das,40,PHULWARI (SC),IND,Literate,Literate,0,1690000,16 Lacs,,,https://www.myneta.info/Bihar2025/candidate.php?candidate_id=221,197,221,General,1,done,done
983,342,Gopal Ravi Das,56,PHULWARI (SC),CPI(ML)(L),"B.A. 1987, Patna University Patna",Graduate,1,2124246,21 Lacs,,,https://www.myneta.info/Bihar2025/candidate.php?candidate_id=132,197,132,General,2,done,done
984,169,Baidyanath Kumar Sah,53,RAGHOPUR,IND,10th Pass from High School Mathura Gokhula Year 1988,10th Pass,1,5748338,57 Lacs,,,https://www.myneta.info/Bihar2025/candidate.php?candidate_id=1465,27,1465,General,1,done,done
985,820,Ram Babu Ray,49,RAGHOPUR,Jantantra Awaj Party,Literate (Non Metric),8th Pass,0,1800000,18 Lacs,,,https://www.myneta.info/Bihar2025/candidate.php?candidate_id=1463,27,1463,General,26,done,done
986,1190,Tejashwi Prasad Yadav,36,RAGHOPUR,RJD,"9th Pass from DPS R.K. Puram, New Delhi - Year 2006",8th Pass,22,90137812,9 Crore,1 Crore,19125566.0,https://www.myneta.info/Bihar2025/candidate.php?candidate_id=117,27,117,General,11,done,done
987,572,Mohamad Rizwanul Azam,51,RAGHOPUR,Janta Dal Rashtravadi,Intermediate from Virchand Smarak Mahavidyalaya,12th Pass,0,4587410,45 Lacs,,,https://www.myneta.info/Bihar2025/candidate.php?candidate_id=422,27,422,General,97,done,done
988,801,Raju Kumar,29,RAGHOPUR,AAP,"Graduation from Braj Mohan Das College, Vaishali, Babasaheb Bhimrao Ambedkar University, Muzaffarpur, Year 2019",Graduate,0,5450000,54 Lacs,,,https://www.myneta.info/Bihar2025/candidate.php?candidate_id=1461,27,1461,General,15,done,done
989,226,Chanchal Kumar,40,RAGHOPUR,Jan Suraaj Party,"Matric Pass From Prithvi Singh High School, Year 2000",10th Pass,0,62797000,6 Crore,60 Lacs,6000000.0,https://www.myneta.info/Bihar2025/candidate.php?candidate_id=421,27,421,General,4,done,done
990,716,Prem Kumar,36,RAGHOPUR,Janshakti Janta Dal,"M.A (History) From MGAR, University Wardha, Year 2021 &amp;  LL.B.from Patliputra University, Patna Year 2024",Post Graduate,2,31228624,3 Crore,4 Lacs,493267.0,https://www.myneta.info/Bihar2025/candidate.php?candidate_id=1462,27,1462,General,6,done,done
991,176,Baliram Singh,58,RAGHOPUR,IND,Non Matric,8th Pass,0,4473000,44 Lacs,,,https://www.myneta.info/Bihar2025/candidate.php?candidate_id=1460,27,1460,General,1,done,done
992,1011,Satish Kumar,59,RAGHOPUR,BJP,"M.Sc. From College of Commerce, Arts and Science, M.U. Year 1992",Post Graduate,1,15431500,1 Crore,12 Lacs,1234000.0,https://www.myneta.info/Bihar2025/candidate.php?candidate_id=1468,27,1468,General,0,done,done
993,1205,Umesh Mahato,48,RAGHOPUR,Rashtriya Jansambhavna Party,Non-Matric,8th Pass,0,226000,2 Lacs,,,https://www.myneta.info/Bihar2025/candidate.php?candidate_id=92,27,92,General,8,done,done
994,1061,Shilam Jha,49,RAGHOPUR,Akhil Hind Forward Bloc (Krantikari),"Graduation (History from Babasaheb Bhimrao Ambedkar Bihar University, Muzaffarpur",Graduate,0,1300000,13 Lacs,,,https://www.myneta.info/Bihar2025/candidate.php?candidate_id=1467,27,1467,General,108,done,done
995,97,Anil Singh,53,RAGHOPUR,NCP,"Intermediate (Science) Braj Mohan Das College Dayalpur, Bihar University , Muzaffarpur Year 1980",12th Pass,0,3255000,32 Lacs,,,https://www.myneta.info/Bihar2025/candidate.php?candidate_id=1466,27,1466,General,37,done,done
996,428,Kavita Kumari,31,RAGHOPUR,Bihar Justice Party,B.Tech from Gani Khan Chy. Institute Of Technology Year 2016,Graduate Professional,0,1190000,11 Lacs,,,https://www.myneta.info/Bihar2025/candidate.php?candidate_id=1464,27,1464,General,109,done,done
997,455,Kumar Santosh,50,RAGHUNATHPUR,Suheldev Bharatiya Samaj Party,"MA From Patna University in 1999, BA From Patna University in 1995",Post Graduate,1,2447585,24 Lacs,,,https://www.myneta.info/Bihar2025/candidate.php?candidate_id=424,153,424,General,55,done,done
998,100,Anita Kumari,46,RAGHUNATHPUR,IND,Graduate From Maharaja Agrasen Himalayan Garhwal University Pauri,Graduate,0,6076000,60 Lacs,,,https://www.myneta.info/Bihar2025/candidate.php?candidate_id=1459,153,1459,General,1,done,done
999,1215,Upendra Singh,43,RAGHUNATHPUR,IND,"Diploma in Mechanical Engineering From BTU in 2005, Inter From Board of Secondary Education Uttar Pradesh in year 2000",Others,0,5092000,50 Lacs,,,https://www.myneta.info/Bihar2025/candidate.php?candidate_id=223,153,223,General,1,done,done
1000,680,Pashupati Nath Chaturvedi,71,RAGHUNATHPUR,Janshakti Janta Dal,LLB From College of Commerce Patna Magadh University Gaya in 1983,Graduate Professional,0,17469127,1 Crore,,,https://www.myneta.info/Bihar2025/candidate.php?candidate_id=647,153,647,General,6,done,done
1001,743,Rahul Kirti,51,RAGHUNATHPUR,Jan Suraaj Party,"Intermediate- Bihar Intermediate Education Council in Year 1994, Matric- Bihar School Examination Board Patna Year 1991",12th Pass,0,110924383,11 Crore,63 Lacs,6322589.0,https://www.myneta.info/Bihar2025/candidate.php?candidate_id=222,153,222,General,4,done,done
1002,1254,Vikash Kumar Singh,48,RAGHUNATHPUR,JD(U),"Graduate (Hons) From Babasaheb Bhimrao Ambedkar University, Muzaffarpur in 1994",Graduate,0,84105421,8 Crore,16 Lacs,1647626.0,https://www.myneta.info/Bihar2025/candidate.php?candidate_id=703,153,703,General,10,done,done
1003,667,Osama Shahab,31,RAGHUNATHPUR,RJD,Matriculation under CBSE From The School-Col Satsangis Kiran Mem Sch Kiran Kunj New Delhi in 2010,10th Pass,2,80251612,8 Crore,,,https://www.myneta.info/Bihar2025/candidate.php?candidate_id=425,153,425,General,11,done,done
1004,602,Mukesh Kumar,44,RAJA PAKAR (SC),Jan Suraaj Party,Matric From Bihar School Education Board Patna,10th Pass,0,13759000,1 Crore,,,https://www.myneta.info/Bihar2025/candidate.php?candidate_id=1458,200,1458,General,4,done,done
1005,1081,Shivnath Kumar Paswan,50,RAJA PAKAR (SC),Rashtriya Lok Janshakti Party,BA From Devghar Vidyapith Jharkhand Year 2003,Graduate,0,7480300,74 Lacs,,,https://www.myneta.info/Bihar2025/candidate.php?candidate_id=1455,200,1455,General,12,done,done
1006,591,Mohit Paswan,31,RAJA PAKAR (SC),CPI,Graduate (History Honours) From Baba Saheb Bheem Rao Ambedkar University B.P.S. College Desari Vaishali,Graduate,2,4280000,42 Lacs,5 Lacs,520000.0,https://www.myneta.info/Bihar2025/candidate.php?candidate_id=1452,200,1452,General,30,done,done
1007,670,Pankaj Kumar,32,RAJA PAKAR (SC),Aazad Samaj Party (Kanshi Ram),"Inter From Sant Kabir Mahant Ravindradas Brahamchari Inter College, Vaishali, Year-2011",12th Pass,1,1080600,10 Lacs,4 Lacs,494000.0,https://www.myneta.info/Bihar2025/candidate.php?candidate_id=1454,200,1454,General,29,done,done
1008,30,Ajay Kumar Paswan,47,RAJA PAKAR (SC),IND,Literate,Literate,0,380000,3 Lacs,,,https://www.myneta.info/Bihar2025/candidate.php?candidate_id=1453,200,1453,General,1,done,done
1009,495,Mahendra Ram,48,RAJA PAKAR (SC),JD(U),"Post Graduate From R.N. College Hajipur Bihar University, BRABU, Muzaffarpur, Year 2006",Post Graduate,0,28517312,2 Crore,80 Lacs,8097115.0,https://www.myneta.info/Bihar2025/candidate.php?candidate_id=1456,200,1456,General,10,done,done
1010,713,Pratima Kumari,49,RAJA PAKAR (SC),INC,"B.Sc, LL.B",Graduate Professional,2,19382928,1 Crore,28 Lacs,2850000.0,https://www.myneta.info/Bihar2025/candidate.php?candidate_id=426,200,426,General,31,done,done
1011,984,Sanjeev Chowdhary,25,RAJA PAKAR (SC),The Plurals Party,"MBA From MMHAPU, Patna Year 2021-23",Post Graduate,0,105000,1 Lacs,,,https://www.myneta.info/Bihar2025/candidate.php?candidate_id=1457,200,1457,General,20,done,done
1012,429,Kavita Kumari,29,RAJA PAKAR (SC),IND,"Graduate From NN College Singhara, Year-2022",Graduate,0,9325000,93 Lacs,,,https://www.myneta.info/Bihar2025/candidate.php?candidate_id=1450,200,1450,General,1,done,done
1013,446,Krishna Mohan Paswan,45,RAJA PAKAR (SC),BSP,8th Passed From Sri Mulkjada Singh High School Dighi Hajipur Vaishali,8th Pass,0,2535516,25 Lacs,,,https://www.myneta.info/Bihar2025/candidate.php?candidate_id=1451,200,1451,General,5,done,done
1014,278,Dharmendra Kumar,47,RAJA PAKAR (SC),Jantantra Awaj Party,B.Sc  Math Hounours University Bodhgaya in 2004 to 2007,Graduate,0,10157138,1 Crore,,,https://www.myneta.info/Bihar2025/candidate.php?candidate_id=93,200,93,General,26,done,done
1015,227,Chandan Kumar,33,RAJA PAKAR (SC),All India Forward Bloc,Graduate From Magadh University Year 2020,Graduate,0,2995000,29 Lacs,15 Thou,15000.0,https://www.myneta.info/Bihar2025/candidate.php?candidate_id=224,200,224,General,44,done,done
1016,1208,Umesh Ram,54,RAJA PAKAR (SC),SUCI(C),"Matric From Bihar School Education Board 1987, ITI Fiter From Muzaffarpur Year 1989",Others,0,1763000,17 Lacs,20 Thou,20000.0,https://www.myneta.info/Bihar2025/candidate.php?candidate_id=312,200,312,General,25,done,done
1017,141,Ashok Paswan,39,RAJA PAKAR (SC),Sathi Aur Aapka Faisala Party,B.A.(Honours Political Science) From BRBA Muzaffarpur Year 2014,Graduate,0,5950379,59 Lacs,1 Lacs,100000.0,https://www.myneta.info/Bihar2025/candidate.php?candidate_id=1449,200,1449,General,95,done,done
1018,213,Bishwanath Chaudhary,65,RAJGIR (SC),CPI(ML)(L),B.Sc. Engineering (Civil) From BEC Patna University in 1978-82,Graduate,0,33401863,3 Crore,,,https://www.myneta.info/Bihar2025/candidate.php?candidate_id=1447,11,1447,General,2,done,done
1019,517,Mano Devi,47,RAJGIR (SC),Moolniwasi Samaj Party,Literate,Literate,0,50000,50 Thou,,,https://www.myneta.info/Bihar2025/candidate.php?candidate_id=1444,11,1444,General,102,done,done
1020,101,Anjali Roy,28,RAJGIR (SC),IND,Bachelor of Law From Faculty of Law from Delhi University in 2023,Graduate Professional,0,125000,1 Lacs,,,https://www.myneta.info/Bihar2025/candidate.php?candidate_id=1448,11,1448,General,1,done,done
1021,1239,Vijay Paswan,50,RAJGIR (SC),IND,"Intermediate from Nalanda College, Biharsharif in 1994",12th Pass,0,790300,7 Lacs,1 Lacs,160000.0,https://www.myneta.info/Bihar2025/candidate.php?candidate_id=1445,11,1445,General,1,done,done
1022,1020,Satyendra Kumar,48,RAJGIR (SC),Jan Suraaj Party,"Intermediate From Nalanda College, Bihar Sharif",12th Pass,3,20548390,2 Crore,23 Lacs,2302000.0,https://www.myneta.info/Bihar2025/candidate.php?candidate_id=225,11,225,General,4,done,done
1023,1198,Ugrasen Paswan,56,RAJGIR (SC),IND,"9th Pass From Sheetal High School, Maghara",8th Pass,0,68035,68 Thou,,,https://www.myneta.info/Bihar2025/candidate.php?candidate_id=1446,11,1446,General,1,done,done
1024,426,Kaushal Kishore,52,RAJGIR (SC),JD(U),"LLB from Patna Law College, Patna University, Year-2006 &amp; Graduate From Magadh University, Bodhgaya, year-1994",Graduate Professional,0,22321970,2 Crore,,,https://www.myneta.info/Bihar2025/candidate.php?candidate_id=428,11,428,General,10,done,done
1025,1116,Subhash Ram,66,RAJPUR (SC),Bhartiya Sarthak Party,Matric 1986 Sanskrit School Mohanpur,10th Pass,0,2707000,27 Lacs,,,https://www.myneta.info/Bihar2025/candidate.php?candidate_id=1437,194,1437,General,56,done,done
1026,191,Bhim Ram,46,RAJPUR (SC),Sarvjan Sanatan Party,Matric Year 1999 from RK High School Tipra,10th Pass,0,3047000,30 Lacs,10 Lacs,1000000.0,https://www.myneta.info/Bihar2025/candidate.php?candidate_id=1438,194,1438,General,110,done,done
1027,469,Lal Jee Ram,51,RAJPUR (SC),BSP,Graduate from Magadh College Buxar Dist. Buxar,Graduate,0,3065581,30 Lacs,,,https://www.myneta.info/Bihar2025/candidate.php?candidate_id=1436,194,1436,General,5,done,done
1028,175,Baleshwar Ram,71,RAJPUR (SC),Rashtriya Jansambhavna Party,Non-Matric,8th Pass,0,226000,2 Lacs,,,https://www.myneta.info/Bihar2025/candidate.php?candidate_id=226,194,226,General,8,done,done
1029,1064,Shiv Kumar Ram,59,RAJPUR (SC),Suheldev Bharatiya Samaj Party,LLM from The Global University Bhagalpur 2012,Post Graduate,2,6523000,65 Lacs,10 Lacs,1000000.0,https://www.myneta.info/Bihar2025/candidate.php?candidate_id=702,194,702,General,55,done,done
1030,55,Amar Paswan,55,RAJPUR (SC),Rashtriya Lok Janshakti Party,Literate,Literate,0,3100000,31 Lacs,12 Lacs,1200000.0,https://www.myneta.info/Bihar2025/candidate.php?candidate_id=1439,194,1439,General,12,done,done
1031,1156,Suraj Prakash Ram,30,RAJPUR (SC),Sanyukt Kisan Vikas Party,B.A.  DK College Dumrao,Graduate,0,90000,90 Thou,94 Thou,94000.0,https://www.myneta.info/Bihar2025/candidate.php?candidate_id=429,194,429,General,65,done,done
1032,1282,Vishwanath Ram,53,RAJPUR (SC),INC,Graduate in 1989 from BD Evening College Patna,Graduate,0,18683445,1 Crore,11 Lacs,1120820.0,https://www.myneta.info/Bihar2025/candidate.php?candidate_id=700,194,700,General,31,done,done
1033,1079,Shivji Kumar,33,RAJPUR (SC),Janshakti Vikas Party (Democratic),Non Matric,8th Pass,0,2665000,26 Lacs,,,https://www.myneta.info/Bihar2025/candidate.php?candidate_id=1433,194,1433,General,75,done,done
1034,996,Santosh Kumar Nirala,50,RAJPUR (SC),JD(U),LLB in 2009 from JKT Law College Buxar,Graduate Professional,1,37604965,3 Crore,87 Lacs,8708135.0,https://www.myneta.info/Bihar2025/candidate.php?candidate_id=701,194,701,General,10,done,done
1035,267,Dhananjay Kumar,42,RAJPUR (SC),Jan Suraaj Party,"Inter in 2007 from PC College Buxar, Diploma (Primary Education) 2018 Indira Gandhi NIOS",12th Pass,5,9351889,93 Lacs,14 Lacs,1422000.0,https://www.myneta.info/Bihar2025/candidate.php?candidate_id=430,194,430,General,4,done,done
1036,831,Ram Lal Ram,74,RAJPUR (SC),IND,Graduate Arts Allahabd University,Graduate,1,9120000,91 Lacs,3 Lacs,350000.0,https://www.myneta.info/Bihar2025/candidate.php?candidate_id=1434,194,1434,General,1,done,done
1037,778,Rajesh Kumar Paswan,43,ROSERA (SC),IND,Bachelor of Arts from L.N.M.U. Darbhanga in 2008,Graduate,0,611000,6 Lacs,,,https://www.myneta.info/Bihar2025/candidate.php?candidate_id=1432,63,1432,General,1,done,done
1038,262,Devendra Kumar Paswan,38,ROSERA (SC),Bhartiya Mahasangh Party,M.Sc (Phy.) Year 2008 LNMU Darbhanga,Post Graduate,0,2800000,28 Lacs,,,https://www.myneta.info/Bihar2025/candidate.php?candidate_id=227,63,227,General,24,done,done
1039,211,Birendra Kumar,49,ROSERA (SC),BJP,Graduate (Science) From Darbanga Year 1995,Graduate,0,11784500,1 Crore,,,https://www.myneta.info/Bihar2025/candidate.php?candidate_id=432,63,432,General,0,done,done
1040,926,Rohit Kumar,26,ROSERA (SC),Jan Suraaj Party,Post Graduate From IGNOU Delhi Year 2021,Post Graduate,3,7146000,71 Lacs,12 Lacs,1264922.0,https://www.myneta.info/Bihar2025/candidate.php?candidate_id=431,63,431,General,4,done,done
1041,217,Braj Kishore Ravi,61,ROSERA (SC),INC,Post Graduate (Sociology) From Delhi University Year 1987,Post Graduate,0,40307872,4 Crore,49 Lacs,4962969.0,https://www.myneta.info/Bihar2025/candidate.php?candidate_id=313,63,313,General,31,done,done
1042,67,Amit Kumar Baitha,31,ROSERA (SC),BSP,"B.Com, LLB from L.N.M.U. Darbhanga in 2025",Graduate Professional,2,4155000,41 Lacs,5 Lacs,500000.0,https://www.myneta.info/Bihar2025/candidate.php?candidate_id=1431,63,1431,General,5,done,done
1043,22,Ajablal Mehta,36,SAHARSA,BSP,"12th Pass From C.M. Science College, Madhepura",12th Pass,0,1293000,12 Lacs,,,https://www.myneta.info/Bihar2025/candidate.php?candidate_id=698,75,698,General,5,done,done
1044,437,Kishor Kumar,54,SAHARSA,Jan Suraaj Party,"LLB From R.M.M. Law College, Saharsa, B.N.M.U. Madhepura, Year-2017",Graduate Professional,2,42014766,4 Crore,,,https://www.myneta.info/Bihar2025/candidate.php?candidate_id=433,75,433,General,4,done,done
1045,536,Md Amirul Hasan,39,SAHARSA,Rashtriya Jansambhavna Party,"Inter From URDU Board, Year-2004",12th Pass,0,286000,2 Lacs,,,https://www.myneta.info/Bihar2025/candidate.php?candidate_id=1426,75,1426,General,8,done,done
1046,50,Alok Ranjan,51,SAHARSA,BJP,"Ph.D. From B.N.M.U., Madhepur, Year-2007 &amp; Post Graduate From B.N.M.U., Madhepur, Year-1996",Doctorate,0,75550110,7 Crore,3 Crore,34434732.0,https://www.myneta.info/Bihar2025/candidate.php?candidate_id=434,75,434,General,0,done,done
1047,583,Mohammad Nazir,47,SAHARSA,IND,"10th Pass From National Open School of Education, Year-2012",10th Pass,1,5612174,56 Lacs,41 Lacs,4144757.0,https://www.myneta.info/Bihar2025/candidate.php?candidate_id=1424,75,1424,General,1,done,done
1048,373,Indrajeet Prasad Gupta,55,SAHARSA,Indian Inclusive Party,"M.Tech. in Civil Engineering From M.D.U. Rohtak, Haryana, Year-2018",Post Graduate,4,352835680,35 Crore,59 Lacs,5973003.0,https://www.myneta.info/Bihar2025/candidate.php?candidate_id=1428,75,1428,General,45,done,done
1049,862,Ramesh Sah,29,SAHARSA,IND,"10th Pass From District School, Saharsa, Year-2010",10th Pass,0,2701742,27 Lacs,10 Lacs,1006000.0,https://www.myneta.info/Bihar2025/candidate.php?candidate_id=228,75,228,General,1,done,done
1050,260,Devchandra Yadav,46,SAHARSA,IND,Literate,Literate,15,8345000,83 Lacs,,,https://www.myneta.info/Bihar2025/candidate.php?candidate_id=699,75,699,General,1,done,done
1051,214,Bittu Kumar,27,SAHARSA,Rashtriya Samaj Paksha,"12th Pass From S.N.S.R.K.S College Saharsa, Bihar School Examination Council, Year-2018",12th Pass,0,4781600,47 Lacs,,,https://www.myneta.info/Bihar2025/candidate.php?candidate_id=1427,75,1427,General,111,done,done
1052,56,Amar Shankar,41,SAHARSA,Swadhinta Party,"Graduate From Lalit Naryan Mithila Univesity Darbhanga, Year-2004",Graduate,0,18457687,1 Crore,,,https://www.myneta.info/Bihar2025/candidate.php?candidate_id=1423,75,1423,General,112,done,done
1053,1191,Thakur Hari Kishore Singh,64,SAHEBGANJ,Jan Suraaj Party,M.A. in Economics,Post Graduate,0,9686000,96 Lacs,,,https://www.myneta.info/Bihar2025/candidate.php?candidate_id=436,6,436,General,4,done,done
1054,388,Jai Prakash Kumar,42,SAHEBGANJ,IND,"Intermediate from MPS College, Muzaffarpur in 1999, Matric from Central School Muzaffarpur in 1997",12th Pass,0,2490000,24 Lacs,,,https://www.myneta.info/Bihar2025/candidate.php?candidate_id=229,6,229,General,1,done,done
1055,1132,Sukhari Das,48,SAHEBGANJ,SUCI(C),"Matric from Birahariya High School, Motipur in 1995",10th Pass,0,1209482,12 Lacs,35 Thou,35000.0,https://www.myneta.info/Bihar2025/candidate.php?candidate_id=94,6,94,General,25,done,done
1056,595,Motiur Rahman,39,SAHEBGANJ,IND,Matric from BSEB Patna in 2001,10th Pass,1,570000,5 Lacs,,,https://www.myneta.info/Bihar2025/candidate.php?candidate_id=694,6,694,General,1,done,done
1057,721,Prithwinath Ray,57,SAHEBGANJ,RJD,"Intermediate from Raghav Prasad Singh College, Jaintpur, Bihar University in 1988",12th Pass,4,16372214,1 Crore,35 Lacs,3514500.0,https://www.myneta.info/Bihar2025/candidate.php?candidate_id=697,6,697,General,11,done,done
1058,765,Rajan Kumar,40,SAHEBGANJ,IND,B.A. from BRABU Muzaffarpur in 2006,Graduate,0,2225550,22 Lacs,11 Lacs,1120000.0,https://www.myneta.info/Bihar2025/candidate.php?candidate_id=693,6,693,General,1,done,done
1059,1256,Vikky Kumar,29,SAHEBGANJ,IND,LLB &amp; MA (Political Scince) from University of Delhi,Post Graduate,0,828200,8 Lacs,1 Lacs,160750.0,https://www.myneta.info/Bihar2025/candidate.php?candidate_id=16,6,16,General,1,done,done
1060,802,Raju Kumar Singh,55,SAHEBGANJ,BJP,"P.hD from Maharashtra University, M.Tech &amp; B.Tech from L.V.O.V. Politec University, Ukrain",Doctorate,10,125228846,12 Crore,,,https://www.myneta.info/Bihar2025/candidate.php?candidate_id=696,6,696,General,0,done,done
1061,1292,Yogendra Kumar Yadav,47,SAHEBGANJ,IND,Matric from BSEB Patna in 1994,10th Pass,5,840000,8 Lacs,,,https://www.myneta.info/Bihar2025/candidate.php?candidate_id=695,6,695,General,1,done,done
1062,609,Mukesh Kumar Singh,39,SAHEBGANJ,IND,M.B.A. from M.S. Ramaiah Bangalore,Post Graduate,0,6725000,67 Lacs,,,https://www.myneta.info/Bihar2025/candidate.php?candidate_id=437,6,437,General,1,done,done
1063,1038,Shambhu Sah,45,SAHEBGANJ,IND,"Madhyamik Pass in 1996 from Sukchar Kedar Nath Poddar High School, W. Bengal Secondary Board",10th Pass,0,836500,8 Lacs,4 Lacs,400000.0,https://www.myneta.info/Bihar2025/candidate.php?candidate_id=1221,6,1221,General,1,done,done
1064,880,Ranjeet Kumar,55,SAHEBGANJ,IND,"Economics in 1993 from M.D. College, Noubatpur Patna, Magadh University",Graduate,0,233746000,23 Crore,,,https://www.myneta.info/Bihar2025/candidate.php?candidate_id=438,6,438,General,1,done,done
1065,202,Binda Mahato,62,SAHEBGANJ,BSP,M.A. from B.R.A.B.U. Muzaffarpur in 2010,Post Graduate,3,2545310,25 Lacs,34 Lacs,3460000.0,https://www.myneta.info/Bihar2025/candidate.php?candidate_id=1223,6,1223,General,5,done,done
1066,544,Md Meraj,25,SAHEBPUR KAMAL,Samata Party,10th (Matriculation) from BSEB Patna in 2018,10th Pass,1,6586647,65 Lacs,22 Lacs,2206729.0,https://www.myneta.info/Bihar2025/candidate.php?candidate_id=439,190,439,General,43,done,done
1067,1278,Vishwajeet Kumar Alias Vikas,30,SAHEBPUR KAMAL,IND,B.Com (Hons) from T.M. Bhagalpur University in 2019,Graduate,0,56409,56 Thou,,,https://www.myneta.info/Bihar2025/candidate.php?candidate_id=232,190,232,General,1,done,done
1068,553,Md. Aftab Alam,31,SAHEBPUR KAMAL,IND,B.A. Urdu Graduate Bihat College L.N. University Darbhanga,Graduate,0,5102000,51 Lacs,80 Thou,80000.0,https://www.myneta.info/Bihar2025/candidate.php?candidate_id=440,190,440,General,1,done,done
1069,89,Anant Kumar Poddar,78,SAHEBPUR KAMAL,BSP,LLB from Bhagalpur University in 1999,Graduate Professional,1,6427252,64 Lacs,,,https://www.myneta.info/Bihar2025/candidate.php?candidate_id=442,190,442,General,5,done,done
1070,1159,Surendra Kumar,34,SAHEBPUR KAMAL,Parivartan Party of India,B.Sc. Math From R.C.S. College Tiyal Begusarai,Graduate,0,121000,1 Lacs,,,https://www.myneta.info/Bihar2025/candidate.php?candidate_id=231,190,231,General,113,done,done
1071,1286,Vivekanand Prasad,60,SAHEBPUR KAMAL,IND,Matric Pass,10th Pass,0,10020000,1 Crore,3 Lacs,300000.0,https://www.myneta.info/Bihar2025/candidate.php?candidate_id=441,190,441,General,1,done,done
1072,1012,Sattanand Sambuddha Alias Lalan Jee,60,SAHEBPUR KAMAL,RJD,"P.hd. (Philosophy) in 2013, M.A. (History) in 1990, B.A. (History) in 1987 from Magdh University",Doctorate,0,51726731,5 Crore,24 Lacs,2403664.0,https://www.myneta.info/Bihar2025/candidate.php?candidate_id=40,190,40,General,11,done,done
1073,1054,Shashikant Kumar Shashi Alias Amar Kumar Singh,57,SAHEBPUR KAMAL,IND,"Diploma in Mechanical Engineering-Govt Poly Technic, Dumka (State Technical Education Council) in 1986",Others,3,45573780,4 Crore,,,https://www.myneta.info/Bihar2025/candidate.php?candidate_id=1227,190,1227,General,1,done,done
1074,552,Md. Abdullah,68,SAHEBPUR KAMAL,Jan Suraaj Party,"10th Pass from Special, M.AS. High School, Ballia in 1967",10th Pass,0,9827189,98 Lacs,,,https://www.myneta.info/Bihar2025/candidate.php?candidate_id=443,190,443,General,4,done,done
1075,560,Md. Shahzaduzzama Alias Saify,42,SAHEBPUR KAMAL,IND,L.L.B. from B.B.M. Law College Bhagalpur University in 2016,Graduate Professional,6,4165451,41 Lacs,,,https://www.myneta.info/Bihar2025/candidate.php?candidate_id=692,190,692,General,1,done,done
1076,978,Sanjay Yadav,47,SAHEBPUR KAMAL,Rashtriya Lok Janshakti Party,BSC from I.I.B. Bhagalpur University,Graduate,1,17900000,1 Crore,,,https://www.myneta.info/Bihar2025/candidate.php?candidate_id=1224,190,1224,General,12,done,done
1077,1025,Sentu Kumar,38,SAHEBPUR KAMAL,IND,Literate,Literate,0,4524000,45 Lacs,1 Lacs,100000.0,https://www.myneta.info/Bihar2025/candidate.php?candidate_id=230,190,230,General,1,done,done
1078,1160,Surendra Kumar Alias Surendra Vivek,55,SAHEBPUR KAMAL,Lok Janshakti Party (Ram Vilas),"Matriculation from S.S. High School, Bariyarpur, BSEB, Patna in 1984, Diploma in Engineering, Darbhanga in 1991",10th Pass,0,220714901,22 Crore,26 Lacs,2633134.0,https://www.myneta.info/Bihar2025/candidate.php?candidate_id=314,190,314,General,36,done,done
1079,727,Priyanka Kumari,36,SAHEBPUR KAMAL,IND,Inter Arts fromU.V.K. College Karma Madhepura in 2014,12th Pass,0,6405000,64 Lacs,,,https://www.myneta.info/Bihar2025/candidate.php?candidate_id=1225,190,1225,General,1,done,done
1080,19,Aditya Kumar,30,SAKRA (SC),JD(U),"B.A. LLB From SKJ Law College, Muzaffarpur, BRABU, Muzaffarpur, Year-2019",Graduate Professional,0,8465242,84 Lacs,,,https://www.myneta.info/Bihar2025/candidate.php?candidate_id=315,122,315,General,10,done,done
1081,1008,Sateesh Kumar,31,SAKRA (SC),IND,MA History From LNMU Darbhanga 2022,Post Graduate,1,144000,1 Lacs,,,https://www.myneta.info/Bihar2025/candidate.php?candidate_id=690,122,690,General,1,done,done
1082,1069,Shiv Narayan,55,SAKRA (SC),Samata Party,"8th from Higher Secondary School Pusha, Samastipur in 1983",8th Pass,0,205000,2 Lacs,,,https://www.myneta.info/Bihar2025/candidate.php?candidate_id=1229,122,1229,General,43,done,done
1083,1203,Umesh Kumar Ram,64,SAKRA (SC),INC,Graduate,Graduate,0,1295000,12 Lacs,12 Lacs,1200000.0,https://www.myneta.info/Bihar2025/candidate.php?candidate_id=691,122,691,General,31,done,done
1084,941,Sachindra Kumar,43,SAKRA (SC),IND,"Madhyamik From High School Mohani in 1998, Bihar School Examination Board Patna",10th Pass,1,762000,7 Lacs,69 Lacs,6900000.0,https://www.myneta.info/Bihar2025/candidate.php?candidate_id=689,122,689,General,1,done,done
1085,916,Renu Kumari Alias Renu Paswan,40,SAKRA (SC),Jan Suraaj Party,"PGDM From Sinhgad Institute of Management and Computer Application, Pune, Year-2010",Graduate,0,1207138,12 Lacs,,,https://www.myneta.info/Bihar2025/candidate.php?candidate_id=316,122,316,General,4,done,done
1086,132,Ashok Kumar,65,SAKRA (SC),BSP,Matric From Baliram School Sakra in 1972,10th Pass,0,8654500,86 Lacs,36 Thou,36000.0,https://www.myneta.info/Bihar2025/candidate.php?candidate_id=1228,122,1228,General,5,done,done
1087,845,Ram Sewak Paswan,43,SAKRA (SC),SUCI(C),8th Pass from Sarvoday School Kolkata In 1996,8th Pass,0,14825,14 Thou,90 Thou,90320.0,https://www.myneta.info/Bihar2025/candidate.php?candidate_id=95,122,95,General,25,done,done
1088,295,Dinesh Kumar Rai,47,SAMASTIPUR,Rashtriya Jansambhavna Party,Matric from BSEB In 1992,10th Pass,0,52000,52 Thou,,,https://www.myneta.info/Bihar2025/candidate.php?candidate_id=1236,215,1236,General,8,done,done
1089,46,Akhtarul Islam Shahin,47,SAMASTIPUR,RJD,"Intermediate, BIEC, Patna In 1994",12th Pass,4,19232353,1 Crore,,,https://www.myneta.info/Bihar2025/candidate.php?candidate_id=447,215,447,General,11,done,done
1090,810,Rakesh Kumar,57,SAMASTIPUR,SUCI(C),"M.Sc From Samastipur College, Samastipur In 1994 &amp;  LLB In 1994 From Law College Samastipur.",Post Graduate,0,65162600,6 Crore,,,https://www.myneta.info/Bihar2025/candidate.php?candidate_id=1238,215,1238,General,25,done,done
1091,720,Premjeet Kumar,36,SAMASTIPUR,Aadarsh Mithila Party,Literate,Literate,0,6610000,66 Lacs,,,https://www.myneta.info/Bihar2025/candidate.php?candidate_id=143,215,143,General,92,done,done
1092,1074,Shivam Kumar Raj,27,SAMASTIPUR,The Plurals Party,Graduate From B.R.B. College Samastipur 2020 LNMU Darbhanga,Graduate,0,191454,1 Lacs,,,https://www.myneta.info/Bihar2025/candidate.php?candidate_id=1237,215,1237,General,20,done,done
1093,245,Chetna Jhamb,37,SAMASTIPUR,IND,B.A In 2008,Graduate,0,31000000,3 Crore,,,https://www.myneta.info/Bihar2025/candidate.php?candidate_id=445,215,445,General,1,done,done
1094,526,Manoj Kumar Singh,44,SAMASTIPUR,Jan Suraaj Party,"M.D. In 2018 From PMCH Patna , MBBS From Magadh Medical College In 2010",Post Graduate,0,14184405,1 Crore,94 Lacs,9478622.0,https://www.myneta.info/Bihar2025/candidate.php?candidate_id=444,215,444,General,4,done,done
1095,379,Irshad Ahmad,32,SAMASTIPUR,Apna Kisan Party,L.L.B. From C.M.Law College Darbhanga,Graduate Professional,1,300000,3 Lacs,,,https://www.myneta.info/Bihar2025/candidate.php?candidate_id=1235,215,1235,General,66,done,done
1096,144,Ashwamedh Devi,62,SAMASTIPUR,JD(U),7th Pass Govt Middle School Warisnagar Dist.Samaastipur,5th Pass,0,76618461,7 Crore,,,https://www.myneta.info/Bihar2025/candidate.php?candidate_id=446,215,446,General,10,done,done
1097,1262,Vinay Kumar Ram,33,SAMASTIPUR,BSP,B.A.From L.K.V.D.College Samastipur 2025,Graduate,0,2185000,21 Lacs,,,https://www.myneta.info/Bihar2025/candidate.php?candidate_id=1241,215,1241,General,5,done,done
1098,766,Rajan Kumar,26,SAMASTIPUR,AAP,"B.A From GKPD, Karpuri Gram University In 2022",Graduate,0,1011000,10 Lacs,,,https://www.myneta.info/Bihar2025/candidate.php?candidate_id=448,215,448,General,15,done,done
1099,654,Nitesh Kumar Sinha,38,SAMASTIPUR,Bharatiya Sampuran Krantikari Party,Matric From Tirhut Academy Samastipur In 2001,10th Pass,1,1885500,18 Lacs,,,https://www.myneta.info/Bihar2025/candidate.php?candidate_id=1239,215,1239,General,114,done,done
1100,1015,Satya Prakash,25,SANDESH,The Plurals Party,"B.A. Hons from Sahjanand Bramhashri College, Ara, Veer Kunwar Singh University Ara",Graduate,4,946200,9 Lacs,,,https://www.myneta.info/Bihar2025/candidate.php?candidate_id=687,86,687,General,20,done,done
1101,736,Radha Charan Sah,67,SANDESH,JD(U),8th Pass from Madhya Vidyalaya Nathalpur Anchal Barhara,8th Pass,2,340120329,34 Crore,6 Crore,61484399.0,https://www.myneta.info/Bihar2025/candidate.php?candidate_id=688,86,688,General,10,done,done
1102,516,Manmohan Singh,42,SANDESH,Rashtrawadi Janlok Party (Satya),Intermediate from Jagjivan College 2001 (Bihar Intermediate Education Council Patna),12th Pass,0,10497971,1 Crore,11 Lacs,1178000.0,https://www.myneta.info/Bihar2025/candidate.php?candidate_id=35,86,35,General,34,done,done
1103,980,Sanjeet Kumar,35,SANDESH,Peoples Party of India (Democratic),10+2 From H.B.D. College Ara Year 2007,12th Pass,0,1315000,13 Lacs,,,https://www.myneta.info/Bihar2025/candidate.php?candidate_id=317,86,317,General,27,done,done
1104,13,Abhishek Kumar,26,SANDESH,IND,"Graduate from Veer Kunwar Singh University, Ara",Graduate,0,1560000,15 Lacs,,,https://www.myneta.info/Bihar2025/candidate.php?candidate_id=1243,86,1243,General,1,done,done
1105,31,Ajay Kumar Pathak,49,SANDESH,Akhil Bharatiya Jan Sangh,"I.S.C. from Jai Prakash College, Ara in 1994",12th Pass,0,4577000,45 Lacs,,,https://www.myneta.info/Bihar2025/candidate.php?candidate_id=1245,86,1245,General,22,done,done
1106,948,Samarjay Singh,43,SANDESH,IND,"Matric from Bihar School Examination Board, Patna in 1994",10th Pass,0,3021000,30 Lacs,,,https://www.myneta.info/Bihar2025/candidate.php?candidate_id=1246,86,1246,General,1,done,done
1107,610,Mukesh Singh,52,SANDESH,IND,Non Matric,8th Pass,7,22696358,2 Crore,19 Lacs,1949476.0,https://www.myneta.info/Bihar2025/candidate.php?candidate_id=450,86,450,General,1,done,done
1108,301,Dipu Singh,28,SANDESH,RJD,Graduate from Delhi University Delhi in 2017,Graduate,0,20109442,2 Crore,5 Lacs,562647.0,https://www.myneta.info/Bihar2025/candidate.php?candidate_id=112,86,112,General,11,done,done
1109,793,Rajiv Ranjan Raj,33,SANDESH,Jan Suraaj Party,LLB in 2014 from Delhi University,Graduate Professional,0,52501315,5 Crore,66 Lacs,6665095.0,https://www.myneta.info/Bihar2025/candidate.php?candidate_id=1247,86,1247,General,4,done,done
1110,952,Sandhya Kumari,31,SANDESH,IND,B.A. History (Hns) from V.K.SU Ara in 2016,Graduate,0,670000,6 Lacs,,,https://www.myneta.info/Bihar2025/candidate.php?candidate_id=1242,86,1242,General,1,done,done
1111,1232,Vijay Kumar Choudhary,68,SARAIRANJAN,JD(U),"M.A. From Patna University, Year-1980",Post Graduate,0,31797965,3 Crore,,,https://www.myneta.info/Bihar2025/candidate.php?candidate_id=320,158,320,General,10,done,done
1112,458,Kunal Kumar,43,SARAIRANJAN,IND,"M.A. From Delhi University, Delhi &amp; Ph.D. (Pursuing) From Lalit Narayan Mithila University, Darbhanga",Post Graduate,1,93840948,9 Crore,4 Lacs,430000.0,https://www.myneta.info/Bihar2025/candidate.php?candidate_id=1255,158,1255,General,1,done,done
1113,885,Ranjit Kumar Pandit,41,SARAIRANJAN,IND,"Intermediate From Sant Kabir College, Lalit Narayan Mithila University, Darbhanga",12th Pass,0,1106300,11 Lacs,70 Thou,70000.0,https://www.myneta.info/Bihar2025/candidate.php?candidate_id=1250,158,1250,General,1,done,done
1114,134,Ashok Kumar Anjana,57,SARAIRANJAN,IND,"M.Sc. From BRB College, Samastipur, Year-1991",Post Graduate,0,455000,4 Lacs,,,https://www.myneta.info/Bihar2025/candidate.php?candidate_id=1252,158,1252,General,1,done,done
1115,842,Ram Sagar Roy,53,SARAIRANJAN,Apna Kisan Party,"10th Pass From Govt. High School, Gangapur, Year-1988",10th Pass,0,7377000,73 Lacs,,,https://www.myneta.info/Bihar2025/candidate.php?candidate_id=233,158,233,General,66,done,done
1116,76,Amrendra Kumar Singh,58,SARAIRANJAN,IND,"Post Graduation in Child, MBBS, DCH, MD",Post Graduate,0,37450000,3 Crore,1 Crore,13000000.0,https://www.myneta.info/Bihar2025/candidate.php?candidate_id=1253,158,1253,General,1,done,done
1117,947,Sajan Kumar Mishra,65,SARAIRANJAN,Jan Suraaj Party,"Graduate From Mithila University, Year-1982",Graduate,0,25618521,2 Crore,,,https://www.myneta.info/Bihar2025/candidate.php?candidate_id=319,158,319,General,4,done,done
1118,249,Dablu Kumar Gond,25,SHAHPUR,IND,Intermediate Of Arts,12th Pass,0,240000,2 Lacs,,,https://www.myneta.info/Bihar2025/candidate.php?candidate_id=1257,151,1257,General,1,done,done
1119,503,Manan Shah,60,SHAHPUR,IND,Literate,Literate,0,2800000,28 Lacs,,,https://www.myneta.info/Bihar2025/candidate.php?candidate_id=237,151,237,General,1,done,done
1120,483,Madan Yadav,50,SHAHPUR,Janshakti Janta Dal,Matric Pass from High School Paliganj Patna in 1993,10th Pass,3,3324000,33 Lacs,,,https://www.myneta.info/Bihar2025/candidate.php?candidate_id=1261,151,1261,General,6,done,done
1121,816,Rakesh Ranjan,30,SHAHPUR,BJP,"B.Tec From Dehradun Institute of Technology, D.I.T University in 2014- 2018, LLB Bihar Institute of Technology",Graduate Professional,3,10441976,1 Crore,,,https://www.myneta.info/Bihar2025/candidate.php?candidate_id=321,151,321,General,0,done,done
1122,344,Gouttam Ojha,61,SHAHPUR,IND,R.S.K. Inter College Ballia (U.P.),12th Pass,0,362000,3 Lacs,,,https://www.myneta.info/Bihar2025/candidate.php?candidate_id=1259,151,1259,General,1,done,done
1123,1044,Shankar Kumar Gond,35,SHAHPUR,Gondvana Gantantra Party,Literate,Literate,0,850100,8 Lacs,40 Thou,40000.0,https://www.myneta.info/Bihar2025/candidate.php?candidate_id=1258,151,1258,General,54,done,done
1124,944,Sahabudin Miya,60,SHAHPUR,IND,Literate,Literate,0,2700000,27 Lacs,,,https://www.myneta.info/Bihar2025/candidate.php?candidate_id=1262,151,1262,General,1,done,done
1125,669,Padma Ojha,49,SHAHPUR,Jan Suraaj Party,PhD from Dakshin Bharat Hindi Prachar Sabha Madras,Doctorate,0,149994585,14 Crore,25 Lacs,2500000.0,https://www.myneta.info/Bihar2025/candidate.php?candidate_id=1263,151,1263,General,4,done,done
1126,752,Rahul Tiwary,51,SHAHPUR,RJD,"I.Com From College of Commerce Patna, Bihar Intermediate Education Council in 1992",12th Pass,1,127149857,12 Crore,2 Crore,26692855.0,https://www.myneta.info/Bihar2025/candidate.php?candidate_id=235,151,235,General,11,done,done
1127,448,Krishna Ram,51,SHAHPUR,IND,B.Com From Hardas Prasad Jain College Aara,Graduate,0,3545000,35 Lacs,,,https://www.myneta.info/Bihar2025/candidate.php?candidate_id=234,151,234,General,1,done,done
1128,275,Dharmendra Kumar,54,SHAHPUR,BSP,Graduate From Ram Lakhan Singh Yadav University Anisha Bagh Patna,Graduate,0,10146000,1 Crore,10 Lacs,1080000.0,https://www.myneta.info/Bihar2025/candidate.php?candidate_id=236,151,236,General,5,done,done
1129,261,Devendra Kumar,35,SHEIKHPURA,Bhartiya Lok Chetna Party,"M.Ed. from G.R.B.T. College Nawada Magadh In 2023, B.Ed from NTT College  Biharsharif Nalanda In 2018",Post Graduate,1,17700000,1 Crore,15 Lacs,1500000.0,https://www.myneta.info/Bihar2025/candidate.php?candidate_id=1210,1,1210,General,58,done,done
1130,1139,Sunil Kumar,53,SHEIKHPURA,IND,I.Sc in 1989,12th Pass,0,568000,5 Lacs,20 Thou,20766.0,https://www.myneta.info/Bihar2025/candidate.php?candidate_id=1212,1,1212,General,1,done,done
1131,774,Rajesh Kumar,48,SHEIKHPURA,Jan Suraaj Party,"I.Sc from Bihar School Examination Board, Patna, R.D. College Sheikhpura 1995",12th Pass,0,24300000,2 Crore,22 Lacs,2285000.0,https://www.myneta.info/Bihar2025/candidate.php?candidate_id=1218,1,1218,General,4,done,done
1132,1235,Vijay Kumar S/O Sadhusharan Prasad,51,SHEIKHPURA,IND,"Graduate in Physics Honors in 2016 from P.T. College Patna, Magadh University  Bodh Gaya In 2016",Graduate,0,233468700,23 Crore,32 Lacs,3265995.0,https://www.myneta.info/Bihar2025/candidate.php?candidate_id=15,1,15,General,1,done,done
1133,1273,Virendra Paswan,38,SHEIKHPURA,IND,Literate,Literate,0,257100,2 Lacs,,,https://www.myneta.info/Bihar2025/candidate.php?candidate_id=1215,1,1215,General,1,done,done
1134,1234,Vijay Kumar S/O Ganga Kumar Yadav,45,SHEIKHPURA,RJD,"Graduate in LSW (Hons.) from CNB College Hathiyawan and TM Bhagalpur University, Bhagalpur 2000",Graduate,2,83589710,8 Crore,82 Lacs,8267489.0,https://www.myneta.info/Bihar2025/candidate.php?candidate_id=238,1,238,General,11,done,done
1135,875,Randhir Kumar Soni,50,SHEIKHPURA,JD(U),"Post Graduate From Ancient India &amp; Asian Study, Magadh University In 2010",Post Graduate,1,143354613,14 Crore,6 Crore,62211160.0,https://www.myneta.info/Bihar2025/candidate.php?candidate_id=452,1,452,General,10,done,done
1136,461,Kundan Kumar,25,SHEIKHPURA,IND,"B.Sc from Rajeshwar Lal College Alinaagar, Nalanda, Patliputra University",Graduate,1,2911000,29 Lacs,6 Lacs,630000.0,https://www.myneta.info/Bihar2025/candidate.php?candidate_id=239,1,239,General,1,done,done
1137,1207,Umesh Prasad Singh,69,SHEIKHPURA,AAP,"Graduation from CNB College Hathiyawa, Sheikhpura in 1988",Graduate,0,31791856,3 Crore,,,https://www.myneta.info/Bihar2025/candidate.php?candidate_id=1219,1,1219,General,15,done,done
1138,88,Anand Ranjan,28,SIMRI BAKHTIARPUR,IND,Graduate From BNMU Madhepur Year 2022,Graduate,0,287000,2 Lacs,,,https://www.myneta.info/Bihar2025/candidate.php?candidate_id=684,225,684,General,1,done,done
1139,685,Pintu Kumar Sharma,42,SIMRI BAKHTIARPUR,Jagrook Janta Party,B.A. (History) Year 2013 From D.D.E. Patna University,Graduate,0,2843000,28 Lacs,,,https://www.myneta.info/Bihar2025/candidate.php?candidate_id=683,225,683,General,14,done,done
1140,796,Rajkumar Sada,25,SIMRI BAKHTIARPUR,IND,Inter From Lehtan Ch. College,12th Pass,0,160000,1 Lacs,,,https://www.myneta.info/Bihar2025/candidate.php?candidate_id=454,225,454,General,1,done,done
1141,162,Awdhesh Kumar,66,SIMRI BAKHTIARPUR,IND,Praveshika Passed From Hindi Vidayapeeth Deoghar Jharkhand,10th Pass,0,10578446,1 Crore,,,https://www.myneta.info/Bihar2025/candidate.php?candidate_id=1205,225,1205,General,1,done,done
1142,1255,Vikash Raj,31,SIMRI BAKHTIARPUR,IND,M.A. Political Science From UPRTOU Year 2020,Post Graduate,0,53431248,5 Crore,50 Lacs,5000000.0,https://www.myneta.info/Bihar2025/candidate.php?candidate_id=1206,225,1206,General,1,done,done
1143,1149,Sunita Devi,38,SIMRI BAKHTIARPUR,BSP,Secondary Education From Bihar School Education Board Patna Year 2007,10th Pass,0,2060000,20 Lacs,,,https://www.myneta.info/Bihar2025/candidate.php?candidate_id=685,225,685,General,5,done,done
1144,672,Pankaj Kumar,47,SIMRI BAKHTIARPUR,IND,Matric Year 1992 From Gayadhar Sahu High School Saurbazar Saharsa,10th Pass,2,6775000,67 Lacs,,,https://www.myneta.info/Bihar2025/candidate.php?candidate_id=323,225,323,General,1,done,done
1145,197,Bibhuti Singh,56,SIMRI BAKHTIARPUR,Rashtrawadi Janlok Party (Satya),Graduation From Sarvnarayan Singh Ram Kumar Singh College Sahrsa Year 1989,Graduate,0,2492628,24 Lacs,5 Lacs,558000.0,https://www.myneta.info/Bihar2025/candidate.php?candidate_id=682,225,682,General,34,done,done
1146,1163,Surendra Kumar Yadav,60,SIMRI BAKHTIARPUR,Jan Suraaj Party,"Matric From G. High School, Sourbazar Saharsa Bihar School Education Board Year 1979",10th Pass,0,7555008,75 Lacs,,,https://www.myneta.info/Bihar2025/candidate.php?candidate_id=453,225,453,General,4,done,done
1147,970,Sanjay Kumar Singh,58,SIMRI BAKHTIARPUR,Lok Janshakti Party (Ram Vilas),M.Sc. From Sahara College Sahara LHMU Darbanga Year 1991 &amp; LL.B From Law College Sahara BNMU Madhepura Year 1994,Post Graduate,0,452108543,45 Crore,16 Crore,160775419.0,https://www.myneta.info/Bihar2025/candidate.php?candidate_id=681,225,681,General,36,done,done
1148,183,Barun Kumar Yadav,32,SIMRI BAKHTIARPUR,IND,Literate,Literate,0,6287000,62 Lacs,,,https://www.myneta.info/Bihar2025/candidate.php?candidate_id=1204,225,1204,General,1,done,done
1149,1295,Yusuf Salahuddin,42,SIMRI BAKHTIARPUR,RJD,B.Com From Pune University Pune Year 2004,Graduate,1,307724584,30 Crore,,,https://www.myneta.info/Bihar2025/candidate.php?candidate_id=455,225,455,General,11,done,done
1150,1291,Yogbir Roy,35,SIMRI BAKHTIARPUR,IND,"B.A. Honours From S.N.S.R.K.S. College Saharsa V.N.M University Madhepur, Year 2015",Graduate,0,398759,3 Lacs,,,https://www.myneta.info/Bihar2025/candidate.php?candidate_id=1207,225,1207,General,1,done,done
1151,304,Domi Sharma,54,SIMRI BAKHTIARPUR,IND,Literate,Literate,0,1685000,16 Lacs,,,https://www.myneta.info/Bihar2025/candidate.php?candidate_id=1208,225,1208,General,1,done,done
1152,1288,Yapura Wadat,32,SIMRI BAKHTIARPUR,IND,Inter Passed From Year 2021 Bihar Education Board Patna Koshi College Khagria,12th Pass,0,7041000,70 Lacs,,,https://www.myneta.info/Bihar2025/candidate.php?candidate_id=686,225,686,General,1,done,done
1153,1115,Subhash Kumar,28,SINGHESHWAR (SC),BSP,B.A.(H) History From T.P. College Madhepura. B.N.M.U. Madhepura,Graduate,0,1355000,13 Lacs,1 Lacs,150000.0,https://www.myneta.info/Bihar2025/candidate.php?candidate_id=1199,171,1199,General,5,done,done
1154,512,Manju Devi,45,SINGHESHWAR (SC),IND,"10th Pass From Bihar School Examination Board, Patna",10th Pass,0,9925000,99 Lacs,1 Lacs,150000.0,https://www.myneta.info/Bihar2025/candidate.php?candidate_id=1197,171,1197,General,1,done,done
1155,240,Chandrahas Chaupal,49,SINGHESHWAR (SC),RJD,"I.SC From Saharsa College, Saharsa",12th Pass,4,21281181,2 Crore,67 Lacs,6700000.0,https://www.myneta.info/Bihar2025/candidate.php?candidate_id=1200,171,1200,General,11,done,done
1156,700,Pramod Kumar Ram,51,SINGHESHWAR (SC),Jan Suraaj Party,Inter From C.M. Science College Madhepura In 2005,12th Pass,0,6076000,60 Lacs,92 Thou,92000.0,https://www.myneta.info/Bihar2025/candidate.php?candidate_id=904,171,904,General,4,done,done
1157,1271,Virendra Kumar Sharma,41,SINGHESHWAR (SC),IND,I.Sc. From T.P. College Madhepura In 2003,12th Pass,0,7330000,73 Lacs,1 Lacs,100000.0,https://www.myneta.info/Bihar2025/candidate.php?candidate_id=1194,171,1194,General,1,done,done
1158,179,Bambam Kumar,27,SINGHESHWAR (SC),IND,"12th Pass (Inter) From C.A. Science Collage Madhepura, Bihar School Examination Board In 2015",12th Pass,0,2120000,21 Lacs,,,https://www.myneta.info/Bihar2025/candidate.php?candidate_id=1201,171,1201,General,1,done,done
1159,165,Bablu Rishidev,46,SINGHESHWAR (SC),IND,Literate,Literate,0,221500,2 Lacs,,,https://www.myneta.info/Bihar2025/candidate.php?candidate_id=1198,171,1198,General,1,done,done
1160,861,Ramesh Rishi,55,SINGHESHWAR (SC),JD(U),"Ph.D In Faculty of Humanities (Philosophy) From Bhupendra Narayan Mandal University, Madhepura In 2017",Doctorate,1,37659886,3 Crore,1 Crore,14843800.0,https://www.myneta.info/Bihar2025/candidate.php?candidate_id=1193,171,1193,General,10,done,done
1161,1005,Saroj Kumari,27,SIWAN,IND,Intermediate  from BIEC in 2015,12th Pass,0,3311975,33 Lacs,,,https://www.myneta.info/Bihar2025/candidate.php?candidate_id=1190,98,1190,General,1,done,done
1162,265,Dewa Kant Mishra Alias Munna Bhaiya,49,SIWAN,IND,"Graduate from DBSDD College,  Chhapra in 2014",Graduate,0,12265000,1 Crore,,,https://www.myneta.info/Bihar2025/candidate.php?candidate_id=1184,98,1184,General,1,done,done
1163,450,Kumar Gauraw Bunty,40,SIWAN,Rashtrawadi Janlok Party (Satya),Post Graduate from Nalanda Open University in 2008,Post Graduate,2,7312000,73 Lacs,1 Lacs,116000.0,https://www.myneta.info/Bihar2025/candidate.php?candidate_id=1185,98,1185,General,34,done,done
1164,1178,Sushil Kumar,30,SIWAN,IND,12th Class from VM Govt. Inter College Siwan in 2012,12th Pass,0,3062700,30 Lacs,,,https://www.myneta.info/Bihar2025/candidate.php?candidate_id=17,98,17,General,1,done,done
1165,378,Intekhab Ahmad,49,SIWAN,Jan Suraaj Party,"M.A. from Jamia Millia Islamia, New Delhi in 1998",Post Graduate,1,1167893,11 Lacs,,,https://www.myneta.info/Bihar2025/candidate.php?candidate_id=456,98,456,General,4,done,done
1166,580,Mohammad Kaifi Samshir,39,SIWAN,All India Majlis-E-Ittehadul Muslimeen,"Intermediate form Bihar School Examination Board Patna, DAV College Siwan in 2002",12th Pass,21,2725360,27 Lacs,2 Lacs,293000.0,https://www.myneta.info/Bihar2025/candidate.php?candidate_id=1188,98,1188,General,61,done,done
1167,156,Awadh Bihari Choudhary,78,SIWAN,RJD,B.Sc. from BRA Bihar University Muzaffarpur in 1970,Graduate,2,44467255,4 Crore,,,https://www.myneta.info/Bihar2025/candidate.php?candidate_id=325,98,325,General,11,done,done
1168,817,Rakesh Sharma,39,SIWAN,Jagrook Janta Party,"Matric from P.M. High School Bhimpur, Badahriya Siwan in 2001",10th Pass,2,1812000,18 Lacs,3 Lacs,360000.0,https://www.myneta.info/Bihar2025/candidate.php?candidate_id=1186,98,1186,General,14,done,done
1169,537,Md Arif,26,SIWAN,IND,B.A. (H) Mass Media Final Year JMI,Graduate,0,138000,1 Lacs,,,https://www.myneta.info/Bihar2025/candidate.php?candidate_id=242,98,242,General,1,done,done
1170,1022,Satyendra Kumar Kushwaha,43,SIWAN,IND,Graduation from Co-Operative Degree College Sikdi Jai Prakash University Chapra in 2011,Graduate,0,11294501,1 Crore,,,https://www.myneta.info/Bihar2025/candidate.php?candidate_id=326,98,326,General,1,done,done
1171,1148,Sunita Devi,39,SIWAN,BSP,Matric from Dr. Rajendra Prasad High School in 2001,10th Pass,1,4560000,45 Lacs,2 Lacs,200000.0,https://www.myneta.info/Bihar2025/candidate.php?candidate_id=324,98,324,General,5,done,done
1172,1259,Vimal Prasad,60,SIWAN,IND,Literate,Literate,0,11674900,1 Crore,1 Lacs,150000.0,https://www.myneta.info/Bihar2025/candidate.php?candidate_id=1187,98,1187,General,1,done,done
1173,505,Mangal Pandey,52,SIWAN,BJP,B.A. (Hons) Political Sciene Patna University in 1994,Graduate,3,34266617,3 Crore,42 Lacs,4261423.0,https://www.myneta.info/Bihar2025/candidate.php?candidate_id=1189,98,1189,General,0,done,done
1174,1021,Satyendra Kumar,64,SONBARSHA (SC),Jan Suraaj Party,"Post Graduate From T.P. College, Madhepura, L.N.M.U. Darbhanga, Year-1992",Post Graduate,1,15967000,1 Crore,,,https://www.myneta.info/Bihar2025/candidate.php?candidate_id=457,96,457,General,4,done,done
1175,892,Ratnesh Sada,54,SONBARSHA (SC),JD(U),"12th Pass From Sahas Chaudhary College, Pastwar, Year-1989",12th Pass,1,35714814,3 Crore,47 Lacs,4763984.0,https://www.myneta.info/Bihar2025/candidate.php?candidate_id=907,96,907,General,10,done,done
1176,785,Rajesh Ram,37,SONBARSHA (SC),IND,"12th Pass From Mandavi Ranjeet Inter College, Viratpur, Year-2012",12th Pass,0,50000,50 Thou,,,https://www.myneta.info/Bihar2025/candidate.php?candidate_id=327,96,327,General,1,done,done
1177,434,Kiran Devi,40,SONBARSHA (SC),BSP,"10th Pass From Bihar School Examination Council, Patna, Year-2000",10th Pass,0,794000,7 Lacs,,,https://www.myneta.info/Bihar2025/candidate.php?candidate_id=906,96,906,General,5,done,done
1178,1001,Sarita Devi,45,SONBARSHA (SC),INC,"LLB From R.M.M. Law College, Saharsa, B.N.M.U., Madhepura, Year-2016 &amp; Graduate From R.J.M. College, Saharsa, B.N.M.U., Madhepura, Year-2010",Graduate Professional,1,9725914,97 Lacs,,,https://www.myneta.info/Bihar2025/candidate.php?candidate_id=905,96,905,General,31,done,done
1179,679,Parmod Sada,52,SONBARSHA (SC),IND,"12th Pass From Aligarh University, U.P.",12th Pass,1,225000,2 Lacs,,,https://www.myneta.info/Bihar2025/candidate.php?candidate_id=1182,96,1182,General,1,done,done
1180,858,Ramesh Kumar,51,SONEPUR,IND,"Intermediate of Arts, from B.I.E.C., Patna in 1991",12th Pass,0,284972064,28 Crore,30 Lacs,3062833.0,https://www.myneta.info/Bihar2025/candidate.php?candidate_id=330,120,330,General,1,done,done
1181,1165,Surendra Prasad Yadav,57,SONEPUR,Janshakti Janta Dal,"Graduation from Yadunandan College in Dighwara, Year 1985",Graduate,1,3390000,33 Lacs,,,https://www.myneta.info/Bihar2025/candidate.php?candidate_id=680,120,680,General,6,done,done
1182,1263,Vinay Kumar Singh,62,SONEPUR,BJP,"M.Com. from Bihar University in Muzaffarpur Year 1984, LL.B. from Ganga Singh Law College in,Chapra Year 1994",Post Graduate,1,10381300,1 Crore,14 Lacs,1487930.0,https://www.myneta.info/Bihar2025/candidate.php?candidate_id=328,120,328,General,0,done,done
1183,232,Chandan Lal Mehta,38,SONEPUR,Jan Suraaj Party,"P.G.M.S from Parul University, Gujarat, Ph.D. Pursuing, MS (Ayurved) in Shalya Tantra Parul university Gujarat",Post Graduate,4,14900000,1 Crore,12 Lacs,1200000.0,https://www.myneta.info/Bihar2025/candidate.php?candidate_id=243,120,243,General,4,done,done
1184,272,Dharamveer Kumar,38,SONEPUR,NCP,Intermediate from Jamuni Lal College Hajipur Vaishali Year 2008,12th Pass,0,5443914,54 Lacs,,,https://www.myneta.info/Bihar2025/candidate.php?candidate_id=329,120,329,General,37,done,done
1185,313,Dr. Ramanuj Prasad,66,SONEPUR,RJD,"P.hD, from B.R.A.B.U - Muzaffarpur Year 2007, LL.B.from SKJ Law College, Muzaffarpur Year 1991, M.A. Eng. from BNMU Madhepura in 1993",Doctorate,2,16953449,1 Crore,6 Thou,6250.0,https://www.myneta.info/Bihar2025/candidate.php?candidate_id=331,120,331,General,11,done,done
1186,928,Rohit Roy,37,SONEPUR,IND,"MA (Public Admin) from IGNOU, New Delhi, M.Sc (IT) from Annamalai University, Annamalai Nagar in 2012, B.Sc.(Che Hons) from PR College, Sonpur, JPU, Chapra in 2004",Post Graduate,0,4998333,49 Lacs,10 Lacs,1000000.0,https://www.myneta.info/Bihar2025/candidate.php?candidate_id=110,120,110,General,1,done,done
1187,23,Ajay Kumar,38,SONEPUR,Samata Party,10th from B.S.E.B. Patna in 2003,10th Pass,0,21392000,2 Crore,88 Thou,88550.0,https://www.myneta.info/Bihar2025/candidate.php?candidate_id=244,120,244,General,43,done,done
1188,1268,Vipin Kumar,59,SURYAGARHA,IND,Literate,Literate,0,12570000,1 Crore,,,https://www.myneta.info/Bihar2025/candidate.php?candidate_id=31,248,31,General,1,done,done
1189,735,Rabindra Kumar Das,50,SURYAGARHA,BSP,Matric Highschool Bihar school council patna in 1990,10th Pass,0,124000,1 Lacs,,,https://www.myneta.info/Bihar2025/candidate.php?candidate_id=1177,248,1177,General,5,done,done
1190,1048,Sharvan Kumar Anand,54,SURYAGARHA,Samata Party,M.Com from Bhagalpur University 1990,Post Graduate,0,206000,2 Lacs,,,https://www.myneta.info/Bihar2025/candidate.php?candidate_id=1178,248,1178,General,43,done,done
1191,851,Ramanand Mandal,59,SURYAGARHA,JD(U),Matric 1983 from Mahavir Prasad Ramchandrapur Lakhisarai,10th Pass,1,29977500,2 Crore,22 Lacs,2200000.0,https://www.myneta.info/Bihar2025/candidate.php?candidate_id=333,248,333,General,10,done,done
1192,912,Ravishanker Prasad Singh,59,SURYAGARHA,IND,"B.Com, LLB  from RD &amp; DJ College Munger Bhagalpur University",Graduate Professional,0,95425993,9 Crore,11 Lacs,1170000.0,https://www.myneta.info/Bihar2025/candidate.php?candidate_id=1179,248,1179,General,1,done,done
1193,705,Pranay Kumar,42,SURYAGARHA,IND,"M.A. in Political Leadership and Government 2020-21, Dr. Vishwanath Karad MIT world peace University pune maharashtra",Post Graduate,1,34954724,3 Crore,,,https://www.myneta.info/Bihar2025/candidate.php?candidate_id=1180,248,1180,General,1,done,done
1194,69,Amit Sagar,47,SURYAGARHA,Jan Suraaj Party,Diploma from Bihar Yog bharti munger in 1996,Others,2,32800000,3 Crore,,,https://www.myneta.info/Bihar2025/candidate.php?candidate_id=458,248,458,General,4,done,done
1195,21,Ahmad Hussain Ansari,60,TARAIYA,Peace Party,"M.A. 1988 Bihar University Muzaffarpur, B.A. 1984 from Bihar University Muzaffarpur P.N. College Chhapra",Post Graduate,0,20333400,2 Crore,9 Lacs,914000.0,https://www.myneta.info/Bihar2025/candidate.php?candidate_id=1170,202,1170,General,115,done,done
1196,611,Mumtaj Ansari,62,TARAIYA,IND,Literate,Literate,0,1170000,11 Lacs,,,https://www.myneta.info/Bihar2025/candidate.php?candidate_id=11,202,11,General,1,done,done
1197,564,Mithilesh Kumar,41,TARAIYA,IND,"8th pass from Govt. Buniyadi school, Kerwa, Saran in 1998",8th Pass,7,6469192,64 Lacs,33 Lacs,3303000.0,https://www.myneta.info/Bihar2025/candidate.php?candidate_id=459,202,459,General,1,done,done
1198,1019,Satyendra Ku Sahni,57,TARAIYA,Jan Suraaj Party,"Postgraduation from Manipal University in 2003, Graduation from Magadh University Bodhgaya in 1990,",Post Graduate,3,45492000,4 Crore,10 Lacs,1000000.0,https://www.myneta.info/Bihar2025/candidate.php?candidate_id=1174,202,1174,General,4,done,done
1199,1245,Vijesh Ray,46,TARAIYA,IND,Inter from Bahadur College in 1995,12th Pass,0,100000,1 Lacs,,,https://www.myneta.info/Bihar2025/candidate.php?candidate_id=245,202,245,General,1,,done
1200,68,Amit Kumar Singh,39,TARAIYA,AAP,"B.A. from Jaiprakash University Chapra Saran PNS College, D.A.D.E.L.E.D- NIOS",Graduate,0,1532150,15 Lacs,,,https://www.myneta.info/Bihar2025/candidate.php?candidate_id=98,202,98,General,15,done,done
1201,955,Sanjay Kumar,40,TARAIYA,Peoples Party of India (Democratic),Literate,Literate,0,5161765,51 Lacs,,,https://www.myneta.info/Bihar2025/candidate.php?candidate_id=97,202,97,General,27,done,done
1202,476,Lalu Prasad Yadav,45,TARAIYA,IND,Inter from Pandit Jawaharlal Nehru College 1997,12th Pass,0,784000,7 Lacs,,,https://www.myneta.info/Bihar2025/candidate.php?candidate_id=1169,202,1169,General,1,done,done
1203,848,Ram Viswas Rai,53,TARAIYA,Bhartiya Sarthak Party,P.G. from J.P.U. Chhapra in 2017,Post Graduate,0,25000,25 Thou,,,https://www.myneta.info/Bihar2025/candidate.php?candidate_id=1171,202,1171,General,56,done,done
1204,1029,Shailendra Pratap,54,TARAIYA,RJD,B.Sc. (honors) from Magadh University Bodhgaya in 1991,Graduate,0,39044383,3 Crore,42 Lacs,4257294.0,https://www.myneta.info/Bihar2025/candidate.php?candidate_id=334,202,334,General,11,done,done
1205,187,Bhagwan Prasad Gupta,65,TARAIYA,Vanchit Adhikar Party,Non Matric from Mandoland High School,8th Pass,0,14650000,1 Crore,,,https://www.myneta.info/Bihar2025/candidate.php?candidate_id=461,202,461,General,116,done,done
1206,393,Janak Singh,64,TARAIYA,BJP,Graduation from Jagdam College Chhapra Saran Bihar University Muzaffarpur 1980,Graduate,5,87221032,8 Crore,34 Lacs,3421378.0,https://www.myneta.info/Bihar2025/candidate.php?candidate_id=1173,202,1173,General,0,done,done
1207,216,Braj Bihari Singh,56,TARAIYA,BSP,"LLB from Ganga Singh Law College Chhapra Saran , Bihar University Muzaffarpur",Graduate Professional,0,30592295,3 Crore,,,https://www.myneta.info/Bihar2025/candidate.php?candidate_id=460,202,460,General,5,done,done
1208,128,Ashish Anand,25,TARAPUR,BSP,"I.A. in 2018 from K.M. Vesari,  Asarganj, B.S.E.B. Patna",12th Pass,1,5311038,53 Lacs,22 Thou,22000.0,https://www.myneta.info/Bihar2025/candidate.php?candidate_id=463,66,463,General,5,done,done
1209,949,Samrat Choudhary,56,TARAPUR,BJP,Doctor of Litt. (honorary) PFC Kamraj University,Doctorate,2,113482854,11 Crore,,,https://www.myneta.info/Bihar2025/candidate.php?candidate_id=335,66,335,General,0,done,done
1210,807,Rakesh Kumar,38,TARAPUR,IND,Intermediate from Vishwanath Singh University Munger in 2004,12th Pass,0,7368000,73 Lacs,,,https://www.myneta.info/Bihar2025/candidate.php?candidate_id=1162,66,1162,General,1,done,done
1211,300,Dipak Kumar,38,TARAPUR,IND,Matric from High School Kathua in 2006,10th Pass,0,13126000,1 Crore,3 Lacs,357000.0,https://www.myneta.info/Bihar2025/candidate.php?candidate_id=1167,66,1167,General,1,done,done
1212,112,Arun Kumar,63,TARAPUR,RJD,"M.A. in 1985 from Bhagalpur University, Bhagalpur, LLB in 1988 from T.N.B. College Bhagalpur",Post Graduate,0,831882521,83 Crore,2 Crore,20000000.0,https://www.myneta.info/Bihar2025/candidate.php?candidate_id=1166,66,1166,General,11,done,done
1213,749,Rahul Kumar Singh,37,TARAPUR,AAP,M.A. from IGNOU New Delhi,Post Graduate,0,4022000,40 Lacs,,,https://www.myneta.info/Bihar2025/candidate.php?candidate_id=1163,66,1163,General,15,done,done
1214,189,Bharat Mandal,59,TARAPUR,SUCI(C),"Matric, Devghara in 1985",10th Pass,0,950000,9 Lacs,1 Lacs,100000.0,https://www.myneta.info/Bihar2025/candidate.php?candidate_id=247,66,247,General,25,done,done
1215,1126,Sudhir Singh,65,TARAPUR,IND,"Matric from Jagannath High School, Tentiya Bambar in 1984",10th Pass,2,2052068,20 Lacs,,,https://www.myneta.info/Bihar2025/candidate.php?candidate_id=464,66,464,General,1,done,done
1216,1039,Shambhu Shankar,39,TARAPUR,IND,Literate,Literate,0,5608000,56 Lacs,63 Lacs,6310700.0,https://www.myneta.info/Bihar2025/candidate.php?candidate_id=99,66,99,General,1,done,done
1217,224,Bulbul Kumari,32,TARAPUR,IND,B.A. Honours from Tilak Manjhi University Bhagalpur in 2016,Graduate Professional,0,1885891,18 Lacs,,,https://www.myneta.info/Bihar2025/candidate.php?candidate_id=1165,66,1165,General,1,done,done
1218,726,Priyanka Chauhan,25,TARAPUR,IND,"M.A. from Lovely Professional University, Punjab Online In  2025, B.Ed from Shri Baburam College, Mainpuri, Dr. Bhimrao Ambedkar University Agra In 2024",Post Graduate,0,3244375,32 Lacs,22 Lacs,2240000.0,https://www.myneta.info/Bihar2025/candidate.php?candidate_id=246,66,246,General,1,done,done
1219,1133,Sukhdev Yadav,79,TARAPUR,Janshakti Janta Dal,"Matric from Gandhi Memorial High School Muzaffarganj Kharagpur, Munger",10th Pass,0,10207216,1 Crore,,,https://www.myneta.info/Bihar2025/candidate.php?candidate_id=1164,66,1164,General,6,done,done
1220,999,Santosh Kumar Singh,45,TARAPUR,Jan Suraaj Party,M.D. Anaesthesiology Aryabhatta College University Patna 2020,Post Graduate,1,12259294,1 Crore,50 Lacs,5068813.0,https://www.myneta.info/Bihar2025/candidate.php?candidate_id=1168,66,1168,General,4,done,done
1221,804,Raju Rajvanshi,47,TARARI,Suheldev Bharatiya Samaj Party,Non-Matric  From H.S. Masaura Patna In 1997,8th Pass,0,1175000,11 Lacs,,,https://www.myneta.info/Bihar2025/candidate.php?candidate_id=1157,157,1157,General,55,done,done
1222,856,Ramesh Chandra Rabi,40,TARARI,IND,"Graduation, H.D. Jain College, Veer Kunwar Singh University Ara",Graduate,0,405655,4 Lacs,,,https://www.myneta.info/Bihar2025/candidate.php?candidate_id=338,157,338,General,1,done,done
1223,787,Rajesh Singh,37,TARARI,Rashtriya Jansambhavna Party,Non Metric,8th Pass,0,20235000,2 Crore,,,https://www.myneta.info/Bihar2025/candidate.php?candidate_id=250,157,250,General,8,done,done
1224,239,Chandra Shekhar Singh,70,TARARI,Jan Suraaj Party,M.A.,Post Graduate,0,2731000,27 Lacs,8 Lacs,800000.0,https://www.myneta.info/Bihar2025/candidate.php?candidate_id=677,157,677,General,4,done,done
1225,422,Karmoo Sah Keshari,57,TARARI,IND,"Graduation, Magadh University, Gaya",Graduate,2,2920042,29 Lacs,49 Thou,49000.0,https://www.myneta.info/Bihar2025/candidate.php?candidate_id=248,157,248,General,1,done,done
1226,482,Madan Singh S/O-Kumi Singh,54,TARARI,CPI(ML)(L),"Non Metric Year 1982, Shree Krichna High School Dhanchhuhau Bihar",8th Pass,5,2127712,21 Lacs,50 Thou,50000.0,https://www.myneta.info/Bihar2025/candidate.php?candidate_id=249,157,249,General,2,done,done
1227,1102,Sikandar Kumar,43,TARARI,Janshakti Janta Dal,"B.A. Graduate Economics, Magadh University Bodh Gaya In 2002",Graduate,3,26900000,2 Crore,83 Lacs,8300000.0,https://www.myneta.info/Bihar2025/candidate.php?candidate_id=1159,157,1159,General,6,done,done
1228,481,Madan Singh S/O Barbhanga Singh,55,TARARI,IND,5th (Literate),5th Pass,0,45000,45 Thou,,,https://www.myneta.info/Bihar2025/candidate.php?candidate_id=1154,157,1154,General,1,done,done
1229,797,Rajnish Kumar,25,TARARI,IND,Intermediate Pass From High School Sedahan Bhojpur In 2019,12th Pass,0,2081000,20 Lacs,,,https://www.myneta.info/Bihar2025/candidate.php?candidate_id=1160,157,1160,General,1,done,done
1230,139,Ashok Kumar Singh,53,TARARI,Socialist Party (India),"Graduate B.A. Pass From Delhi University, Sri Venkateswara College, New Delhi In 1993",Graduate,0,3605000,36 Lacs,,,https://www.myneta.info/Bihar2025/candidate.php?candidate_id=1155,157,1155,General,21,done,done
1231,1275,Vishal Prashant,35,TARARI,BJP,"Intermediate from Central Board of Secondery Education, Delhi Year-2009",12th Pass,0,65413336,6 Crore,37 Lacs,3719128.0,https://www.myneta.info/Bihar2025/candidate.php?candidate_id=1158,157,1158,General,0,done,done
1232,998,Santosh Kumar Singh,43,TARARI,BSP,LLB from Maharaj Law College Arrah In 2013,Graduate Professional,0,2290000,22 Lacs,1 Lacs,170000.0,https://www.myneta.info/Bihar2025/candidate.php?candidate_id=1156,157,1156,General,5,done,done
1233,966,Sanjay Kumar Sharma,50,TARARI,AAP,"LL.B , Graduation (Honours)  Magadh University, Gaya",Graduate Professional,1,93360000,9 Crore,25 Lacs,2500000.0,https://www.myneta.info/Bihar2025/candidate.php?candidate_id=337,157,337,General,15,done,done
1234,626,Narayan Singh,48,TARARI,Voters Party International,"Bihar School Examination Board, Patna Year 1995",10th Pass,0,2520000,25 Lacs,,,https://www.myneta.info/Bihar2025/candidate.php?candidate_id=336,157,336,General,3,done,done
1235,770,Rajendra Kumar Pathak,47,TARARI,IND,Law Graduate fron BNMU Madhepura in 2015,Graduate Professional,0,11470000,1 Crore,,,https://www.myneta.info/Bihar2025/candidate.php?candidate_id=38,157,38,General,1,done,done
1236,839,Ram Pukar Thakur,58,TEGHRA,IND,Not Applicable,Illiterate,0,8831001,88 Lacs,2 Lacs,225000.0,https://www.myneta.info/Bihar2025/candidate.php?candidate_id=1151,125,1151,General,1,done,done
1237,237,Chandra Prakash Singh,56,TEGHRA,Janshakti Janta Dal,L.L.B. from Jorhat College Assam Dibrugarh University in 2000,Graduate Professional,0,165738237,16 Crore,,,https://www.myneta.info/Bihar2025/candidate.php?candidate_id=383,125,383,General,6,done,done
1238,841,Ram Ratan Singh,75,TEGHRA,CPI,"I.S. Ltd from Ganesh Dutt College Begusarai, Bhagalpur University in 1964",12th Pass,2,48123795,4 Crore,1 Lacs,156250.0,https://www.myneta.info/Bihar2025/candidate.php?candidate_id=385,125,385,General,30,done,done
1239,1124,Sudha Bharti,40,TEGHRA,IND,Intermediate from B.S.E.B. Patna Gorakh Singh College Maharajganj Siwan in 2010,12th Pass,0,2008100,20 Lacs,10 Lacs,1000000.0,https://www.myneta.info/Bihar2025/candidate.php?candidate_id=1149,125,1149,General,1,done,done
1240,834,Ram Nandan Singh,70,TEGHRA,Jan Suraaj Party,B.Sc. Engineering in 1978,Graduate,0,95619600,9 Crore,1 Crore,15000000.0,https://www.myneta.info/Bihar2025/candidate.php?candidate_id=384,125,384,General,4,done,done
1241,596,Mrinal Varun,32,TEGHRA,IND,M.A. from L.N.M.U. Darbhanga in 2023-2025,Post Graduate,0,5100500,51 Lacs,,0.0,https://www.myneta.info/Bihar2025/candidate.php?candidate_id=252,125,252,General,1,done,done
1242,798,Rajnish Kumar,52,TEGHRA,BJP,"Chartered Accountant from I.C.A.I. Kolkara in 1998, Graduate (Science) from A.N. College, Patna in 1995",Graduate Professional,2,205334000,20 Crore,2 Crore,27894020.0,https://www.myneta.info/Bihar2025/candidate.php?candidate_id=386,125,386,General,0,done,done
1243,184,Basant Kumar,46,TEGHRA,IND,10th Pass from R.K.C. High School Barauni in 1994,10th Pass,0,291152,2 Lacs,15 Thou,15874.0,https://www.myneta.info/Bihar2025/candidate.php?candidate_id=1150,125,1150,General,1,done,done
1244,152,Avinash Bharti,42,TEGHRA,Samata Party,Intermediate of Commerce from BIEC Patna in 2000,12th Pass,0,11982900,1 Crore,28 Lacs,2825000.0,https://www.myneta.info/Bihar2025/candidate.php?candidate_id=251,125,251,General,43,done,done
1245,149,Avadhesh Kumar,48,TEGHRA,Janta Kranti Party (Rashtravadi),Matric From BSBE Patna in 1995,10th Pass,0,3020813,30 Lacs,,,https://www.myneta.info/Bihar2025/candidate.php?candidate_id=1148,125,1148,General,117,done,done
1246,433,Kedarnath Bhaskar,50,TEGHRA,IND,Non Matric,8th Pass,0,200000,2 Lacs,,,https://www.myneta.info/Bihar2025/candidate.php?candidate_id=1147,125,1147,General,1,done,done
1247,587,Mohammad Sakil,60,TEGHRA,BSP,Literate,Literate,0,10000000,1 Crore,20 Lacs,2000000.0,https://www.myneta.info/Bihar2025/candidate.php?candidate_id=387,125,387,General,5,done,done
1248,830,Ram Kumar,34,TEGHRA,IND,M.A. from L.N.M.U. Darbhanga in 2015,Post Graduate,0,7693213,76 Lacs,,,https://www.myneta.info/Bihar2025/candidate.php?candidate_id=253,125,253,General,1,done,done
1249,1270,Virendra Kumar Ray,50,UJIARPUR,IND,Matric from Belamegh High School Ujiarpur,10th Pass,0,1090000,10 Lacs,,,https://www.myneta.info/Bihar2025/candidate.php?candidate_id=255,240,255,General,1,done,done
1250,1213,Upendra Kumar,46,UJIARPUR,IND,"Intermediate Year 1995 from Purnia College Purnia , Matric Year 1993 from  S S Girls High School Jamui",12th Pass,0,5508651,55 Lacs,31 Lacs,3142000.0,https://www.myneta.info/Bihar2025/candidate.php?candidate_id=254,240,254,General,1,done,done
1251,1150,Sunita Kumari,35,UJIARPUR,Janshakti Vikas Party (Democratic),M.Sc. &amp; LLB from LNMU Darbhanga,Post Graduate,0,11273687,1 Crore,13 Lacs,1300500.0,https://www.myneta.info/Bihar2025/candidate.php?candidate_id=382,240,382,General,75,done,done
1252,290,Dilip Kumar Sahani,57,UJIARPUR,IND,Non Matric,8th Pass,0,5125000,51 Lacs,,,https://www.myneta.info/Bihar2025/candidate.php?candidate_id=1138,240,1138,General,1,done,done
1253,120,Arun Kumar Yadav,42,UJIARPUR,IND,"Ph.D., LL.B. from L.N.M.U, Darbhanga Year 2017",Doctorate,0,3410000,34 Lacs,,,https://www.myneta.info/Bihar2025/candidate.php?candidate_id=1140,240,1140,General,1,done,done
1254,644,Nikki Jha,41,UJIARPUR,IND,"L.L.B., B.A. from L.N.M.U. Darbhanga",Graduate Professional,0,17200000,1 Crore,,,https://www.myneta.info/Bihar2025/candidate.php?candidate_id=676,240,676,General,1,done,done
1255,297,Dinesh Prasad Choudhary,64,UJIARPUR,IND,Matric Pass from High School Daroli Kothi,10th Pass,0,22901000,2 Crore,,,https://www.myneta.info/Bihar2025/candidate.php?candidate_id=1139,240,1139,General,1,done,done
1256,491,Maha Shanker Choudhary,63,UJIARPUR,IND,Bachelor of Laws Year 1996 from Vishwanath Singh Law College Munger,Graduate Professional,1,21347000,2 Crore,20 Lacs,2000000.0,https://www.myneta.info/Bihar2025/candidate.php?candidate_id=1146,240,1146,General,1,done,done
1257,709,Prashant Kumar Pankaj,50,UJIARPUR,Rashtriya Lok Morcha,"B.Tech from B.I.T. Mesara, Ranchin in 1996-2000",Graduate Professional,0,132561000,13 Crore,18 Lacs,1825127.0,https://www.myneta.info/Bihar2025/candidate.php?candidate_id=1143,240,1143,General,104,done,done
1258,1246,Vikas Kumar,26,UJIARPUR,IND,Graduate (Arts) from Samastipur College and Intermediate from Samastipur College,Graduate,0,12381070,1 Crore,1 Lacs,100000.0,https://www.myneta.info/Bihar2025/candidate.php?candidate_id=7,240,7,General,1,done,done
1259,48,Alok Kumar Mehta,58,UJIARPUR,RJD,Bachelor of Engineering from Bangalore Univecity Year 1990,Graduate Professional,3,108325896,10 Crore,2 Crore,22805291.0,https://www.myneta.info/Bihar2025/candidate.php?candidate_id=339,240,339,General,11,done,done
1260,887,Ranveer Kumar Chourasiya,30,UJIARPUR,IND,Graduation from Rural Institute Birauli,Graduate,3,18000000,1 Crore,,,https://www.myneta.info/Bihar2025/candidate.php?candidate_id=1144,240,1144,General,1,done,done
1261,223,Bulbul Kumar Sahni,31,UJIARPUR,BSP,Matric from M.A.B.R.J High School Bahdura Samastipur,10th Pass,0,15662000,1 Crore,5 Lacs,535716.0,https://www.myneta.info/Bihar2025/candidate.php?candidate_id=1141,240,1141,General,5,done,done
1262,322,Durga Prasad Singh,65,UJIARPUR,Jan Suraaj Party,L.L.B. Darbhanga Year 1984,Graduate Professional,0,9557400,95 Lacs,22 Lacs,2232642.0,https://www.myneta.info/Bihar2025/candidate.php?candidate_id=381,240,381,General,4,done,done
1263,104,Ankit Kumar Mishra,30,UJIARPUR,AAP,Graduation from L.N.M.U. Darbhanga Year 2013-2016,Graduate,0,2329000,23 Lacs,,,https://www.myneta.info/Bihar2025/candidate.php?candidate_id=1145,240,1145,General,15,done,done
1264,855,Ramekbal Singh,51,VAISHALI,Rashtriya Lok Janshakti Party,"Intermediate (Arts) from Ram Lakhan Singh Awadh College, Premraj",12th Pass,0,1559000,15 Lacs,2 Lacs,200000.0,https://www.myneta.info/Bihar2025/candidate.php?candidate_id=673,124,673,General,12,done,done
1265,1099,Siddharth Patel,53,VAISHALI,JD(U),Graduate (History) Passed from Patna University in Year 1993,Graduate,0,35037903,3 Crore,3 Lacs,319378.0,https://www.myneta.info/Bihar2025/candidate.php?candidate_id=102,124,102,General,10,done,done
1266,1137,Sunil Kumar,64,VAISHALI,Jan Suraaj Party,MS(Ortho) from PMCH From Patna University in 1989 and MBBS From PMSH From Patna Year 1984,Post Graduate,0,117560021,11 Crore,71 Lacs,7146640.0,https://www.myneta.info/Bihar2025/candidate.php?candidate_id=340,124,340,General,4,done,done
1267,83,Anand Kumar,28,VAISHALI,IND,"Graduate from B.R.A.B.U. Muzaffarpur, 2017",Graduate,0,1550000,15 Lacs,,,https://www.myneta.info/Bihar2025/candidate.php?candidate_id=345,124,345,General,1,done,done
1268,308,Dr. Bipin Chandra,45,VAISHALI,Samata Party,Ph.D in Journalism from Patna University,Doctorate,0,528000,5 Lacs,55 Thou,55000.0,https://www.myneta.info/Bihar2025/candidate.php?candidate_id=1135,124,1135,General,43,done,done
1269,557,Md. Murtaza Hossain Haque,65,VAISHALI,Ambedkar National Congress,Non Matric,8th Pass,0,2457076,24 Lacs,,,https://www.myneta.info/Bihar2025/candidate.php?candidate_id=674,124,674,General,69,done,done
1270,222,Brishin Patel,77,VAISHALI,IND,"Graduate from R.N. Collage, Hajipur University- Bihar University, Muzaffarpur, Year 1967",Graduate,1,120297849,12 Crore,,,https://www.myneta.info/Bihar2025/candidate.php?candidate_id=256,124,256,General,1,done,done
1271,836,Ram Nath Ray,52,VAISHALI,SUCI(C),Graduate From BRA Bihar University Muzaffarpur,Graduate,0,1963507,19 Lacs,,,https://www.myneta.info/Bihar2025/candidate.php?candidate_id=343,124,343,General,25,done,done
1272,29,Ajay Kumar Kushwaha,42,VAISHALI,RJD,"Intermediate from Bihar Intermediate Council, Patna, 2001",12th Pass,4,119164019,11 Crore,8 Crore,89483082.0,https://www.myneta.info/Bihar2025/candidate.php?candidate_id=1136,124,1136,General,11,done,done
1273,931,Rubi Kumari,31,VAISHALI,IND,Graduate (Home Science) from S.N.S. Collage Hajipur in Year 2015,Graduate,0,3547195,35 Lacs,24 Lacs,2400000.0,https://www.myneta.info/Bihar2025/candidate.php?candidate_id=101,124,101,General,1,done,done
1274,652,Nisha Raj,29,VAISHALI,BSP,Graduate from R.K.D. College,Graduate,0,44897548,4 Crore,,,https://www.myneta.info/Bihar2025/candidate.php?candidate_id=344,124,344,General,5,done,done
1275,756,Raj Kumar,43,VAISHALI,Bajjikanchal Vikas Party,"Graduate from Awadh Bihari Singh College, Lalganj, Vaishali in 2003",Graduate,0,1660942,16 Lacs,50 Thou,50219.0,https://www.myneta.info/Bihar2025/candidate.php?candidate_id=671,124,671,General,53,done,done
1276,293,Dilip Roy,53,WARISNAGAR,IND,Matric Pass from Rajkiyakrit Bhagwat Thakur High School Kishanpur Bihar School Examination Council Patna in 1986,10th Pass,1,3460000,34 Lacs,3 Lacs,300000.0,https://www.myneta.info/Bihar2025/candidate.php?candidate_id=669,201,669,General,1,done,done
1277,1214,Upendra Prasad Roy,61,WARISNAGAR,AAP,"MHRDM From JBIMS, Year-2008 &amp; B.A. From DRB College, VSP, Year-1999",Post Graduate,0,17210000,1 Crore,,,https://www.myneta.info/Bihar2025/candidate.php?candidate_id=1130,201,1130,General,15,done,done
1278,1033,Shakti Kumar Sahni,30,WARISNAGAR,Right to Recall Party,"Bachelor of Arts (English Honours) From Lalit Narayan Mithila University, Darbhanga in 2018",Graduate,0,60000,60 Thou,,,https://www.myneta.info/Bihar2025/candidate.php?candidate_id=667,201,667,General,38,done,done
1279,1017,Satyanarayan Sahani,41,WARISNAGAR,Jan Suraaj Party,M.A. from L.N.M.U. Darbhanga &amp; B.Ed. From Jammu,Post Graduate,0,20674220,2 Crore,1 Lacs,111374.0,https://www.myneta.info/Bihar2025/candidate.php?candidate_id=347,201,347,General,4,done,done
1280,416,Kanchan Kumari Bharti,32,WARISNAGAR,BSP,Graduate Engineering from ASCT Bhopal in 2017,Graduate,0,250000,2 Lacs,,,https://www.myneta.info/Bihar2025/candidate.php?candidate_id=1131,201,1131,General,5,done,done
1281,228,Chandan Kumar,39,WARISNAGAR,Hindustani Awam Manch (United),Graduate from L.N.M. University Kameshwar Nagar Darbhanga,Graduate,0,5743000,57 Lacs,19 Lacs,1975000.0,https://www.myneta.info/Bihar2025/candidate.php?candidate_id=1133,201,1133,General,99,done,done
1282,7,Abhinav Raj,30,WARISNAGAR,IND,B.Tech (Electrical) from I.I.T. University Bhuwaneshwar Odisha in 2014-18,Graduate Professional,0,103929,1 Lacs,,,https://www.myneta.info/Bihar2025/candidate.php?candidate_id=348,201,348,General,1,done,done
1283,345,Govind Kumar,43,WARISNAGAR,Rashtriya Lok Janshakti Party,"Dr. Y.S.H.M.C &amp; Hospital Laheriasarai, Darbhanga in 2017",Graduate Professional,0,4453000,44 Lacs,,,https://www.myneta.info/Bihar2025/candidate.php?candidate_id=668,201,668,General,12,done,done
1284,1297,Zahid Iqbal,29,WARISNAGAR,IND,"B.Tech (Electronics &amp; Communication Engineering) From GGSE STC, Bokaro in 2021",Graduate Professional,0,25111,25 Thou,80 Thou,80000.0,https://www.myneta.info/Bihar2025/candidate.php?candidate_id=1132,201,1132,General,1,done,done
1285,498,Mahesh Prasad,72,WARISNAGAR,IND,MBBS from DMCH Darbhanga in 1983,Graduate Professional,0,10270000,1 Crore,,0.0,https://www.myneta.info/Bihar2025/candidate.php?candidate_id=666,201,666,General,1,done,done
1286,510,Manjarik Mrinal,36,WARISNAGAR,JD(U),Ph.D In Medical Engineering From University of Texas In 2021,Doctorate,0,33028965,3 Crore,,,https://www.myneta.info/Bihar2025/candidate.php?candidate_id=103,201,103,General,10,done,done
1287,829,Ram Kumar,35,WARISNAGAR,Rashtriya Jansambhavna Party,"B.A. From SMRCK College, Samastipur, LNMU",Graduate,0,25000,25 Thou,,,https://www.myneta.info/Bihar2025/candidate.php?candidate_id=1129,201,1129,General,8,done,done
1288,1285,Vivek Shukla,43,ZIRADEI,IND,Literate,Literate,0,2310000,23 Lacs,,,https://www.myneta.info/Bihar2025/candidate.php?candidate_id=1126,15,1126,General,1,done,done
1289,689,Prabunath Thakur,60,ZIRADEI,IND,Intermediate from Ramprasiddh Singh Inter College Balwa Siwan in 1984,12th Pass,0,13215000,1 Crore,,,https://www.myneta.info/Bihar2025/candidate.php?candidate_id=1125,15,1125,General,1,done,done
1290,32,Ajay Kumar Prajapati,36,ZIRADEI,IND,Intermediate from Madhya Pradesh State Open School Gopal,12th Pass,0,9935000,99 Lacs,12 Lacs,1200000.0,https://www.myneta.info/Bihar2025/candidate.php?candidate_id=351,15,351,General,1,done,done
1291,699,Pramod Kumar Mall,60,ZIRADEI,BSP,"DMEI Graduate in Marrine Engineering Directorate of Marrine Engineering Training, Kolkata 1983",Graduate Professional,1,180889946,18 Crore,3 Lacs,383000.0,https://www.myneta.info/Bihar2025/candidate.php?candidate_id=1120,15,1120,General,5,done,done
1292,384,Jaglal Rajbhar,37,ZIRADEI,Suheldev Bharatiya Samaj Party,Literate,Literate,1,1815000,18 Lacs,6 Lacs,600000.0,https://www.myneta.info/Bihar2025/candidate.php?candidate_id=1124,15,1124,General,55,done,done
1293,678,Parmanand Prasad,54,ZIRADEI,Swatantra Samaj Party,"Intermediate from Bihar Education Council Patna, Mithi Sada College Mairwa Siwan in 1995",12th Pass,1,9837000,98 Lacs,,,https://www.myneta.info/Bihar2025/candidate.php?candidate_id=1122,15,1122,General,118,done,done
1294,742,Raghwendra Kumar Kharwar,41,ZIRADEI,IND,Graduate from Hariram College JPU in 2005,Graduate,1,559000,5 Lacs,,,https://www.myneta.info/Bihar2025/candidate.php?candidate_id=8,15,8,General,1,done,done
1295,192,Bhism Pratap Singh,54,ZIRADEI,JD(U),Matric from Hari Ram High School Mairua in 1986,10th Pass,0,15430940,1 Crore,27 Lacs,2737115.0,https://www.myneta.info/Bihar2025/candidate.php?candidate_id=665,15,665,General,10,done,done
1296,62,Amarjeet Kushwaha,54,ZIRADEI,CPI(ML)(L),"BA from MMM PG College, Bhatpar Rani Deoria UP in 1994",Graduate,18,7644184,76 Lacs,15 Lacs,1596250.0,https://www.myneta.info/Bihar2025/candidate.php?candidate_id=104,15,104,General,2,done,done
1297,616,Munna Pandey,56,ZIRADEI,Jan Suraaj Party,Graduate from Hariram College Mairwa Baba Bhimrao Ambedkar University Muzaffarpur Bihar,Graduate,1,184270024,18 Crore,4 Crore,49447398.0,https://www.myneta.info/Bihar2025/candidate.php?candidate_id=349,15,349,General,4,done,done
