Sno,Candidate∇,Constituency,Party,Criminal Case,Education,Total Assets,Liabilities,Candidate∇ Link
1,A Dhanwati Chandela A,RAJOURI GARDEN,AAP,0,10th Pass,"Rs 1,09,90,05,522~ 109 Crore+","Rs 5,31,00,000~ 5 Crore+",https://www.myneta.info/Delhi2025/candidate.php?candidate_id=651
2,Aahir Deepak Chaudharyy,BADLI,BJP,0,Graduate Professional,"Rs 1,58,41,080~ 1 Crore+","Rs 1,72,13,698~ 1 Crore+",https://www.myneta.info/Delhi2025/candidate.php?candidate_id=233
3,Aakash Goel,WAZIRPUR,IND,0,Graduate Professional,,,https://www.myneta.info/Delhi2025/candidate.php?candidate_id=10
4,Aaley Mohammed Iqbal,MATIA MAHAL,AAP,1,12th Pass,"Rs 1,17,94,437~ 1 Crore+",Rs 0~,https://www.myneta.info/Delhi2025/candidate.php?candidate_id=812
5,Abdul Rehman,SEELAM PUR,INC,3,8th Pass,"Rs 57,73,795~ 57 Lacs+",Rs 0~,https://www.myneta.info/Delhi2025/candidate.php?candidate_id=366
6,Abdul Zabbar,ADARSH NAGAR,BSP,0,8th Pass,,,https://www.myneta.info/Delhi2025/candidate.php?candidate_id=426
7,Abha Jha,R K PURAM,Bhartiya Mahasangh Party,0,12th Pass,"Rs 62,09,170~ 62 Lacs+","Rs 5,40,000~ 5 Lacs+",https://www.myneta.info/Delhi2025/candidate.php?candidate_id=340
8,Abhay Kumar Verma,LAXMI NAGAR,BJP,1,Graduate Professional,"Rs 1,97,80,321~ 1 Crore+","Rs 13,14,572~ 13 Lacs+",https://www.myneta.info/Delhi2025/candidate.php?candidate_id=93
9,Abhishek,ROHINI,Jai Maha Bharath Party,0,Graduate Professional,,,https://www.myneta.info/Delhi2025/candidate.php?candidate_id=350
10,Abhishek,ROHTAS NAGAR,NCP,0,Graduate,"Rs 42,44,000~ 42 Lacs+",Rs 0~,https://www.myneta.info/Delhi2025/candidate.php?candidate_id=633
11,Abhishek Dutt,KASTURBA NAGAR,INC,1,Post Graduate,"Rs 63,74,34,319~ 63 Crore+",Rs 0~,https://www.myneta.info/Delhi2025/candidate.php?candidate_id=418
12,Abhishek Kumar Singh (Master Ji),BURARI,Rashtriya Janshakti Party (Secular),0,Post Graduate,,,https://www.myneta.info/Delhi2025/candidate.php?candidate_id=131
13,Abrar,BALLIMARAN,Aam Aadmi Parivartan Party,0,5th Pass,"Rs 1,65,875~ 1 Lacs+",Rs 0~,https://www.myneta.info/Delhi2025/candidate.php?candidate_id=459
14,Adarsh Shastri,DWARKA,INC,2,Graduate,"Rs 6,66,59,648~ 6 Crore+","Rs 12,31,646~ 12 Lacs+",https://www.myneta.info/Delhi2025/candidate.php?candidate_id=398
15,Adeel Ahmad Khan,MUSTAFABAD,AAP,0,Graduate,,,https://www.myneta.info/Delhi2025/candidate.php?candidate_id=301
16,Advocate Mehak Dogra,GHONDA,NCP,0,Graduate Professional,"Rs 37,19,000~ 37 Lacs+",Rs 0~,https://www.myneta.info/Delhi2025/candidate.php?candidate_id=761
17,Afsana Sarwar,KIRARI,Peace Party,0,Illiterate,"Rs 1,07,000~ 1 Lacs+",Rs 0~,https://www.myneta.info/Delhi2025/candidate.php?candidate_id=524
18,Ajay Kumar,SEEMA PURI,Peoples Party of India (Democratic),0,Post Graduate,,,https://www.myneta.info/Delhi2025/candidate.php?candidate_id=607
19,Ajay Kumar Singh,RITHALA,IND,0,Post Graduate,"Rs 33,785~ 33 Thou+",Rs 0~,https://www.myneta.info/Delhi2025/candidate.php?candidate_id=641
20,Ajay Mahawar,GHONDA,BJP,0,Post Graduate,"Rs 7,71,06,885~ 7 Crore+","Rs 1,38,82,394~ 1 Crore+",https://www.myneta.info/Delhi2025/candidate.php?candidate_id=132
21,Ajay Singh Negi,KARAWAL NAGAR,IND,0,Graduate,,,https://www.myneta.info/Delhi2025/candidate.php?candidate_id=29
22,Ajesh Yadav,BADLI,AAP,0,Graduate,"Rs 9,89,29,035~ 9 Crore+","Rs 3,36,48,882~ 3 Crore+",https://www.myneta.info/Delhi2025/candidate.php?candidate_id=80
23,Akeshan Dut,ROHTAS NAGAR,Bhartiya Rashtriya Dal,0,Graduate,"Rs 75,100~ 75 Thou+","Rs 50,000~ 50 Thou+",https://www.myneta.info/Delhi2025/candidate.php?candidate_id=635
24,Akhilesh Pati Tripathi,MODEL TOWN,AAP,10,Post Graduate,,,https://www.myneta.info/Delhi2025/candidate.php?candidate_id=151
25,Akshay Kumar,KONDLI,INC,0,Post Graduate,"Rs 5,14,657~ 5 Lacs+",Rs 0~,https://www.myneta.info/Delhi2025/candidate.php?candidate_id=420
26,Ali Mehdi,MUSTAFABAD,INC,1,Graduate Professional,"Rs 3,79,56,382~ 3 Crore+",Rs 0~,https://www.myneta.info/Delhi2025/candidate.php?candidate_id=300
27,Alka Lamba,KALKAJI,INC,1,Post Graduate,,,https://www.myneta.info/Delhi2025/candidate.php?candidate_id=51
28,Altaf Ahmad,JANAKPURI,IND,0,Literate,"Rs 1,35,765~ 1 Lacs+","Rs 1,10,000~ 1 Lacs+",https://www.myneta.info/Delhi2025/candidate.php?candidate_id=498
29,Aman Saini,VIKASPURI,IND,0,12th Pass,"Rs 14,50,000~ 14 Lacs+","Rs 5,50,000~ 5 Lacs+",https://www.myneta.info/Delhi2025/candidate.php?candidate_id=556
30,Amanatullah Khan,OKHLA,AAP,19,12th Pass,,,https://www.myneta.info/Delhi2025/candidate.php?candidate_id=324
31,Amar Nath,MATIA MAHAL,IND,0,8th Pass,"Rs 85,000~ 85 Thou+",Rs 0~,https://www.myneta.info/Delhi2025/candidate.php?candidate_id=746
32,Amar Singh,KRISHNA NAGAR,BSP,0,10th Pass,"Rs 10,34,282~ 10 Lacs+",Rs 0~,https://www.myneta.info/Delhi2025/candidate.php?candidate_id=279
33,Amardeep,TRILOKPURI,INC,0,10th Pass,,,https://www.myneta.info/Delhi2025/candidate.php?candidate_id=567
34,Amarjeet Prasad,KONDLI,CPI(ML)(L),0,Post Graduate,"Rs 74,526~ 74 Thou+",Rs 0~,https://www.myneta.info/Delhi2025/candidate.php?candidate_id=529
35,Amit Kumar Sharma,ROHTAS NAGAR,Sanjhi Virasat Party,0,Graduate,"Rs 40,77,538~ 40 Lacs+",Rs 0~,https://www.myneta.info/Delhi2025/candidate.php?candidate_id=628
36,Amit Saini,ROHINI,Jan Samuh Party,0,8th Pass,,,https://www.myneta.info/Delhi2025/candidate.php?candidate_id=636
37,Amjad Hasan,TUGHLAKABAD,BSP,0,Illiterate,"Rs 3,12,86,377~ 3 Crore+","Rs 17,08,496~ 17 Lacs+",https://www.myneta.info/Delhi2025/candidate.php?candidate_id=386
38,Amrina,BIJWASAN,IND,0,8th Pass,"Rs 72,425~ 72 Thou+",Rs 0~,https://www.myneta.info/Delhi2025/candidate.php?candidate_id=467
39,Andeep Drall,MUNDKA,IND,0,Post Graduate,,,https://www.myneta.info/Delhi2025/candidate.php?candidate_id=720
40,Anil Bhardwaj,SADAR BAZAR,INC,1,Graduate,"Rs 10,22,34,994~ 10 Crore+",Rs 0~,https://www.myneta.info/Delhi2025/candidate.php?candidate_id=623
41,Anil Jha,KIRARI,AAP,3,Post Graduate,"Rs 4,33,02,165~ 4 Crore+",Rs 0~,https://www.myneta.info/Delhi2025/candidate.php?candidate_id=227
42,Anil Kapoor,BURARI,Janhit Dal,0,12th Pass,,,https://www.myneta.info/Delhi2025/candidate.php?candidate_id=472
43,Anil Kumar,PATPARGANJ,INC,7,Graduate Professional,"Rs 3,85,40,745~ 3 Crore+",Rs 0~,https://www.myneta.info/Delhi2025/candidate.php?candidate_id=661
44,Anil Kumar,SEEMA PURI,Aazad Samaj Party (Kanshi Ram),0,10th Pass,"Rs 13,32,350~ 13 Lacs+",Rs 0~,https://www.myneta.info/Delhi2025/candidate.php?candidate_id=809
45,Anil Kumar,JANGPURA,Bhartiya Rashtrawadi Party,0,Graduate Professional,,,https://www.myneta.info/Delhi2025/candidate.php?candidate_id=269
46,Anil Kumar,VISHWAS NAGAR,National Youth Party,0,Graduate Professional,"Rs 6,00,588~ 6 Lacs+",Rs 0~,https://www.myneta.info/Delhi2025/candidate.php?candidate_id=209
47,Anil Kumar Sharma,R K PURAM,BJP,0,Graduate,"Rs 7,13,00,145~ 7 Crore+","Rs 70,835~ 70 Thou+",https://www.myneta.info/Delhi2025/candidate.php?candidate_id=342
48,Anil Kumar Sharma (Gaur),SEELAM PUR,BJP,0,8th Pass,,,https://www.myneta.info/Delhi2025/candidate.php?candidate_id=181
49,Anil Kumar Singh,NERELA,CPI(ML)(L),0,12th Pass,"Rs 46,23,963~ 46 Lacs+",Rs 0~,https://www.myneta.info/Delhi2025/candidate.php?candidate_id=312
50,Anil Kumar Vashisht,BABARPUR,BJP,0,Post Graduate,"Rs 4,53,66,037~ 4 Crore+",Rs 0~,https://www.myneta.info/Delhi2025/candidate.php?candidate_id=405
51,Anil Singh,GHONDA,Sanjhi Virasat Party,0,Graduate Professional,,,https://www.myneta.info/Delhi2025/candidate.php?candidate_id=259
52,Anima Ojha,LAXMI NAGAR,Right to Recall Party,0,Doctorate,"Rs 70,000~ 70 Thou+",Rs 0~,https://www.myneta.info/Delhi2025/candidate.php?candidate_id=1
53,Anita,NEW DELHI,IND,0,Post Graduate,"Rs 9,500~ 9 Thou+","Rs 1,61,730~ 1 Lacs+",https://www.myneta.info/Delhi2025/candidate.php?candidate_id=675
54,Anita Bansal,SADAR BAZAR,Asankhya Samaj Party,0,Post Graduate,,,https://www.myneta.info/Delhi2025/candidate.php?candidate_id=38
55,Anjana Parcha,TRILOKPURI,AAP,1,Graduate,"Rs 65,22,872~ 65 Lacs+","Rs 3,41,357~ 3 Lacs+",https://www.myneta.info/Delhi2025/candidate.php?candidate_id=381
56,Anuradha Rana,NEW DELHI,IND,0,Post Graduate,"Rs 15,000~ 15 Thou+","Rs 1,61,730~ 1 Lacs+",https://www.myneta.info/Delhi2025/candidate.php?candidate_id=676
57,Anurag Kumar,LAXMI NAGAR,IND,0,Graduate Professional,,,https://www.myneta.info/Delhi2025/candidate.php?candidate_id=33
58,Aravendra Kumar,DWARKA,Suheldev Bharatiya Samaj Party,0,12th Pass,"Rs 19,85,500~ 19 Lacs+","Rs 11,14,000~ 11 Lacs+",https://www.myneta.info/Delhi2025/candidate.php?candidate_id=484
59,Ariba Khan,OKHLA,INC,1,Graduate Professional,"Rs 21,11,744~ 21 Lacs+",Rs 0~,https://www.myneta.info/Delhi2025/candidate.php?candidate_id=326
60,Arjun Singh Bhadana,BADARPUR,INC,1,Graduate,,,https://www.myneta.info/Delhi2025/candidate.php?candidate_id=406
61,Arun,AMBEDKAR NAGAR,Haryana Jansena Party,0,10th Pass,"Rs 26,000~ 26 Thou+",Rs 0~,https://www.myneta.info/Delhi2025/candidate.php?candidate_id=432
62,Arun Kumar,BADLI,IND,0,10th Pass,"Rs 11,30,870~ 11 Lacs+","Rs 3,69,765~ 3 Lacs+",https://www.myneta.info/Delhi2025/candidate.php?candidate_id=452
63,Arun Kumar Sharma,NEW DELHI,Delhi Janta Party,1,Post Graduate,,,https://www.myneta.info/Delhi2025/candidate.php?candidate_id=681
64,Aruna,NERELA,INC,0,Post Graduate,"Rs 2,27,72,639~ 2 Crore+","Rs 18,93,711~ 18 Lacs+",https://www.myneta.info/Delhi2025/candidate.php?candidate_id=313
65,Arvind Kejriwal,NEW DELHI,AAP,15,Graduate Professional,"Rs 4,24,36,504~ 4 Crore+",Rs 0~,https://www.myneta.info/Delhi2025/candidate.php?candidate_id=180
66,Arvind Kumar,GOKALPUR,Aazad Samaj Party (Kanshi Ram),0,12th Pass,,,https://www.myneta.info/Delhi2025/candidate.php?candidate_id=193
67,Arvind Kumar Pandey,MATIALA,Rashtriya Janshakti Party (Secular),0,8th Pass,"Rs 26,20,000~ 26 Lacs+","Rs 42,000~ 42 Thou+",https://www.myneta.info/Delhi2025/candidate.php?candidate_id=150
68,Arvinder Singh Lovely,GANDHI NAGAR,BJP,0,Graduate,"Rs 11,65,02,287~ 11 Crore+","Rs 97,00,000~ 97 Lacs+",https://www.myneta.info/Delhi2025/candidate.php?candidate_id=219
69,Asha Chaudhary,MUSTAFABAD,Bharatiya Sampuran Krantikari Party,0,Post Graduate,,,https://www.myneta.info/Delhi2025/candidate.php?candidate_id=711
70,Asha Kamle,KONDLI,Republican Party of India (Athawale),0,10th Pass,"Rs 47,289~ 47 Thou+",Rs 0~,https://www.myneta.info/Delhi2025/candidate.php?candidate_id=527
71,Asha Rani,SADAR BAZAR,SUCI(C),0,12th Pass,"Rs 10,20,200~ 10 Lacs+",Rs 0~,https://www.myneta.info/Delhi2025/candidate.php?candidate_id=115
72,Ashish Kumar,SEEMA PURI,IND,0,Graduate,,,https://www.myneta.info/Delhi2025/candidate.php?candidate_id=802
73,Ashish Sood,JANAKPURI,BJP,1,Graduate,"Rs 9,22,02,367~ 9 Crore+","Rs 5,92,73,724~ 5 Crore+",https://www.myneta.info/Delhi2025/candidate.php?candidate_id=50
74,Ashish Sood,JANAKPURI,IND,0,10th Pass,"Rs 22,61,142~ 22 Lacs+",Rs 0~,https://www.myneta.info/Delhi2025/candidate.php?candidate_id=783
75,Ashok Agarwal,KARAWAL NAGAR,CPI(M),0,Graduate Professional,,,https://www.myneta.info/Delhi2025/candidate.php?candidate_id=518
76,Ashok Agyani,DELHI CANTT,IND,0,12th Pass,"Rs 15,07,644~ 15 Lacs+","Rs 89,329~ 89 Thou+",https://www.myneta.info/Delhi2025/candidate.php?candidate_id=25
77,Ashok Bambani,JANGPURA,IND,0,12th Pass,"Rs 4,83,43,500~ 4 Crore+",Rs 0~,https://www.myneta.info/Delhi2025/candidate.php?candidate_id=756
78,Ashok Goel,MODEL TOWN,BJP,0,Graduate Professional,,,https://www.myneta.info/Delhi2025/candidate.php?candidate_id=177
79,Ashok Jain,RITHALA,Yuva Bharat Rashtraseva Party,0,8th Pass,"Rs 30,019~ 30 Thou+",Rs 0~,https://www.myneta.info/Delhi2025/candidate.php?candidate_id=640
80,Ashok Jindal,DWARKA,IND,0,12th Pass,"Rs 70,50,763~ 70 Lacs+","Rs 15,50,000~ 15 Lacs+",https://www.myneta.info/Delhi2025/candidate.php?candidate_id=395
81,Ashok Kumar,ROHTAS NAGAR,BSP,0,Graduate Professional,,,https://www.myneta.info/Delhi2025/candidate.php?candidate_id=631
82,Ashok Kumar,HARI NAGAR,IND,0,10th Pass,"Rs 25,000~ 25 Thou+",Rs 0~,https://www.myneta.info/Delhi2025/candidate.php?candidate_id=495
83,Ashok Kumar,PATEL NAGAR,Aazad Samaj Party (Kanshi Ram),0,8th Pass,"Rs 1,39,801~ 1 Lacs+",Rs 0~,https://www.myneta.info/Delhi2025/candidate.php?candidate_id=664
84,Ashok Kumar,MUSTAFABAD,BSP,0,12th Pass,,,https://www.myneta.info/Delhi2025/candidate.php?candidate_id=299
85,Ashok Kumar,AMBEDKAR NAGAR,IND,0,10th Pass,"Rs 6,586~ 6 Thou+",Rs 0~,https://www.myneta.info/Delhi2025/candidate.php?candidate_id=435
86,Ashok Kumar Gautam,TILAK NAGAR,BSP,0,8th Pass,"Rs 2,23,150~ 2 Lacs+",Rs 0~,https://www.myneta.info/Delhi2025/candidate.php?candidate_id=375
87,Ashok Surana,SHAHDARA,IND,0,Graduate,,,https://www.myneta.info/Delhi2025/candidate.php?candidate_id=367
88,Asim Ahmed Khan,MATIA MAHAL,INC,0,Graduate,"Rs 24,60,27,514~ 24 Crore+","Rs 1,98,97,137~ 1 Crore+",https://www.myneta.info/Delhi2025/candidate.php?candidate_id=745
89,Asmita,DEOLI,BSP,0,Post Graduate,"Rs 1,15,500~ 1 Lacs+","Rs 2,00,000~ 2 Lacs+",https://www.myneta.info/Delhi2025/candidate.php?candidate_id=255
90,Atishi,KALKAJI,AAP,4,Post Graduate,,,https://www.myneta.info/Delhi2025/candidate.php?candidate_id=28
91,Atul Kumar,GOKALPUR,Swaraj Bhartiya Nyay Party,0,Post Graduate,"Rs 30,55,251~ 30 Lacs+","Rs 2,30,00,000~ 2 Crore+",https://www.myneta.info/Delhi2025/candidate.php?candidate_id=194
92,Avadh Ojha,PATPARGANJ,AAP,0,Graduate Professional,"Rs 8,59,07,918~ 8 Crore+","Rs 1,01,70,534~ 1 Crore+",https://www.myneta.info/Delhi2025/candidate.php?candidate_id=663
93,Avinash Gupta,MOTI NAGAR,BSP,0,8th Pass,,,https://www.myneta.info/Delhi2025/candidate.php?candidate_id=97
94,Awdhesh Kumar Jha,MODEL TOWN,Right to Recall Party,0,10th Pass,"Rs 1,87,000~ 1 Lacs+",Rs 0~,https://www.myneta.info/Delhi2025/candidate.php?candidate_id=725
95,Ayasha Khatoon,RITHALA,Peoples Party of India (Democratic),0,Graduate,"Rs 21,15,698~ 21 Lacs+","Rs 2,36,280~ 2 Lacs+",https://www.myneta.info/Delhi2025/candidate.php?candidate_id=642
96,Ayush Gupta,ADARSH NAGAR,IND,0,Post Graduate,,,https://www.myneta.info/Delhi2025/candidate.php?candidate_id=431
97,B B Tyagi,LAXMI NAGAR,AAP,2,Graduate Professional,"Rs 7,33,24,194~ 7 Crore+",Rs 0~,https://www.myneta.info/Delhi2025/candidate.php?candidate_id=202
98,Babita,BAWANA,Asankhya Samaj Party,0,Illiterate,"Rs 9,83,000~ 9 Lacs+",Rs 0~,https://www.myneta.info/Delhi2025/candidate.php?candidate_id=18
99,Babita,GHONDA,Yuva Bharat Rashtraseva Party,0,8th Pass,,,https://www.myneta.info/Delhi2025/candidate.php?candidate_id=260
100,Babu Lal,SULTAN PUR MAJRA,Bharatiya Sampuran Krantikari Party,0,5th Pass,"Rs 1,56,69,500~ 1 Crore+",Rs 0~,https://www.myneta.info/Delhi2025/candidate.php?candidate_id=373
101,Babu Lal,BALLIMARAN,IND,0,8th Pass,"Rs 85,24,808~ 85 Lacs+","Rs 12,81,097~ 12 Lacs+",https://www.myneta.info/Delhi2025/candidate.php?candidate_id=458
102,Bachan Ram,DEOLI,Matrubhoomi Sewa Party,0,10th Pass,,,https://www.myneta.info/Delhi2025/candidate.php?candidate_id=257
103,Bajrang Shukla,KIRARI,BJP,1,Graduate,"Rs 1,64,34,388~ 1 Crore+",Rs 0~,https://www.myneta.info/Delhi2025/candidate.php?candidate_id=90
104,Balyogi Baba Balaknath,MEHRAULI,IND,0,12th Pass,"Rs 39,05,397~ 39 Lacs+",Rs 0~,https://www.myneta.info/Delhi2025/candidate.php?candidate_id=295
105,Bandana Kumari,SHALIMAR BAGH,AAP,1,Graduate,,,https://www.myneta.info/Delhi2025/candidate.php?candidate_id=370
106,Bhagwan Dass,MATIA MAHAL,IND,0,Illiterate,"Rs 17,000~ 17 Thou+",Rs 0~,https://www.myneta.info/Delhi2025/candidate.php?candidate_id=739
107,Bharat Singh,NAJAFGARH,Peoples Party of India (Democratic),0,5th Pass,"Rs 58,70,385~ 58 Lacs+",Rs 0~,https://www.myneta.info/Delhi2025/candidate.php?candidate_id=709
108,Bhavish Dhankar,MALVIYA NAGAR,Bhartiya Rashtriya Jansatta,1,Post Graduate,,,https://www.myneta.info/Delhi2025/candidate.php?candidate_id=750
109,Bhawana,NEW DELHI,IND,0,Graduate,"Rs 2,89,124~ 2 Lacs+",Rs 0~,https://www.myneta.info/Delhi2025/candidate.php?candidate_id=678
110,Bhawana Bothra,VISHWAS NAGAR,Veer Janshakti Party,0,Graduate,"Rs 17,50,000~ 17 Lacs+",Rs 0~,https://www.myneta.info/Delhi2025/candidate.php?candidate_id=552
111,Bhisham Sharma,GHONDA,INC,0,Graduate,,,https://www.myneta.info/Delhi2025/candidate.php?candidate_id=762
112,Bhupender Yadav,BABARPUR,Janhit Dal,0,10th Pass,"Rs 13,89,500~ 13 Lacs+",Rs 0~,https://www.myneta.info/Delhi2025/candidate.php?candidate_id=441
113,Bhuvan Tanwar,DELHI CANTT,BJP,0,Post Graduate,"Rs 15,30,51,818~ 15 Crore+","Rs 83,00,000~ 83 Lacs+",https://www.myneta.info/Delhi2025/candidate.php?candidate_id=409
114,Bijender Kumar,TIMARPUR,Jan Samuh Party,0,Literate,,,https://www.myneta.info/Delhi2025/candidate.php?candidate_id=572
115,Bijender Prajapati,JANGPURA,Haryana Jansena Party,0,Graduate Professional,"Rs 16,38,018~ 16 Lacs+","Rs 5,97,589~ 5 Lacs+",https://www.myneta.info/Delhi2025/candidate.php?candidate_id=403
116,Bindu Kumar,HARI NAGAR,BSP,0,12th Pass,"Rs 1,11,000~ 1 Lacs+",Rs 0~,https://www.myneta.info/Delhi2025/candidate.php?candidate_id=497
117,Bir Sain,GOKALPUR,Bharatiya Sarvodaya Kranti Party,0,12th Pass,,,https://www.myneta.info/Delhi2025/candidate.php?candidate_id=489
118,Brahm Singh Tanwar,CHHATARPUR,AAP,1,8th Pass,"Rs 24,29,85,718~ 24 Crore+","Rs 1,08,76,717~ 1 Crore+",https://www.myneta.info/Delhi2025/candidate.php?candidate_id=408
119,Brij Lal,CHHATARPUR,BSP,0,Graduate Professional,"Rs 70,69,267~ 70 Lacs+","Rs 7,19,633~ 7 Lacs+",https://www.myneta.info/Delhi2025/candidate.php?candidate_id=478
120,Brijpal,BADARPUR,Bharatiya Sampuran Krantikari Party,0,12th Pass,,,https://www.myneta.info/Delhi2025/candidate.php?candidate_id=450
121,Budiya,NERELA,IND,0,Illiterate,"Rs 52,80,500~ 52 Lacs+",Rs 0~,https://www.myneta.info/Delhi2025/candidate.php?candidate_id=690
122,Ca Soharsh Gulgulia Jain,SADAR BAZAR,Jantantrik Samta Party,0,Graduate Professional,"Rs 1,21,03,721~ 1 Crore+","Rs 25,28,684~ 25 Lacs+",https://www.myneta.info/Delhi2025/candidate.php?candidate_id=622
123,Chaman Lal,TUGHLAKABAD,Peoples Party of India (Democratic),0,5th Pass,,,https://www.myneta.info/Delhi2025/candidate.php?candidate_id=563
124,Chaman Lal Verma,JANAKPURI,Aam Janshakti Party,0,Post Graduate,"Rs 1,95,83,000~ 1 Crore+","Rs 25,00,000~ 25 Lacs+",https://www.myneta.info/Delhi2025/candidate.php?candidate_id=268
125,Chandan Kumar Choudhary,SANGAM VIHAR,BJP,5,Graduate,"Rs 3,94,73,899~ 3 Crore+",Rs 0~,https://www.myneta.info/Delhi2025/candidate.php?candidate_id=613
126,Chander Pal,MODEL TOWN,IND,0,5th Pass,,,https://www.myneta.info/Delhi2025/candidate.php?candidate_id=178
127,Charan Singh Maliyan,GOKALPUR,Right to Recall Party,0,10th Pass,"Rs 70,000~ 70 Thou+",Rs 0~,https://www.myneta.info/Delhi2025/candidate.php?candidate_id=13
128,Charan Singh Maliyan,SEEMA PURI,Right to Recall Party,0,10th Pass,"Rs 70,000~ 70 Thou+",Rs 0~,https://www.myneta.info/Delhi2025/candidate.php?candidate_id=39
129,Charanjeet Kaur,MALVIYA NAGAR,BSP,0,12th Pass,,,https://www.myneta.info/Delhi2025/candidate.php?candidate_id=751
130,Chaudhary Zubair Ahmad,SEELAM PUR,AAP,0,Graduate,"Rs 3,69,25,933~ 3 Crore+",Rs 0~,https://www.myneta.info/Delhi2025/candidate.php?candidate_id=24
131,Chunni Lal,MODEL TOWN,BSP,0,8th Pass,"Rs 6,62,000~ 6 Lacs+",Rs 0~,https://www.myneta.info/Delhi2025/candidate.php?candidate_id=297
132,Col Devinder Kumar Sehrawat,BIJWASAN,INC,1,Graduate Professional,,,https://www.myneta.info/Delhi2025/candidate.php?candidate_id=83
133,Danveer,LAXMI NAGAR,Rashtra Nirman Party,0,Graduate,"Rs 46,35,897~ 46 Lacs+",Rs 0~,https://www.myneta.info/Delhi2025/candidate.php?candidate_id=538
134,Darsan Singh,AMBEDKAR NAGAR,Aazad Samaj Party (Kanshi Ram),0,10th Pass,"Rs 52,00,000~ 52 Lacs+",Rs 0~,https://www.myneta.info/Delhi2025/candidate.php?candidate_id=433
135,Daya Ram Gurjar,CHHATARPUR,IND,0,Graduate,,,https://www.myneta.info/Delhi2025/candidate.php?candidate_id=191
136,Deepa Devi,PATPARGANJ,Aihra National Party,0,10th Pass,"Rs 4,10,000~ 4 Lacs+",Rs 0~,https://www.myneta.info/Delhi2025/candidate.php?candidate_id=660
137,Deepak Chawla,TIMARPUR,Republican Party of India (Athawale),0,Graduate,"Rs 6,55,843~ 6 Lacs+",Rs 0~,https://www.myneta.info/Delhi2025/candidate.php?candidate_id=576
138,Deepak Kapila,KALKAJI,Azad Adhikar Sena,0,Graduate Professional,,,https://www.myneta.info/Delhi2025/candidate.php?candidate_id=270
139,Deepak Kumar,SULTAN PUR MAJRA,IND,0,5th Pass,"Rs 2,26,808~ 2 Lacs+","Rs 2,61,000~ 2 Lacs+",https://www.myneta.info/Delhi2025/candidate.php?candidate_id=587
140,Deepak Kumar,VISHWAS NAGAR,Bharatiy Aam Janta Adhikar Party,0,Others,"Rs 13,00,000~ 13 Lacs+",Rs 0~,https://www.myneta.info/Delhi2025/candidate.php?candidate_id=208
141,Deepak Kumar,SEELAM PUR,BSP,0,Others,,,https://www.myneta.info/Delhi2025/candidate.php?candidate_id=793
142,Deepak Kumar,KAROL BAGH,IND,0,8th Pass,"Rs 25,500~ 25 Thou+","Rs 3,567~ 3 Thou+",https://www.myneta.info/Delhi2025/candidate.php?candidate_id=519
143,Deepak Pandey,LAXMI NAGAR,Magadh Congress of Inda,0,Graduate Professional,"Rs 14,15,203~ 14 Lacs+","Rs 4,00,000~ 4 Lacs+",https://www.myneta.info/Delhi2025/candidate.php?candidate_id=199
144,Deepak Rawat,BADARPUR,IND,0,12th Pass,,,https://www.myneta.info/Delhi2025/candidate.php?candidate_id=448
145,Deepak Singhal,VISHWAS NAGAR,AAP,1,8th Pass,"Rs 15,28,50,269~ 15 Crore+","Rs 8,49,55,000~ 8 Crore+",https://www.myneta.info/Delhi2025/candidate.php?candidate_id=555
146,Deepak Tanwar,DEOLI,Lok Janshakti Party(Ram Vilas),0,8th Pass,"Rs 30,72,681~ 30 Lacs+",Rs 0~,https://www.myneta.info/Delhi2025/candidate.php?candidate_id=766
147,Deepti Indora,MATIA MAHAL,BJP,0,Post Graduate,,,https://www.myneta.info/Delhi2025/candidate.php?candidate_id=143
148,Devender Kumar,WAZIRPUR,CPI,0,8th Pass,"Rs 89,445~ 89 Thou+",Rs 0~,https://www.myneta.info/Delhi2025/candidate.php?candidate_id=73
149,Devender Kumar Yadav,BADLI,IND,0,Graduate,"Rs 3,94,795~ 3 Lacs+","Rs 2,12,750~ 2 Lacs+",https://www.myneta.info/Delhi2025/candidate.php?candidate_id=232
150,Devender Yadav,BADLI,INC,1,10th Pass,,,https://www.myneta.info/Delhi2025/candidate.php?candidate_id=62
151,Devendra Bhaiya,KARAWAL NAGAR,BSP,0,Graduate,"Rs 1,60,18,188~ 1 Crore+","Rs 1,70,00,000~ 1 Crore+",https://www.myneta.info/Delhi2025/candidate.php?candidate_id=516
152,Devika,DEOLI,Rashtriya Lok Janshakti Party,0,12th Pass,"Rs 50,55,365~ 50 Lacs+",Rs 0~,https://www.myneta.info/Delhi2025/candidate.php?candidate_id=765
153,Dharam Pal,MUSTAFABAD,Bharatiya Sarvodaya Kranti Party,0,10th Pass,,,https://www.myneta.info/Delhi2025/candidate.php?candidate_id=710
154,Dharam Pal Chandela,RAJOURI GARDEN,INC,0,12th Pass,"Rs 6,10,36,079~ 6 Crore+",Rs 0~,https://www.myneta.info/Delhi2025/candidate.php?candidate_id=159
155,Dharam Rakshak Alias Rakesh Jatav,MANGOL PURI,AAP,0,8th Pass,"Rs 1,82,80,055~ 1 Crore+","Rs 9,84,260~ 9 Lacs+",https://www.myneta.info/Delhi2025/candidate.php?candidate_id=186
156,Dharam Veer,JANAKPURI,Suheldev Bharatiya Samaj Party,0,10th Pass,,,https://www.myneta.info/Delhi2025/candidate.php?candidate_id=785
157,Dharampal Lakra,MUNDKA,INC,0,Others,"Rs 76,01,44,877~ 76 Crore+",Rs 0~,https://www.myneta.info/Delhi2025/candidate.php?candidate_id=716
158,Dharamveer,MADIPUR,IND,0,Graduate Professional,"Rs 4,38,000~ 4 Lacs+","Rs 4,10,000~ 4 Lacs+",https://www.myneta.info/Delhi2025/candidate.php?candidate_id=541
159,Dharamvir Singh,GOKALPUR,Peoples Party of India (Democratic),0,Post Graduate,,,https://www.myneta.info/Delhi2025/candidate.php?candidate_id=262
160,Dharmender,CHHATARPUR,IND,0,Graduate Professional,"Rs 2,09,085~ 2 Lacs+",Rs 0~,https://www.myneta.info/Delhi2025/candidate.php?candidate_id=45
161,Dharmindra Kumar Kaim,SHAHDARA,BSP,0,12th Pass,"Rs 13,000~ 13 Thou+",Rs 0~,https://www.myneta.info/Delhi2025/candidate.php?candidate_id=602
162,Dheeraj Kumar,BAWANA,Peoples Party of India (Democratic),0,12th Pass,,,https://www.myneta.info/Delhi2025/candidate.php?candidate_id=464
163,Dhurva Kumar,BURARI,Right to Recall Party,0,Post Graduate,"Rs 70,000~ 70 Thou+",Rs 0~,https://www.myneta.info/Delhi2025/candidate.php?candidate_id=23
164,Diblu Singh,PATPARGANJ,IND,0,Graduate Professional,"Rs 93,52,000~ 93 Lacs+","Rs 48,00,000~ 48 Lacs+",https://www.myneta.info/Delhi2025/candidate.php?candidate_id=336
165,Dilip Banerjee,SHAHDARA,IND,0,Graduate,,,https://www.myneta.info/Delhi2025/candidate.php?candidate_id=600
166,Dilip Kumar,PALAM,CPI,0,5th Pass,"Rs 29,32,186~ 29 Lacs+",Rs 0~,https://www.myneta.info/Delhi2025/candidate.php?candidate_id=329
167,Dilip Kumar Sharma,NANGLOI JAT,IND,1,10th Pass,"Rs 1,90,17,168~ 1 Crore+","Rs 51,64,913~ 51 Lacs+",https://www.myneta.info/Delhi2025/candidate.php?candidate_id=309
168,Dinesh Kumar Sah,UTTAM NAGAR,IND,1,8th Pass,,,https://www.myneta.info/Delhi2025/candidate.php?candidate_id=559
169,Dinesh Mohaniya,SANGAM VIHAR,AAP,4,Graduate Professional,"Rs 77,00,166~ 77 Lacs+","Rs 7,95,236~ 7 Lacs+",https://www.myneta.info/Delhi2025/candidate.php?candidate_id=59
170,Dinesh Tanwar,CHHATARPUR,Aapki Apni Party (Peoples),1,10th Pass,"Rs 1,34,12,090~ 1 Crore+","Rs 1,89,347~ 1 Lacs+",https://www.myneta.info/Delhi2025/candidate.php?candidate_id=479
171,Dr Anil Goyal,KRISHNA NAGAR,BJP,0,Post Graduate,,,https://www.myneta.info/Delhi2025/candidate.php?candidate_id=280
172,Dr. Abhilasha,NEW DELHI,IND,0,Doctorate,"Rs 6,03,153~ 6 Lacs+",Rs 0~,https://www.myneta.info/Delhi2025/candidate.php?candidate_id=687
173,Dr. Ajay Dutt,AMBEDKAR NAGAR,AAP,0,Doctorate,"Rs 11,92,94,435~ 11 Crore+","Rs 26,59,574~ 26 Lacs+",https://www.myneta.info/Delhi2025/candidate.php?candidate_id=77
174,Dr. Bhupendra Chaurasiya,MALVIYA NAGAR,Yuva Bharat Rashtraseva Party,0,Graduate Professional,,,https://www.myneta.info/Delhi2025/candidate.php?candidate_id=285
175,Dr. Munish Kumar Raizada,NEW DELHI,Bharatiya Liberal Party,0,Graduate Professional,"Rs 27,46,80,370~ 27 Crore+",Rs 0~,https://www.myneta.info/Delhi2025/candidate.php?candidate_id=314
176,Dr. P.K. Mishra,KARAWAL NAGAR,INC,0,Post Graduate,"Rs 1,39,71,502~ 1 Crore+","Rs 18,50,000~ 18 Lacs+",https://www.myneta.info/Delhi2025/candidate.php?candidate_id=272
177,Duggirala Nageswara Rao,NEW DELHI,Jatiya Jana Sena Party,0,Post Graduate,,,https://www.myneta.info/Delhi2025/candidate.php?candidate_id=684
178,Durgesh Pathak,RAJINDER NAGAR,AAP,4,Post Graduate,"Rs 19,47,576~ 19 Lacs+",Rs 0~,https://www.myneta.info/Delhi2025/candidate.php?candidate_id=345
179,Dushyant Gautam,KAROL BAGH,BJP,0,Graduate,"Rs 5,31,46,269~ 5 Crore+","Rs 4,47,721~ 4 Lacs+",https://www.myneta.info/Delhi2025/candidate.php?candidate_id=69
180,Dushyant Thakur,UTTAM NAGAR,Yuva Bharat Rashtraseva Party,0,Graduate,,,https://www.myneta.info/Delhi2025/candidate.php?candidate_id=391
181,Farhad Suri,JANGPURA,INC,5,Graduate,"Rs 32,46,263~ 32 Lacs+",Rs 0~,https://www.myneta.info/Delhi2025/candidate.php?candidate_id=400
182,Firdos Alam,OKHLA,Bhartiya Insan Party,1,12th Pass,"Rs 1,50,000~ 1 Lacs+",Rs 0~,https://www.myneta.info/Delhi2025/candidate.php?candidate_id=104
183,Firdous Ahmad,MATIA MAHAL,IND,0,8th Pass,,,https://www.myneta.info/Delhi2025/candidate.php?candidate_id=747
184,G. Thulaseedharan,DWARKA,Peoples Green Party,1,12th Pass,"Rs 7,05,000~ 7 Lacs+","Rs 10,00,000~ 10 Lacs+",https://www.myneta.info/Delhi2025/candidate.php?candidate_id=483
185,Gajender Drall,MUNDKA,BJP,0,Graduate,"Rs 12,71,69,681~ 12 Crore+","Rs 1,30,07,956~ 1 Crore+",https://www.myneta.info/Delhi2025/candidate.php?candidate_id=223
186,Gajender Singh Yadav,MEHRAULI,BJP,0,Post Graduate,,,https://www.myneta.info/Delhi2025/candidate.php?candidate_id=53
187,Gandhi Ji Gautam,LAXMI NAGAR,Aazad Samaj Party (Kanshi Ram),0,Others,"Rs 1,85,47,756~ 1 Crore+","Rs 18,284~ 18 Thou+",https://www.myneta.info/Delhi2025/candidate.php?candidate_id=31
188,Ganga Ram,BURARI,BSP,0,10th Pass,"Rs 41,000~ 41 Thou+",Rs 0~,https://www.myneta.info/Delhi2025/candidate.php?candidate_id=773
189,Garvit Singhvi,GREATER KAILASH,INC,0,Post Graduate,,,https://www.myneta.info/Delhi2025/candidate.php?candidate_id=266
190,Gaurav Sharma,GHONDA,AAP,0,Graduate Professional,"Rs 76,06,533~ 76 Lacs+","Rs 1,43,31,858~ 1 Crore+",https://www.myneta.info/Delhi2025/candidate.php?candidate_id=261
191,Gaurav Sharma,GHONDA,IND,0,Post Graduate,"Rs 9,35,654~ 9 Lacs+",Rs 0~,https://www.myneta.info/Delhi2025/candidate.php?candidate_id=758
192,Gauri Shankar,MOTI NAGAR,IND,0,Illiterate,,,https://www.myneta.info/Delhi2025/candidate.php?candidate_id=206
193,Gautam Singh Bihari,DWARKA,IND,0,Graduate,"Rs 1,15,000~ 1 Lacs+",Rs 0~,https://www.myneta.info/Delhi2025/candidate.php?candidate_id=184
194,Geeta,PALAM,BSP,0,Post Graduate,"Rs 35,32,500~ 35 Lacs+","Rs 8,50,000~ 8 Lacs+",https://www.myneta.info/Delhi2025/candidate.php?candidate_id=106
195,Gopal Kumar Sinha,BADLI,Bharatiya Sampuran Krantikari Party,0,Post Graduate,,,https://www.myneta.info/Delhi2025/candidate.php?candidate_id=454
196,Gopal Prasad,PATPARGANJ,Delhi Janta Party,2,12th Pass,"Rs 6,25,037~ 6 Lacs+",Rs 0~,https://www.myneta.info/Delhi2025/candidate.php?candidate_id=659
197,Gopal Rai,BABARPUR,AAP,1,Post Graduate,"Rs 1,41,99,753~ 1 Crore+",Rs 0~,https://www.myneta.info/Delhi2025/candidate.php?candidate_id=216
198,Gourav Bothra,MOTI NAGAR,Right to Recall Party,0,Graduate,,,https://www.myneta.info/Delhi2025/candidate.php?candidate_id=6
199,Gulab Singhal,BURARI,Bhim Sena,0,10th Pass,"Rs 10,000~ 10 Thou+",Rs 0~,https://www.myneta.info/Delhi2025/candidate.php?candidate_id=471
200,Gulfam,GANDHI NAGAR,IND,0,10th Pass,"Rs 1,78,323~ 1 Lacs+",Rs 0~,https://www.myneta.info/Delhi2025/candidate.php?candidate_id=487
201,Gulshan Bharti,AMBEDKAR NAGAR,Right to Recall Party,0,12th Pass,,,https://www.myneta.info/Delhi2025/candidate.php?candidate_id=3
202,Gurcharan Singh (Raju),KRISHNA NAGAR,INC,1,8th Pass,"Rs 1,30,90,52,000~ 130 Crore+",Rs 0~,https://www.myneta.info/Delhi2025/candidate.php?candidate_id=139
203,Gurmeet Singh,VISHWAS NAGAR,Jai Maha Bharath Party,0,10th Pass,"Rs 2,16,041~ 2 Lacs+",Rs 0~,https://www.myneta.info/Delhi2025/candidate.php?candidate_id=551
204,H.M. Hashim Malik,KARAWAL NAGAR,SDPI,0,8th Pass,,,https://www.myneta.info/Delhi2025/candidate.php?candidate_id=89
205,Haider Ali,NEW DELHI,IND,0,8th Pass,"Rs 14,000~ 14 Thou+",Rs 0~,https://www.myneta.info/Delhi2025/candidate.php?candidate_id=319
206,Hammad Khan,OKHLA,IND,0,Post Graduate,"Rs 30,03,490~ 30 Lacs+",Rs 0~,https://www.myneta.info/Delhi2025/candidate.php?candidate_id=325
207,Hansa,BALLIMARAN,IND,0,Graduate Professional,,,https://www.myneta.info/Delhi2025/candidate.php?candidate_id=456
208,Hanuman Sahay Alias Hanuman Chauhan,MANGOL PURI,INC,0,8th Pass,"Rs 37,41,108~ 37 Lacs+",Rs 0~,https://www.myneta.info/Delhi2025/candidate.php?candidate_id=286
209,Harbani Kaur,JANAKPURI,INC,0,Graduate,"Rs 30,04,878~ 30 Lacs+","Rs 72,577~ 72 Thou+",https://www.myneta.info/Delhi2025/candidate.php?candidate_id=416
210,Hari Kishan Mechanic,BAWANA,IND,0,Others,,,https://www.myneta.info/Delhi2025/candidate.php?candidate_id=26
211,Hari Ram,BADARPUR,Rashtriya Bahujan Congress Party,0,Illiterate,"Rs 2,26,35,743~ 2 Crore+","Rs 10,00,000~ 10 Lacs+",https://www.myneta.info/Delhi2025/candidate.php?candidate_id=451
212,Harish,MOTI NAGAR,IND,0,10th Pass,"Rs 4,15,69,243~ 4 Crore+","Rs 81,20,903~ 81 Lacs+",https://www.myneta.info/Delhi2025/candidate.php?candidate_id=66
213,Harish Khurana,MOTI NAGAR,BJP,1,Graduate,,,https://www.myneta.info/Delhi2025/candidate.php?candidate_id=98
214,Haroon Yusuf,BALLIMARAN,INC,0,Graduate,"Rs 4,78,63,695~ 4 Crore+",Rs 0~,https://www.myneta.info/Delhi2025/candidate.php?candidate_id=237
215,Harsh Choudhary,SANGAM VIHAR,INC,0,Post Graduate,"Rs 5,10,16,582~ 5 Crore+","Rs 9,50,000~ 9 Lacs+",https://www.myneta.info/Delhi2025/candidate.php?candidate_id=365
216,Harshad Chadha,ROHINI,BSP,0,10th Pass,,,https://www.myneta.info/Delhi2025/candidate.php?candidate_id=351
217,Heera Lal,BAWANA,BSP,0,Literate,"Rs 1,18,44,480~ 1 Crore+","Rs 20,27,368~ 20 Lacs+",https://www.myneta.info/Delhi2025/candidate.php?candidate_id=465
218,Hira Lal,WAZIRPUR,BSP,0,8th Pass,"Rs 59,00,000~ 59 Lacs+",Rs 0~,https://www.myneta.info/Delhi2025/candidate.php?candidate_id=548
219,Hira Lal Sah,VIKASPURI,IND,0,10th Pass,,,https://www.myneta.info/Delhi2025/candidate.php?candidate_id=9
220,Imran Hussain,BALLIMARAN,AAP,0,Graduate Professional,"Rs 3,56,46,554~ 3 Crore+","Rs 41,96,768~ 41 Lacs+",https://www.myneta.info/Delhi2025/candidate.php?candidate_id=128
221,Imran Saifi,BADARPUR,NCP,0,10th Pass,"Rs 2,07,97,000~ 2 Crore+","Rs 17,00,000~ 17 Lacs+",https://www.myneta.info/Delhi2025/candidate.php?candidate_id=447
222,Iqbal Ahmed Siddiqui,KALKAJI,IND,0,5th Pass,,,https://www.myneta.info/Delhi2025/candidate.php?candidate_id=501
223,Ishwar Chand,NEW DELHI,Bharatrashtra Democratic Party,0,Graduate Professional,"Rs 3,82,74,624~ 3 Crore+",Rs 0~,https://www.myneta.info/Delhi2025/candidate.php?candidate_id=316
224,Ishwar Singh,GOKALPUR,INC,0,8th Pass,"Rs 5,08,97,683~ 5 Crore+","Rs 36,66,537~ 36 Lacs+",https://www.myneta.info/Delhi2025/candidate.php?candidate_id=412
225,Islam Ali,CHHATARPUR,Aazad Samaj Party (Kanshi Ram),0,12th Pass,,,https://www.myneta.info/Delhi2025/candidate.php?candidate_id=84
226,Islauddin,SEELAM PUR,IND,0,8th Pass,"Rs 4,03,960~ 4 Lacs+",Rs 0~,https://www.myneta.info/Delhi2025/candidate.php?candidate_id=797
227,Ismail,LAXMI NAGAR,Voice of Awam Party,0,8th Pass,"Rs 29,25,000~ 29 Lacs+","Rs 12,00,000~ 12 Lacs+",https://www.myneta.info/Delhi2025/candidate.php?candidate_id=536
228,Jagat Singh,SHAHDARA,INC,0,Graduate,,,https://www.myneta.info/Delhi2025/candidate.php?candidate_id=603
229,Jagdeesh Prasad,NEW DELHI,Samarth Bharatvarsh Party,0,Graduate,"Rs 41,00,000~ 41 Lacs+",Rs 0~,https://www.myneta.info/Delhi2025/candidate.php?candidate_id=683
230,Jagdish,GOKALPUR,NCP,1,Illiterate,"Rs 1,21,18,863~ 1 Crore+","Rs 13,10,000~ 13 Lacs+",https://www.myneta.info/Delhi2025/candidate.php?candidate_id=87
231,Jagdish Chand,BADARPUR,CPI(M),0,Graduate,,,https://www.myneta.info/Delhi2025/candidate.php?candidate_id=189
232,Jagdish Kumar Garg,LAXMI NAGAR,IND,0,8th Pass,"Rs 96,000~ 96 Thou+",Rs 0~,https://www.myneta.info/Delhi2025/candidate.php?candidate_id=32
233,Jagdish Kumar Verma,SANGAM VIHAR,IND,0,Post Graduate,"Rs 79,95,036~ 79 Lacs+","Rs 3,04,000~ 3 Lacs+",https://www.myneta.info/Delhi2025/candidate.php?candidate_id=74
234,Jagdish Ojha,PATPARGANJ,IND,0,Post Graduate,,,https://www.myneta.info/Delhi2025/candidate.php?candidate_id=662
235,Jai Bhagwan,MANGOL PURI,IND,2,Graduate,"Rs 47,93,500~ 47 Lacs+",Rs 0~,https://www.myneta.info/Delhi2025/candidate.php?candidate_id=748
236,Jai Bhagwan Upkar,BAWANA,AAP,4,12th Pass,"Rs 6,87,37,506~ 6 Crore+","Rs 5,69,881~ 5 Lacs+",https://www.myneta.info/Delhi2025/candidate.php?candidate_id=129
237,Jai Kishan,SULTAN PUR MAJRA,INC,3,12th Pass,,,https://www.myneta.info/Delhi2025/candidate.php?candidate_id=182
238,Jai Pal,BADLI,IND,0,8th Pass,"Rs 7,01,518~ 7 Lacs+","Rs 75,636~ 75 Thou+",https://www.myneta.info/Delhi2025/candidate.php?candidate_id=64
239,Jai Prakash,AMBEDKAR NAGAR,INC,9,12th Pass,"Rs 2,55,14,467~ 2 Crore+","Rs 62,71,000~ 62 Lacs+",https://www.myneta.info/Delhi2025/candidate.php?candidate_id=127
240,Jai Prakash Panwar,MADIPUR,INC,0,12th Pass,,,https://www.myneta.info/Delhi2025/candidate.php?candidate_id=96
241,Jalandhar Pandit,NAJAFGARH,"Proutist Bloc, India",0,Graduate,"Rs 31,46,000~ 31 Lacs+",Rs 0~,https://www.myneta.info/Delhi2025/candidate.php?candidate_id=307
242,Jamaluddin,OKHLA,Buland Bharat Party,0,10th Pass,"Rs 29,16,106~ 29 Lacs+",Rs 0~,https://www.myneta.info/Delhi2025/candidate.php?candidate_id=672
243,Jarnail Singh,TILAK NAGAR,AAP,4,12th Pass,,,https://www.myneta.info/Delhi2025/candidate.php?candidate_id=167
244,Jasbir Karala,MUNDKA,AAP,0,12th Pass,"Rs 4,31,56,239~ 4 Crore+",Rs 0~,https://www.myneta.info/Delhi2025/candidate.php?candidate_id=54
245,Jaya Raman,RAJOURI GARDEN,Sanjhi Virasat Party,0,12th Pass,"Rs 7,20,400~ 7 Lacs+",Rs 0~,https://www.myneta.info/Delhi2025/candidate.php?candidate_id=646
246,Jitander Singh,RITHALA,Asankhya Samaj Party,0,Illiterate,,,https://www.myneta.info/Delhi2025/candidate.php?candidate_id=639
247,Jitender,SULTAN PUR MAJRA,Jai Maha Bharath Party,3,5th Pass,"Rs 1,21,28,000~ 1 Crore+",Rs 0~,https://www.myneta.info/Delhi2025/candidate.php?candidate_id=589
248,Jitender Kumar,MUSTAFABAD,IND,0,Illiterate,"Rs 75,19,420~ 75 Lacs+",Rs 0~,https://www.myneta.info/Delhi2025/candidate.php?candidate_id=714
249,Jitender Kumar Kochar,MALVIYA NAGAR,INC,0,12th Pass,,,https://www.myneta.info/Delhi2025/candidate.php?candidate_id=284
250,Jitender Mahajan,ROHTAS NAGAR,BJP,3,Graduate,"Rs 2,57,58,304~ 2 Crore+","Rs 19,95,638~ 19 Lacs+",https://www.myneta.info/Delhi2025/candidate.php?candidate_id=114
251,Jitender Singh Shunty,SHAHDARA,AAP,0,10th Pass,"Rs 7,60,92,538~ 7 Crore+","Rs 50,46,000~ 50 Lacs+",https://www.myneta.info/Delhi2025/candidate.php?candidate_id=60
252,Jitender Solanki,VIKASPURI,INC,0,Post Graduate,,,https://www.myneta.info/Delhi2025/candidate.php?candidate_id=392
253,Joginder Solanki,PALAM,AAP,0,Graduate,"Rs 15,42,48,976~ 15 Crore+",Rs 0~,https://www.myneta.info/Delhi2025/candidate.php?candidate_id=331
254,Journalist Ramesh Kumar Jain Alias Nirbhik,UTTAM NAGAR,IND,0,10th Pass,"Rs 1,61,82,714~ 1 Crore+",Rs 0~,https://www.myneta.info/Delhi2025/candidate.php?candidate_id=390
255,Jugal Chawla,SHAKUR BASTI,IND,0,Graduate,,,https://www.myneta.info/Delhi2025/candidate.php?candidate_id=595
256,Jugbir Singh,KIRARI,BSP,0,Post Graduate,"Rs 13,10,28,276~ 13 Crore+","Rs 37,46,893~ 37 Lacs+",https://www.myneta.info/Delhi2025/candidate.php?candidate_id=525
257,Kailash Gahlot,BIJWASAN,BJP,0,Post Graduate,"Rs 59,91,14,620~ 59 Crore+","Rs 1,20,47,385~ 1 Crore+",https://www.myneta.info/Delhi2025/candidate.php?candidate_id=130
258,Kailash Gangwal,MADIPUR,BJP,0,12th Pass,,,https://www.myneta.info/Delhi2025/candidate.php?candidate_id=815
259,Kali Charan,CHANDNI CHOWK,BSP,0,8th Pass,"Rs 2,65,000~ 2 Lacs+",Rs 0~,https://www.myneta.info/Delhi2025/candidate.php?candidate_id=477
260,Kamal Arora (Dabbu),GANDHI NAGAR,INC,2,Graduate Professional,"Rs 1,83,03,180~ 1 Crore+","Rs 5,76,978~ 5 Lacs+",https://www.myneta.info/Delhi2025/candidate.php?candidate_id=258
261,Kamal Bagri,BALLIMARAN,BJP,1,12th Pass,,,https://www.myneta.info/Delhi2025/candidate.php?candidate_id=236
262,Kamal Kishore,SHAHDARA,National Youth Party,0,5th Pass,"Rs 4,21,430~ 4 Lacs+",Rs 0~,https://www.myneta.info/Delhi2025/candidate.php?candidate_id=116
263,Kamal Singh,BIJWASAN,BSP,0,10th Pass,"Rs 16,20,324~ 16 Lacs+","Rs 14,298~ 14 Thou+",https://www.myneta.info/Delhi2025/candidate.php?candidate_id=239
264,Kamla Devi,RAJOURI GARDEN,Aapki Apni Party (Peoples),0,Illiterate,,,https://www.myneta.info/Delhi2025/candidate.php?candidate_id=347
265,Kamlesh Kumar,MATIALA,BSP,0,8th Pass,"Rs 62,60,500~ 62 Lacs+",Rs 0~,https://www.myneta.info/Delhi2025/candidate.php?candidate_id=736
266,Kanchan Sharma,NANGLOI JAT,Rashtriya Manav Party,0,Graduate,"Rs 3,29,268~ 3 Lacs+",Rs 0~,https://www.myneta.info/Delhi2025/candidate.php?candidate_id=703
267,Kaneez Fatima,OKHLA,Aihra National Party,0,Post Graduate,,,https://www.myneta.info/Delhi2025/candidate.php?candidate_id=673
268,Kanwar Karan Singh,MODEL TOWN,INC,1,12th Pass,"Rs 9,96,49,359~ 9 Crore+","Rs 2,39,42,450~ 2 Crore+",https://www.myneta.info/Delhi2025/candidate.php?candidate_id=727
269,Kapil Mishra,KARAWAL NAGAR,BJP,3,Post Graduate,"Rs 1,06,54,682~ 1 Crore+","Rs 48,57,516~ 48 Lacs+",https://www.myneta.info/Delhi2025/candidate.php?candidate_id=271
270,Karam Singh Karma,SULTAN PUR MAJRA,BJP,0,12th Pass,,,https://www.myneta.info/Delhi2025/candidate.php?candidate_id=165
271,Karan Singh,SULTAN PUR MAJRA,Swaraj Bhartiya Nyay Party,0,10th Pass,"Rs 11,35,000~ 11 Lacs+",Rs 0~,https://www.myneta.info/Delhi2025/candidate.php?candidate_id=585
272,Karan Talwar,RAJOURI GARDEN,Aam Aadmi Parivartan Party,0,12th Pass,"Rs 20,66,417~ 20 Lacs+",Rs 0~,https://www.myneta.info/Delhi2025/candidate.php?candidate_id=647
273,Karnail Singh,SHAKUR BASTI,BJP,0,10th Pass,,,https://www.myneta.info/Delhi2025/candidate.php?candidate_id=369
274,Kartar Singh Tanwar,CHHATARPUR,BJP,0,Others,"Rs 25,21,59,151~ 25 Crore+","Rs 7,02,58,388~ 7 Crore+",https://www.myneta.info/Delhi2025/candidate.php?candidate_id=174
275,Kashmir Chand,JANAKPURI,Buland Bharat Party,0,12th Pass,"Rs 2,26,79,400~ 2 Crore+",Rs 0~,https://www.myneta.info/Delhi2025/candidate.php?candidate_id=778
276,Khalid Ur Rehman,CHANDNI CHOWK,NCP,0,Post Graduate,,,https://www.myneta.info/Delhi2025/candidate.php?candidate_id=247
277,Khilkhilakar,MANGOL PURI,Bahujan Shoshit Samaj Sangharsh Samta Party,0,Graduate,"Rs 10,000~ 10 Thou+",Rs 0~,https://www.myneta.info/Delhi2025/candidate.php?candidate_id=176
278,Khursheed Abbas Zaidi,TUGHLAKABAD,Rashtriya Bahujan Congress Party,0,Graduate,"Rs 56,25,292~ 56 Lacs+",Rs 0~,https://www.myneta.info/Delhi2025/candidate.php?candidate_id=562
279,Khushi Ram Chunar,AMBEDKAR NAGAR,BJP,0,Graduate,,,https://www.myneta.info/Delhi2025/candidate.php?candidate_id=78
280,Krishna Thakur,VIKASPURI,BSP,0,10th Pass,"Rs 1,03,65,000~ 1 Crore+","Rs 24,29,414~ 24 Lacs+",https://www.myneta.info/Delhi2025/candidate.php?candidate_id=41
281,Krishna Tirath,PATEL NAGAR,INC,0,Graduate Professional,"Rs 18,61,06,656~ 18 Crore+",Rs 0~,https://www.myneta.info/Delhi2025/candidate.php?candidate_id=665
282,Ku. Rinku,SEEMA PURI,BJP,0,10th Pass,,,https://www.myneta.info/Delhi2025/candidate.php?candidate_id=605
283,Kuldeep Kumar,KONDLI,AAP,7,12th Pass,"Rs 53,00,281~ 53 Lacs+","Rs 6,35,300~ 6 Lacs+",https://www.myneta.info/Delhi2025/candidate.php?candidate_id=275
284,Kuldeep Singh Ahlawat,R K PURAM,IND,0,Graduate,"Rs 42,77,887~ 42 Lacs+",Rs 0~,https://www.myneta.info/Delhi2025/candidate.php?candidate_id=36
285,Kuldeep Solanki,PALAM,BJP,1,10th Pass,,,https://www.myneta.info/Delhi2025/candidate.php?candidate_id=330
286,Kulwant Rana,RITHALA,BJP,3,Graduate,"Rs 70,11,25,079~ 70 Crore+","Rs 2,55,30,029~ 2 Crore+",https://www.myneta.info/Delhi2025/candidate.php?candidate_id=76
287,Kulwant Rana,SULTAN PUR MAJRA,BSP,0,Graduate Professional,"Rs 4,18,75,000~ 4 Crore+",Rs 0~,https://www.myneta.info/Delhi2025/candidate.php?candidate_id=372
288,Kusum Banwal,LAXMI NAGAR,Peoples Party of India (Democratic),0,Post Graduate,,,https://www.myneta.info/Delhi2025/candidate.php?candidate_id=94
289,Lal Singh,GOKALPUR,BSP,0,Post Graduate,"Rs 1,52,93,540~ 1 Crore+","Rs 9,93,597~ 9 Lacs+",https://www.myneta.info/Delhi2025/candidate.php?candidate_id=488
290,Lala Ram,VIKASPURI,Bhartiya Panchsheel Party,0,Illiterate,"Rs 40,61,212~ 40 Lacs+",Rs 0~,https://www.myneta.info/Delhi2025/candidate.php?candidate_id=42
291,Lalita Trivedi,BIJWASAN,Bhartiya Krishak Dal,0,Graduate Professional,,,https://www.myneta.info/Delhi2025/candidate.php?candidate_id=470
292,Laxmi,SULTAN PUR MAJRA,Republican Party of India (Athawale),0,8th Pass,"Rs 1,20,000~ 1 Lacs+",Rs 0~,https://www.myneta.info/Delhi2025/candidate.php?candidate_id=584
293,Laxmi Thakur Singhal,SADAR BAZAR,Abhinav Bharat Party,1,Graduate,"Rs 10,60,000~ 10 Lacs+","Rs 10,00,000~ 10 Lacs+",https://www.myneta.info/Delhi2025/candidate.php?candidate_id=621
294,Lokendra Kalyan Singh,TIMARPUR,INC,1,Graduate Professional,,,https://www.myneta.info/Delhi2025/candidate.php?candidate_id=575
295,Lokesh Kumar Masterji,R K PURAM,Rashtriya Rashtrawadi Party,0,Graduate,"Rs 33,03,467~ 33 Lacs+","Rs 1,41,283~ 1 Lacs+",https://www.myneta.info/Delhi2025/candidate.php?candidate_id=341
296,Madhu Bala,SADAR BAZAR,Jai Maha Bharath Party,0,10th Pass,"Rs 28,70,000~ 28 Lacs+",Rs 0~,https://www.myneta.info/Delhi2025/candidate.php?candidate_id=624
297,Mahavir,MUNDKA,AIFB,0,Post Graduate,,,https://www.myneta.info/Delhi2025/candidate.php?candidate_id=224
298,Mahavir Singh,MEHRAULI,Matrubhoomi Sewa Party,0,Graduate Professional,"Rs 3,90,89,500~ 3 Crore+","Rs 67,00,000~ 67 Lacs+",https://www.myneta.info/Delhi2025/candidate.php?candidate_id=729
299,Mahender Chaudhary,MEHRAULI,AAP,0,Graduate Professional,"Rs 1,25,87,137~ 1 Crore+",Rs 0~,https://www.myneta.info/Delhi2025/candidate.php?candidate_id=52
300,Mahender Kumar,SANGAM VIHAR,IND,0,Graduate,,,https://www.myneta.info/Delhi2025/candidate.php?candidate_id=611
301,Mahender Singh Rathor,NANGLOI JAT,Rashtriya Lok Sevak Party,0,10th Pass,"Rs 1,66,46,467~ 1 Crore+",Rs 0~,https://www.myneta.info/Delhi2025/candidate.php?candidate_id=696
302,Mahesh Bansal,WAZIRPUR,Right to Recall Party,0,Graduate,"Rs 50,000~ 50 Thou+",Rs 0~,https://www.myneta.info/Delhi2025/candidate.php?candidate_id=72
303,Mahesh Dubey,MOTI NAGAR,Bharatiya Liberal Party,0,12th Pass,,,https://www.myneta.info/Delhi2025/candidate.php?candidate_id=723
304,Mahesh Kumar,KASTURBA NAGAR,BSP,0,12th Pass,"Rs 7,89,005~ 7 Lacs+","Rs 2,24,770~ 2 Lacs+",https://www.myneta.info/Delhi2025/candidate.php?candidate_id=522
305,Mahinder Yadav,VIKASPURI,AAP,1,10th Pass,"Rs 3,84,85,038~ 3 Crore+","Rs 12,90,345~ 12 Lacs+",https://www.myneta.info/Delhi2025/candidate.php?candidate_id=125
306,Malik Neyaz Ahmad,KIRARI,Aazad Samaj Party (Kanshi Ram),0,Graduate Professional,,,https://www.myneta.info/Delhi2025/candidate.php?candidate_id=91
307,Mange Ram,PALAM,INC,1,Illiterate,"Rs 7,40,91,817~ 7 Crore+",Rs 0~,https://www.myneta.info/Delhi2025/candidate.php?candidate_id=667
308,Mange Ram Sangwan,NAJAFGARH,IND,0,12th Pass,"Rs 2,91,78,500~ 2 Crore+","Rs 1,90,000~ 1 Lacs+",https://www.myneta.info/Delhi2025/candidate.php?candidate_id=707
309,Mangesh Tyagi,BURARI,INC,3,12th Pass,,,https://www.myneta.info/Delhi2025/candidate.php?candidate_id=172
310,Mani Ram,UTTAM NAGAR,BSP,0,12th Pass,"Rs 18,15,437~ 18 Lacs+",Rs 0~,https://www.myneta.info/Delhi2025/candidate.php?candidate_id=40
311,Manish Chaudhary,OKHLA,BJP,0,Graduate,"Rs 8,37,53,407~ 8 Crore+",Rs 0~,https://www.myneta.info/Delhi2025/candidate.php?candidate_id=105
312,Manish Sisodia,JANGPURA,AAP,6,Others,,,https://www.myneta.info/Delhi2025/candidate.php?candidate_id=404
313,Manjeet Singh,GOKALPUR,Jan Samuh Party,0,12th Pass,"Rs 5,58,910~ 5 Lacs+","Rs 16,700~ 16 Thou+",https://www.myneta.info/Delhi2025/candidate.php?candidate_id=490
314,Manjinder Singh Sirsa,RAJOURI GARDEN,BJP,5,12th Pass,"Rs 2,48,85,52,444~ 248 Crore+","Rs 57,68,03,791~ 57 Crore+",https://www.myneta.info/Delhi2025/candidate.php?candidate_id=348
315,Manoj,SEEMA PURI,BSP,0,Graduate,,,https://www.myneta.info/Delhi2025/candidate.php?candidate_id=807
316,Manoj Kumar,NAJAFGARH,IND,0,12th Pass,"Rs 15,823~ 15 Thou+",Rs 0~,https://www.myneta.info/Delhi2025/candidate.php?candidate_id=706
317,Manoj Kumar,BABARPUR,Akhil Bharatiya Socialist Party,0,Others,"Rs 90,000~ 90 Thou+",Rs 0~,https://www.myneta.info/Delhi2025/candidate.php?candidate_id=438
318,Manoj Kumar Jindal,SADAR BAZAR,BJP,0,12th Pass,,,https://www.myneta.info/Delhi2025/candidate.php?candidate_id=360
319,Manoj Kumar Shokeen,NANGLOI JAT,BJP,0,12th Pass,"Rs 13,12,83,303~ 13 Crore+","Rs 1,27,51,774~ 1 Crore+",https://www.myneta.info/Delhi2025/candidate.php?candidate_id=155
320,Manoj Kumar Tyagi,KARAWAL NAGAR,AAP,1,Graduate,"Rs 2,74,02,865~ 2 Crore+","Rs 4,07,000~ 4 Lacs+",https://www.myneta.info/Delhi2025/candidate.php?candidate_id=273
321,Manu Gautam,PALAM,Peoples Party of India (Democratic),0,Post Graduate,,,https://www.myneta.info/Delhi2025/candidate.php?candidate_id=668
322,Mayank Mehta,HARI NAGAR,IND,0,Graduate,"Rs 40,000~ 40 Thou+",Rs 0~,https://www.myneta.info/Delhi2025/candidate.php?candidate_id=494
323,Md Haroon,BALLIMARAN,NCP,0,Illiterate,"Rs 1,08,91,064~ 1 Crore+",Rs 0~,https://www.myneta.info/Delhi2025/candidate.php?candidate_id=235
324,Md Injamamul Hassan,OKHLA,CPI,0,Graduate,,,https://www.myneta.info/Delhi2025/candidate.php?candidate_id=323
325,Md Khalid,NERELA,Aazad Samaj Party (Kanshi Ram),0,Illiterate,"Rs 1,29,901~ 1 Lacs+",Rs 0~,https://www.myneta.info/Delhi2025/candidate.php?candidate_id=695
326,Md Naveen,JANAKPURI,NCP,0,10th Pass,"Rs 27,89,266~ 27 Lacs+",Rs 0~,https://www.myneta.info/Delhi2025/candidate.php?candidate_id=781
327,Md Nazir,BABARPUR,Aman Samaj Party,0,5th Pass,,,https://www.myneta.info/Delhi2025/candidate.php?candidate_id=443
328,Md: Rahmat Ali,ADARSH NAGAR,Navarang Congress Party,0,8th Pass,"Rs 2,30,000~ 2 Lacs+",Rs 0~,https://www.myneta.info/Delhi2025/candidate.php?candidate_id=423
329,Meenakshi Kumari,SADAR BAZAR,Bharatiya Liberal Party,0,Graduate,"Rs 2,00,99,213~ 2 Crore+",Rs 0~,https://www.myneta.info/Delhi2025/candidate.php?candidate_id=361
330,Meghnad S.,MALVIYA NAGAR,IND,0,Graduate,,,https://www.myneta.info/Delhi2025/candidate.php?candidate_id=752
331,Mehar Charan,DWARKA,Samaj Vikas Kranti Party,0,8th Pass,"Rs 22,000~ 22 Thou+",Rs 0~,https://www.myneta.info/Delhi2025/candidate.php?candidate_id=482
332,Moazam Khan,MATIA MAHAL,IND,0,5th Pass,"Rs 9,65,000~ 9 Lacs+",Rs 0~,https://www.myneta.info/Delhi2025/candidate.php?candidate_id=288
333,Mohammad Abdullah Ansari,BABARPUR,IND,0,Graduate Professional,,,https://www.myneta.info/Delhi2025/candidate.php?candidate_id=445
334,Mohammad Ahmed Saifi,MATIA MAHAL,IND,0,8th Pass,"Rs 17,092~ 17 Thou+",Rs 0~,https://www.myneta.info/Delhi2025/candidate.php?candidate_id=287
335,Mohammad Mursaleen,CHANDNI CHOWK,Indian National Socialistic Action Forces,0,12th Pass,"Rs 4,14,000~ 4 Lacs+",Rs 0~,https://www.myneta.info/Delhi2025/candidate.php?candidate_id=476
336,Mohan Lal Bhardwaj,HARI NAGAR,Bharatheeya Jawan Kisan Party,0,10th Pass,,,https://www.myneta.info/Delhi2025/candidate.php?candidate_id=777
337,Mohan Singh Bisht,MUSTAFABAD,BJP,0,12th Pass,"Rs 7,82,93,737~ 7 Crore+",Rs 0~,https://www.myneta.info/Delhi2025/candidate.php?candidate_id=303
338,Mohd Ishraq Khan,BABARPUR,INC,1,5th Pass,"Rs 2,93,53,000~ 2 Crore+","Rs 4,32,000~ 4 Lacs+",https://www.myneta.info/Delhi2025/candidate.php?candidate_id=217
339,Mohd Islam,OKHLA,Right to Recall Party,0,8th Pass,,,https://www.myneta.info/Delhi2025/candidate.php?candidate_id=669
340,Mohd Javed,MATIA MAHAL,NCP,0,8th Pass,"Rs 61,63,599~ 61 Lacs+",Rs 0~,https://www.myneta.info/Delhi2025/candidate.php?candidate_id=289
341,Mohd Nazir,SEELAM PUR,Republican Party of India (Athawale),0,Graduate,"Rs 9,61,357~ 9 Lacs+","Rs 2,45,740~ 2 Lacs+",https://www.myneta.info/Delhi2025/candidate.php?candidate_id=798
342,Mohd Ojer,JANAKPURI,Azad Adhikar Sena,2,Illiterate,,,https://www.myneta.info/Delhi2025/candidate.php?candidate_id=784
343,Mohd Shafi,SEELAM PUR,IND,0,8th Pass,"Rs 1,26,500~ 1 Lacs+",Rs 0~,https://www.myneta.info/Delhi2025/candidate.php?candidate_id=795
344,Mohd Usman Bakhsh,MUSTAFABAD,Rashtriya Janmorcha,0,Graduate,"Rs 2,80,32,862~ 2 Crore+",Rs 0~,https://www.myneta.info/Delhi2025/candidate.php?candidate_id=101
345,Mohd Waqar Choudhary,LAXMI NAGAR,BSP,0,12th Pass,,,https://www.myneta.info/Delhi2025/candidate.php?candidate_id=198
346,Mohd Zakiullah,SANGAM VIHAR,BSP,0,8th Pass,"Rs 72,75,000~ 72 Lacs+",Rs 0~,https://www.myneta.info/Delhi2025/candidate.php?candidate_id=362
347,Mohd Zubair Malik,SEELAM PUR,IND,0,Others,"Rs 6,00,000~ 6 Lacs+",Rs 0~,https://www.myneta.info/Delhi2025/candidate.php?candidate_id=792
348,Mohd. Shadab,BALLIMARAN,IND,0,8th Pass,,,https://www.myneta.info/Delhi2025/candidate.php?candidate_id=813
349,Mohd. Tahir Hussain,MUSTAFABAD,All India Majlis-E-Ittehadul Muslimeen,11,10th Pass,"Rs 18,73,12,315~ 18 Crore+","Rs 50,77,545~ 50 Lacs+",https://www.myneta.info/Delhi2025/candidate.php?candidate_id=302
350,Mohd. Usman,SHALIMAR BAGH,IND,0,12th Pass,"Rs 1,39,31,369~ 1 Crore+",Rs 0~,https://www.myneta.info/Delhi2025/candidate.php?candidate_id=592
351,Mohinder Goyal,RITHALA,AAP,3,10th Pass,,,https://www.myneta.info/Delhi2025/candidate.php?candidate_id=220
352,Mohinder Singh,MATIALA,Rashtriya Rashtrawadi Party,0,Others,Nil,Rs 0~,https://www.myneta.info/Delhi2025/candidate.php?candidate_id=7
353,Monis Kureshi,BIJWASAN,IND,0,5th Pass,"Rs 17,060~ 17 Thou+","Rs 69,047~ 69 Thou+",https://www.myneta.info/Delhi2025/candidate.php?candidate_id=468
354,Mudit Agarwal,CHANDNI CHOWK,INC,2,Graduate,,,https://www.myneta.info/Delhi2025/candidate.php?candidate_id=248
355,Mukesh Jain,WAZIRPUR,IND,0,10th Pass,"Rs 12,500~ 12 Thou+",Rs 0~,https://www.myneta.info/Delhi2025/candidate.php?candidate_id=43
356,Mukesh Jain,NEW DELHI,Rashtrawadi Janlok Party (Satya),4,Graduate Professional,"Rs 7,34,367~ 7 Lacs+",Rs 0~,https://www.myneta.info/Delhi2025/candidate.php?candidate_id=179
357,Mukesh Kumar,KONDLI,BSP,0,12th Pass,,,https://www.myneta.info/Delhi2025/candidate.php?candidate_id=278
358,Mukesh Kumar,NANGLOI JAT,BSP,0,5th Pass,"Rs 4,23,000~ 4 Lacs+",Rs 0~,https://www.myneta.info/Delhi2025/candidate.php?candidate_id=704
359,Mukesh Kumar,MANGOL PURI,BSP,0,10th Pass,"Rs 5,08,830~ 5 Lacs+","Rs 35,000~ 35 Thou+",https://www.myneta.info/Delhi2025/candidate.php?candidate_id=749
360,Mukesh Kumar Ahlawat,SULTAN PUR MAJRA,AAP,4,12th Pass,,,https://www.myneta.info/Delhi2025/candidate.php?candidate_id=374
361,Mukesh Kumar Goel,ADARSH NAGAR,AAP,0,Graduate,"Rs 10,27,64,691~ 10 Crore+","Rs 7,50,000~ 7 Lacs+",https://www.myneta.info/Delhi2025/candidate.php?candidate_id=188
362,Mukesh Prasad,BURARI,Bhartiya Janta Dal (Integrated),0,Post Graduate,"Rs 11,58,000~ 11 Lacs+","Rs 8,35,000~ 8 Lacs+",https://www.myneta.info/Delhi2025/candidate.php?candidate_id=243
363,Mukesh Sharma,UTTAM NAGAR,INC,1,Post Graduate,,,https://www.myneta.info/Delhi2025/candidate.php?candidate_id=558
364,Mulayam Singh,BADLI,NCP,1,Graduate Professional,"Rs 2,48,34,180~ 2 Crore+","Rs 1,23,76,092~ 1 Crore+",https://www.myneta.info/Delhi2025/candidate.php?candidate_id=234
365,Namaha,LAXMI NAGAR,NCP,0,Illiterate,"Rs 2,44,57,071~ 2 Crore+","Rs 14,69,770~ 14 Lacs+",https://www.myneta.info/Delhi2025/candidate.php?candidate_id=281
366,Namit Kumar Gautam,DELHI CANTT,BSP,0,Graduate,,,https://www.myneta.info/Delhi2025/candidate.php?candidate_id=192
367,Nand Lal,TRILOKPURI,BSP,0,10th Pass,"Rs 17,47,000~ 17 Lacs+",Rs 0~,https://www.myneta.info/Delhi2025/candidate.php?candidate_id=383
368,Narayan Dutt Sharma,BADARPUR,BJP,1,12th Pass,"Rs 2,71,60,133~ 2 Crore+",Rs 0~,https://www.myneta.info/Delhi2025/candidate.php?candidate_id=231
369,Narender,CHHATARPUR,NCP,0,10th Pass,,,https://www.myneta.info/Delhi2025/candidate.php?candidate_id=250
370,Narender Singh,BIJWASAN,Republican Sena,0,Illiterate,"Rs 48,939~ 48 Thou+",Rs 0~,https://www.myneta.info/Delhi2025/candidate.php?candidate_id=242
371,Narender Singh Panwar,ROHINI,IND,0,Post Graduate,"Rs 70,25,000~ 70 Lacs+",Rs 0~,https://www.myneta.info/Delhi2025/candidate.php?candidate_id=37
372,Naresh Kumar,TUGHLAKABAD,Right to Recall Party,0,Graduate,,,https://www.myneta.info/Delhi2025/candidate.php?candidate_id=385
373,Naresh Kumar,NEW DELHI,Aapki Apni Party (Peoples),0,8th Pass,"Rs 26,00,000~ 26 Lacs+","Rs 78,000~ 78 Thou+",https://www.myneta.info/Delhi2025/candidate.php?candidate_id=677
374,Naseem Usman,ROHTAS NAGAR,Bharatiya Liberal Party,0,12th Pass,"Rs 5,94,373~ 5 Lacs+",Rs 0~,https://www.myneta.info/Delhi2025/candidate.php?candidate_id=354
375,Nasiruddin Gauri,MUSTAFABAD,Rashtriya Republican Party,0,10th Pass,,,https://www.myneta.info/Delhi2025/candidate.php?candidate_id=713
376,Naveen Chaudhary (Deepu),GANDHI NAGAR,AAP,4,12th Pass,"Rs 25,73,93,912~ 25 Crore+","Rs 41,70,526~ 41 Lacs+",https://www.myneta.info/Delhi2025/candidate.php?candidate_id=218
377,Naveen Kumar,BIJWASAN,Hamara Sahi Vikalp Party,0,5th Pass,"Rs 3,60,000~ 3 Lacs+","Rs 6,00,000~ 6 Lacs+",https://www.myneta.info/Delhi2025/candidate.php?candidate_id=190
378,Naveen Ram,TRILOKPURI,IND,0,Literate,,,https://www.myneta.info/Delhi2025/candidate.php?candidate_id=380
379,Neelam Pahalwan,NAJAFGARH,BJP,0,Post Graduate,"Rs 12,50,10,791~ 12 Crore+","Rs 26,10,000~ 26 Lacs+",https://www.myneta.info/Delhi2025/candidate.php?candidate_id=56
380,Neelam Singh,VISHWAS NAGAR,Peoples Party of India (Democratic),0,12th Pass,"Rs 1,59,53,227~ 1 Crore+",Rs 0~,https://www.myneta.info/Delhi2025/candidate.php?candidate_id=553
381,Neeraj,KARAWAL NAGAR,New India United Party,0,10th Pass,,,https://www.myneta.info/Delhi2025/candidate.php?candidate_id=514
382,Neeraj Basoya,KASTURBA NAGAR,BJP,0,Graduate Professional,"Rs 7,24,50,155~ 7 Crore+","Rs 2,75,000~ 2 Lacs+",https://www.myneta.info/Delhi2025/candidate.php?candidate_id=274
383,Neeraj Chourasiya,R K PURAM,Yuva Bharat Rashtraseva Party,0,Post Graduate,"Rs 1,58,54,873~ 1 Crore+","Rs 30,00,000~ 30 Lacs+",https://www.myneta.info/Delhi2025/candidate.php?candidate_id=339
384,Neetu Singh,ADARSH NAGAR,IND,1,Doctorate,,,https://www.myneta.info/Delhi2025/candidate.php?candidate_id=422
385,Neyaz Khan,RITHALA,BSP,0,8th Pass,"Rs 48,61,000~ 48 Lacs+",Rs 0~,https://www.myneta.info/Delhi2025/candidate.php?candidate_id=643
386,Nikhil Kumar Pipal,KONDLI,Right to Recall Party,0,Graduate,"Rs 60,000~ 60 Thou+",Rs 0~,https://www.myneta.info/Delhi2025/candidate.php?candidate_id=16
387,Niraj Kumar,MATIALA,National Youth Party,0,Post Graduate,,,https://www.myneta.info/Delhi2025/candidate.php?candidate_id=146
388,Nishant Sehrawat,BIJWASAN,IND,0,Post Graduate,"Rs 33,10,625~ 33 Lacs+","Rs 16,50,551~ 16 Lacs+",https://www.myneta.info/Delhi2025/candidate.php?candidate_id=469
389,Nishtha,RITHALA,Jai Maha Bharath Party,0,Graduate Professional,"Rs 26,30,000~ 26 Lacs+",Rs 0~,https://www.myneta.info/Delhi2025/candidate.php?candidate_id=644
390,Nitin Garg,SHAHDARA,Aam Aadmi Parivartan Party,0,Graduate Professional,,,https://www.myneta.info/Delhi2025/candidate.php?candidate_id=598
391,Nitin Mittal,ROHTAS NAGAR,IND,0,Graduate,"Rs 9,42,827~ 9 Lacs+","Rs 64,731~ 64 Thou+",https://www.myneta.info/Delhi2025/candidate.php?candidate_id=630
392,Nitya Nand Singh,NEW DELHI,Rashtriya Manav Party,0,Doctorate,"Rs 96,25,000~ 96 Lacs+",Rs 0~,https://www.myneta.info/Delhi2025/candidate.php?candidate_id=685
393,Niyati Choudhary,GREATER KAILASH,BSP,0,Post Graduate,,,https://www.myneta.info/Delhi2025/candidate.php?candidate_id=265
394,Nizamuddin Khan,JANAKPURI,Adarshwaadi Congress Party,0,10th Pass,"Rs 7,32,944~ 7 Lacs+","Rs 3,01,753~ 3 Lacs+",https://www.myneta.info/Delhi2025/candidate.php?candidate_id=780
395,Om Prakash Gupta,BADARPUR,IND,0,12th Pass,"Rs 35,45,500~ 35 Lacs+",Rs 0~,https://www.myneta.info/Delhi2025/candidate.php?candidate_id=449
396,Om Prakash Sharma,VISHWAS NAGAR,BJP,0,Graduate,,,https://www.myneta.info/Delhi2025/candidate.php?candidate_id=65
397,Om Shankar Pandey,PATPARGANJ,BSP,0,Graduate Professional,"Rs 1,54,04,362~ 1 Crore+","Rs 63,00,000~ 63 Lacs+",https://www.myneta.info/Delhi2025/candidate.php?candidate_id=337
398,Pankaj Gupta,ROHTAS NAGAR,Sarvodaya Prabhat Party,0,Graduate Professional,"Rs 1,35,000~ 1 Lacs+","Rs 1,75,000~ 1 Lacs+",https://www.myneta.info/Delhi2025/candidate.php?candidate_id=75
399,Pankaj Jagya,RAJINDER NAGAR,Republican Party of India (Athawale),0,Doctorate,,,https://www.myneta.info/Delhi2025/candidate.php?candidate_id=789
400,Pankaj Kumar,MODEL TOWN,Rashtravadi Janata Party,0,10th Pass,"Rs 4,83,000~ 4 Lacs+",Rs 0~,https://www.myneta.info/Delhi2025/candidate.php?candidate_id=203
401,Pankaj Kumar Singh,VIKASPURI,BJP,1,Graduate Professional,"Rs 4,94,06,844~ 4 Crore+","Rs 1,58,688~ 1 Lacs+",https://www.myneta.info/Delhi2025/candidate.php?candidate_id=124
402,Pankaj Sharma,NEW DELHI,IND,1,Graduate,,,https://www.myneta.info/Delhi2025/candidate.php?candidate_id=682
403,Parag Jain,VISHWAS NAGAR,Aam Aadmi Parivartan Party,0,8th Pass,"Rs 63,13,100~ 63 Lacs+","Rs 23,69,000~ 23 Lacs+",https://www.myneta.info/Delhi2025/candidate.php?candidate_id=550
404,Pardeep,BADARPUR,BSP,0,Illiterate,"Rs 8,50,750~ 8 Lacs+","Rs 1,32,000~ 1 Lacs+",https://www.myneta.info/Delhi2025/candidate.php?candidate_id=229
405,Pardeep Kumar,DWARKA,BSP,0,10th Pass,,,https://www.myneta.info/Delhi2025/candidate.php?candidate_id=397
406,Pardeep Mittal,ROHINI,AAP,3,12th Pass,"Rs 43,92,451~ 43 Lacs+",Rs 0~,https://www.myneta.info/Delhi2025/candidate.php?candidate_id=353
407,Parduymn Singh Rajput,DWARKA,BJP,2,Post Graduate,"Rs 42,53,16,587~ 42 Crore+","Rs 10,22,56,081~ 10 Crore+",https://www.myneta.info/Delhi2025/candidate.php?candidate_id=185
408,Parmod Kumar,BADLI,SUCI(C),0,12th Pass,,,https://www.myneta.info/Delhi2025/candidate.php?candidate_id=81
409,Parteek Gupta,KASTURBA NAGAR,IND,0,10th Pass,"Rs 1,04,31,195~ 1 Crore+","Rs 3,00,000~ 3 Lacs+",https://www.myneta.info/Delhi2025/candidate.php?candidate_id=521
410,Parveen Chauhan,TUGHLAKABAD,Samata Party,0,Graduate Professional,"Rs 1,20,17,901~ 1 Crore+",Rs 0~,https://www.myneta.info/Delhi2025/candidate.php?candidate_id=61
411,Parveen Choudhry,KALKAJI,IND,0,Graduate,,,https://www.myneta.info/Delhi2025/candidate.php?candidate_id=507
412,Parveen Kumar,JANAKPURI,AAP,2,Graduate Professional,"Rs 23,58,628~ 23 Lacs+",Rs 0~,https://www.myneta.info/Delhi2025/candidate.php?candidate_id=49
413,Parveen Kumar Jain,SHALIMAR BAGH,INC,0,10th Pass,"Rs 27,66,70,764~ 27 Crore+","Rs 7,69,64,017~ 7 Crore+",https://www.myneta.info/Delhi2025/candidate.php?candidate_id=119
414,Parvesh Sahib Singh,NEW DELHI,BJP,1,Post Graduate,,,https://www.myneta.info/Delhi2025/candidate.php?candidate_id=157
415,Parvinder Singh Alias P S Bawa,TILAK NAGAR,INC,0,Graduate,"Rs 16,20,48,836~ 16 Crore+",Rs 0~,https://www.myneta.info/Delhi2025/candidate.php?candidate_id=166
416,Pawan Choudhry,GANDHI NAGAR,Jatiya Jana Sena Party,0,Graduate,"Rs 93,79,595~ 93 Lacs+",Rs 0~,https://www.myneta.info/Delhi2025/candidate.php?candidate_id=486
417,Pawan Garg,TRI NAGAR,BSP,0,Graduate Professional,,,https://www.myneta.info/Delhi2025/candidate.php?candidate_id=379
418,Pawan Sharma,UTTAM NAGAR,BJP,0,Post Graduate,"Rs 6,46,85,034~ 6 Crore+",Rs 0~,https://www.myneta.info/Delhi2025/candidate.php?candidate_id=389
419,Permila,R K PURAM,IND,0,Post Graduate,"Rs 2,04,535~ 2 Lacs+",Rs 0~,https://www.myneta.info/Delhi2025/candidate.php?candidate_id=655
420,Poonam Maini,KRISHNA NAGAR,National Youth Party,0,12th Pass,,,https://www.myneta.info/Delhi2025/candidate.php?candidate_id=533
421,Poonam Sharma,WAZIRPUR,BJP,0,12th Pass,"Rs 1,27,55,121~ 1 Crore+","Rs 4,86,563~ 4 Lacs+",https://www.myneta.info/Delhi2025/candidate.php?candidate_id=547
422,Posh Balyan,UTTAM NAGAR,AAP,0,Graduate Professional,"Rs 72,69,40,052~ 72 Crore+","Rs 4,14,36,699~ 4 Crore+",https://www.myneta.info/Delhi2025/candidate.php?candidate_id=388
423,Prabhat Kumar,MATIALA,One Bharat Citizen Party,0,Doctorate,,,https://www.myneta.info/Delhi2025/candidate.php?candidate_id=148
424,Pradeep Kumar Upmanyu,DELHI CANTT,INC,1,Graduate,"Rs 5,77,75,661~ 5 Crore+",Rs 0~,https://www.myneta.info/Delhi2025/candidate.php?candidate_id=410
425,Prakash Chand,KARAWAL NAGAR,Bahujan Dravida Party,0,Post Graduate,"Rs 5,22,70,200~ 5 Crore+",Rs 0~,https://www.myneta.info/Delhi2025/candidate.php?candidate_id=512
426,Prakash Chandra Joshi,PATPARGANJ,Bhartiya Rashtriya Jansatta,0,12th Pass,,,https://www.myneta.info/Delhi2025/candidate.php?candidate_id=335
427,Prakash Srivastav,KIRARI,IND,0,Illiterate,"Rs 72,131~ 72 Thou+","Rs 81,628~ 81 Thou+",https://www.myneta.info/Delhi2025/candidate.php?candidate_id=526
428,Pramila Tokas,R K PURAM,AAP,2,12th Pass,"Rs 73,21,95,667~ 73 Crore+","Rs 6,16,03,662~ 6 Crore+",https://www.myneta.info/Delhi2025/candidate.php?candidate_id=110
429,Pramod,BURARI,Sarvodaya Prabhat Party,0,8th Pass,,,https://www.myneta.info/Delhi2025/candidate.php?candidate_id=244
430,Prashant Chauhan,PALAM,IND,0,Post Graduate,"Rs 11,005~ 11 Thou+",Rs 0~,https://www.myneta.info/Delhi2025/candidate.php?candidate_id=332
431,Praveen Kumar Bharti,RAJINDER NAGAR,Aazad Samaj Party (Kanshi Ram),0,Post Graduate,"Rs 9,76,025~ 9 Lacs+",Rs 0~,https://www.myneta.info/Delhi2025/candidate.php?candidate_id=58
432,Praveen Kumar S/O Hardayal,JANAKPURI,IND,0,10th Pass,,,https://www.myneta.info/Delhi2025/candidate.php?candidate_id=814
433,Praveen Kumar S/O P.S. Gupta,JANAKPURI,IND,1,Graduate Professional,"Rs 6,13,90,474~ 6 Crore+","Rs 21,94,769~ 21 Lacs+",https://www.myneta.info/Delhi2025/candidate.php?candidate_id=134
434,Praveen Nimesh,GOKALPUR,BJP,0,12th Pass,"Rs 9,58,05,528~ 9 Crore+","Rs 2,13,74,455~ 2 Crore+",https://www.myneta.info/Delhi2025/candidate.php?candidate_id=411
435,Pravesh Ratn,PATEL NAGAR,AAP,0,Graduate,,,https://www.myneta.info/Delhi2025/candidate.php?candidate_id=108
436,Preetam Chand,HARI NAGAR,Rashtriya Janshakti Party (Secular),0,Graduate,"Rs 6,00,000~ 6 Lacs+",Rs 0~,https://www.myneta.info/Delhi2025/candidate.php?candidate_id=48
437,Preeti,SULTAN PUR MAJRA,Yuva Bharat Rashtraseva Party,0,5th Pass,"Rs 11,77,239~ 11 Lacs+",Rs 0~,https://www.myneta.info/Delhi2025/candidate.php?candidate_id=586
438,Preeti Jitender Tomar,TRI NAGAR,AAP,0,Post Graduate,,,https://www.myneta.info/Delhi2025/candidate.php?candidate_id=214
439,Prem Ballabh,HARI NAGAR,INC,0,12th Pass,"Rs 3,76,64,421~ 3 Crore+","Rs 51,97,498~ 51 Lacs+",https://www.myneta.info/Delhi2025/candidate.php?candidate_id=415
440,Prem Chand,ADARSH NAGAR,Rashtrawadi Janlok Party (Satya),0,5th Pass,"Rs 58,000~ 58 Thou+",Rs 0~,https://www.myneta.info/Delhi2025/candidate.php?candidate_id=428
441,Prem Chauhan,DEOLI,AAP,0,Graduate,,,https://www.myneta.info/Delhi2025/candidate.php?candidate_id=256
442,Prem Pal Singh,VIKASPURI,Rashtriya Janshakti Party (Secular),0,10th Pass,"Rs 28,15,000~ 28 Lacs+",Rs 0~,https://www.myneta.info/Delhi2025/candidate.php?candidate_id=211
443,Pritam Singh,KALKAJI,BSP,0,12th Pass,"Rs 2,70,000~ 2 Lacs+",Rs 0~,https://www.myneta.info/Delhi2025/candidate.php?candidate_id=508
444,Priya,ADARSH NAGAR,Aam Janmat Party,0,8th Pass,,,https://www.myneta.info/Delhi2025/candidate.php?candidate_id=424
445,Priyanka Gautam,KONDLI,BJP,0,Graduate Professional,"Rs 82,27,984~ 82 Lacs+","Rs 20,72,894~ 20 Lacs+",https://www.myneta.info/Delhi2025/candidate.php?candidate_id=421
446,Punam Pandey,MATIALA,IND,2,12th Pass,"Rs 1,73,56,500~ 1 Crore+","Rs 85,00,000~ 85 Lacs+",https://www.myneta.info/Delhi2025/candidate.php?candidate_id=735
447,Punam Pandey,BIJWASAN,Rashtravadi Loktantrik Party (India),2,12th Pass,,,https://www.myneta.info/Delhi2025/candidate.php?candidate_id=241
448,Punardeep Singh Sawney (Sabby),CHANDNI CHOWK,AAP,1,12th Pass,"Rs 21,21,50,426~ 21 Crore+","Rs 55,02,661~ 55 Lacs+",https://www.myneta.info/Delhi2025/candidate.php?candidate_id=249
449,Pushpa Singh,MEHRAULI,INC,1,12th Pass,"Rs 30,93,865~ 30 Lacs+","Rs 7,68,766~ 7 Lacs+",https://www.myneta.info/Delhi2025/candidate.php?candidate_id=68
450,Qamar Ali,SANGAM VIHAR,NCP,0,12th Pass,,,https://www.myneta.info/Delhi2025/candidate.php?candidate_id=612
451,R. C. Sharma,BADLI,Sarvodaya Prabhat Party,0,Graduate,"Rs 17,000~ 17 Thou+",Rs 0~,https://www.myneta.info/Delhi2025/candidate.php?candidate_id=455
452,Raaj Kumar Anand,PATEL NAGAR,BJP,2,Post Graduate,"Rs 79,85,29,298~ 79 Crore+","Rs 35,09,08,528~ 35 Crore+",https://www.myneta.info/Delhi2025/candidate.php?candidate_id=333
453,Raghuvinder Shokeen,NANGLOI JAT,AAP,0,Graduate Professional,,,https://www.myneta.info/Delhi2025/candidate.php?candidate_id=699
454,Raghvinder Singh,MATIALA,INC,1,Graduate,"Rs 24,42,80,358~ 24 Crore+","Rs 5,81,39,724~ 5 Crore+",https://www.myneta.info/Delhi2025/candidate.php?candidate_id=145
455,Ragini Nayak,WAZIRPUR,INC,3,Doctorate,"Rs 1,89,99,401~ 1 Crore+","Rs 54,73,033~ 54 Lacs+",https://www.myneta.info/Delhi2025/candidate.php?candidate_id=545
456,Rahisuddin Ahmad,SEELAM PUR,IND,0,Illiterate,,,https://www.myneta.info/Delhi2025/candidate.php?candidate_id=794
457,Rahul Kumar,NAJAFGARH,Right to Recall Party,0,10th Pass,"Rs 50,000~ 50 Thou+",Rs 0~,https://www.myneta.info/Delhi2025/candidate.php?candidate_id=57
458,Rahul Kumar,KAROL BAGH,INC,0,10th Pass,"Rs 98,85,968~ 98 Lacs+","Rs 18,59,816~ 18 Lacs+",https://www.myneta.info/Delhi2025/candidate.php?candidate_id=417
459,Rahul Rai,BADARPUR,Samata Party,1,12th Pass,,,https://www.myneta.info/Delhi2025/candidate.php?candidate_id=230
460,Rahul Tiwari,CHANDNI CHOWK,Right to Recall Party,0,10th Pass,"Rs 60,000~ 60 Thou+",Rs 0~,https://www.myneta.info/Delhi2025/candidate.php?candidate_id=27
461,Rai Singh,R K PURAM,IND,0,10th Pass,"Rs 12,00,00,000~ 12 Crore+","Rs 32,00,000~ 32 Lacs+",https://www.myneta.info/Delhi2025/candidate.php?candidate_id=656
462,Raj Karan Khatri,NERELA,BJP,0,12th Pass,,,https://www.myneta.info/Delhi2025/candidate.php?candidate_id=102
463,Raj Kumar,JANAKPURI,All India National Raksha Sena,0,10th Pass,"Rs 1,01,000~ 1 Lacs+","Rs 27,85,600~ 27 Lacs+",https://www.myneta.info/Delhi2025/candidate.php?candidate_id=779
464,Raj Kumar Bhatia,ADARSH NAGAR,BJP,1,12th Pass,"Rs 16,60,43,106~ 16 Crore+","Rs 46,20,536~ 46 Lacs+",https://www.myneta.info/Delhi2025/candidate.php?candidate_id=63
465,Raj Kumar Chauhan,MANGOL PURI,BJP,0,12th Pass,,,https://www.myneta.info/Delhi2025/candidate.php?candidate_id=142
466,Raj Kumari Dhillon,HARI NAGAR,IND,0,Graduate,"Rs 72,75,12,681~ 72 Crore+","Rs 22,32,99,760~ 22 Crore+",https://www.myneta.info/Delhi2025/candidate.php?candidate_id=776
467,Raja Ram,DEOLI,Bhartiya Rashtrawadi Party,0,10th Pass,"Rs 8,46,303~ 8 Lacs+",Rs 0~,https://www.myneta.info/Delhi2025/candidate.php?candidate_id=254
468,Rajan Singh,KALKAJI,Aam Janta Party (India),0,Illiterate,,,https://www.myneta.info/Delhi2025/candidate.php?candidate_id=135
469,Rajbir,ROHINI,IND,0,Graduate,"Rs 1,27,77,646~ 1 Crore+",Rs 0~,https://www.myneta.info/Delhi2025/candidate.php?candidate_id=352
470,Rajender,BADLI,Aam Janmat Party,0,8th Pass,"Rs 32,09,000~ 32 Lacs+",Rs 0~,https://www.myneta.info/Delhi2025/candidate.php?candidate_id=453
471,Rajender Singh,MOTI NAGAR,INC,0,10th Pass,,,https://www.myneta.info/Delhi2025/candidate.php?candidate_id=67
472,Rajender Singh Tanwar,CHHATARPUR,INC,0,Post Graduate,"Rs 6,77,78,976~ 6 Crore+","Rs 14,85,833~ 14 Lacs+",https://www.myneta.info/Delhi2025/candidate.php?candidate_id=393
473,Rajendra Kumar Pal,SHAHDARA,NCP,0,Graduate Professional,"Rs 2,30,56,000~ 2 Crore+",Rs 0~,https://www.myneta.info/Delhi2025/candidate.php?candidate_id=604
474,Rajesh,SEEMA PURI,Bharatiya Sarvodaya Kranti Party,0,8th Pass,,,https://www.myneta.info/Delhi2025/candidate.php?candidate_id=808
475,Rajesh Chauhan,DEOLI,INC,0,Graduate,"Rs 4,72,83,869~ 4 Crore+","Rs 8,50,000~ 8 Lacs+",https://www.myneta.info/Delhi2025/candidate.php?candidate_id=86
476,Rajesh Gupta,SHAKUR BASTI,Bharat Lok Sewak Party,0,Others,"Rs 5,11,05,628~ 5 Crore+",Rs 0~,https://www.myneta.info/Delhi2025/candidate.php?candidate_id=163
477,Rajesh Gupta,WAZIRPUR,AAP,1,Graduate,,,https://www.myneta.info/Delhi2025/candidate.php?candidate_id=549
478,Rajesh Kumar,SHALIMAR BAGH,IND,0,10th Pass,"Rs 1,85,000~ 1 Lacs+",Rs 0~,https://www.myneta.info/Delhi2025/candidate.php?candidate_id=591
479,Rajesh Kumar,KALKAJI,Veer Janshakti Party,0,Graduate,"Rs 20,72,835~ 20 Lacs+","Rs 6,50,000~ 6 Lacs+",https://www.myneta.info/Delhi2025/candidate.php?candidate_id=504
480,Rajesh Kumar Gupta,KIRARI,INC,0,Graduate,,,https://www.myneta.info/Delhi2025/candidate.php?candidate_id=419
481,Rajesh Kumar Lohiya,SEEMA PURI,NCP,0,12th Pass,"Rs 36,30,376~ 36 Lacs+",Rs 0~,https://www.myneta.info/Delhi2025/candidate.php?candidate_id=606
482,Rajesh Kumar Yadav,VISHWAS NAGAR,BSP,0,12th Pass,"Rs 2,02,99,300~ 2 Crore+","Rs 91,30,000~ 91 Lacs+",https://www.myneta.info/Delhi2025/candidate.php?candidate_id=554
483,Rajesh Lilothia,SEEMA PURI,INC,0,Post Graduate,,,https://www.myneta.info/Delhi2025/candidate.php?candidate_id=609
484,Rajiv Bhrigukumar,UTTAM NAGAR,Rashtriya Lok Janshakti Party,0,Graduate Professional,"Rs 3,50,000~ 3 Lacs+",Rs 0~,https://www.myneta.info/Delhi2025/candidate.php?candidate_id=810
485,Rajiv Chaudhary,VISHWAS NAGAR,INC,0,Graduate Professional,"Rs 4,28,54,696~ 4 Crore+","Rs 15,90,450~ 15 Lacs+",https://www.myneta.info/Delhi2025/candidate.php?candidate_id=210
486,Rajiv Kumar,AMBEDKAR NAGAR,Bhartiya Rashtrawadi Party,0,Graduate Professional,,,https://www.myneta.info/Delhi2025/candidate.php?candidate_id=434
487,Rajiv Kumar Babbar,TILAK NAGAR,IND,0,5th Pass,"Rs 1,53,153~ 1 Lacs+",Rs 0~,https://www.myneta.info/Delhi2025/candidate.php?candidate_id=581
488,Rajkumar Bharti,TIMARPUR,Peoples Party of India (Democratic),0,10th Pass,"Rs 71,041~ 71 Thou+",Rs 0~,https://www.myneta.info/Delhi2025/candidate.php?candidate_id=570
489,Rajneesh Kumar Jha,DWARKA,National Youth Party,0,Post Graduate,,,https://www.myneta.info/Delhi2025/candidate.php?candidate_id=183
490,Rajni,MUNDKA,IND,0,Others,"Rs 9,31,297~ 9 Lacs+","Rs 7,40,000~ 7 Lacs+",https://www.myneta.info/Delhi2025/candidate.php?candidate_id=55
491,Rajni Sharma,MATIALA,IND,0,Post Graduate,"Rs 4,50,000~ 4 Lacs+",Rs 0~,https://www.myneta.info/Delhi2025/candidate.php?candidate_id=144
492,Raju Richariya,VIKASPURI,Rashtriya Rashtrawadi Party,0,Illiterate,,,https://www.myneta.info/Delhi2025/candidate.php?candidate_id=20
493,Rakesh,KIRARI,IND,0,10th Pass,"Rs 6,97,036~ 6 Lacs+","Rs 2,23,000~ 2 Lacs+",https://www.myneta.info/Delhi2025/candidate.php?candidate_id=226
494,Rakesh Ranjan Shrivastav,TIMARPUR,Janhit Dal,0,10th Pass,"Rs 20,67,679~ 20 Lacs+",Rs 0~,https://www.myneta.info/Delhi2025/candidate.php?candidate_id=569
495,Rakesh Sagar,JANGPURA,Blue India Party,1,10th Pass,,,https://www.myneta.info/Delhi2025/candidate.php?candidate_id=753
496,Rakhi Birla,MADIPUR,AAP,1,Post Graduate,"Rs 38,52,358~ 38 Lacs+","Rs 17,13,371~ 17 Lacs+",https://www.myneta.info/Delhi2025/candidate.php?candidate_id=283
497,Ram Avtar,PATEL NAGAR,BSP,0,12th Pass,"Rs 59,30,000~ 59 Lacs+",Rs 0~,https://www.myneta.info/Delhi2025/candidate.php?candidate_id=109
498,Ram Bahadur,BADARPUR,Akhil Bharatiya Manavata Paksha,0,10th Pass,,,https://www.myneta.info/Delhi2025/candidate.php?candidate_id=446
499,Ram Niwas,ADARSH NAGAR,IND,0,Graduate,"Rs 67,68,200~ 67 Lacs+",Rs 0~,https://www.myneta.info/Delhi2025/candidate.php?candidate_id=427
500,Ram Raj Singh,TIMARPUR,Rashtriya Janshakti Party (Secular),0,8th Pass,"Rs 2,04,361~ 2 Lacs+",Rs 0~,https://www.myneta.info/Delhi2025/candidate.php?candidate_id=168
501,Ram Sajivan,NANGLOI JAT,Peoples Party of India (Democratic),0,8th Pass,,,https://www.myneta.info/Delhi2025/candidate.php?candidate_id=310
502,Ram Singh Netaji,BADARPUR,AAP,0,5th Pass,"Rs 89,67,03,141~ 89 Crore+","Rs 3,60,23,060~ 3 Crore+",https://www.myneta.info/Delhi2025/candidate.php?candidate_id=79
503,Rambir Shokeen,MUNDKA,IND,3,12th Pass,"Rs 3,11,83,279~ 3 Crore+","Rs 8,62,000~ 8 Lacs+",https://www.myneta.info/Delhi2025/candidate.php?candidate_id=154
504,Ramesh Advocate,R K PURAM,IND,1,Graduate Professional,,,https://www.myneta.info/Delhi2025/candidate.php?candidate_id=658
505,Ramesh Bidhuri,KALKAJI,BJP,0,Graduate Professional,"Rs 19,94,62,028~ 19 Crore+","Rs 17,60,621~ 17 Lacs+",https://www.myneta.info/Delhi2025/candidate.php?candidate_id=88
506,Ramesh Jagannath Shah,GREATER KAILASH,Delhi Janta Party,0,Graduate,"Rs 80,98,492~ 80 Lacs+",Rs 0~,https://www.myneta.info/Delhi2025/candidate.php?candidate_id=493
507,Ramesh Pahelwan,KASTURBA NAGAR,AAP,0,12th Pass,,,https://www.myneta.info/Delhi2025/candidate.php?candidate_id=137
508,Rameshwar Mahto,DWARKA,Rashtriya Manav Party,0,Graduate Professional,"Rs 46,89,561~ 46 Lacs+","Rs 21,68,217~ 21 Lacs+",https://www.myneta.info/Delhi2025/candidate.php?candidate_id=175
509,Ramswaroop Samria,SULTAN PUR MAJRA,IND,0,Post Graduate,"Rs 94,96,838~ 94 Lacs+","Rs 5,15,856~ 5 Lacs+",https://www.myneta.info/Delhi2025/candidate.php?candidate_id=588
510,Randhir Kumar,MADIPUR,Asankhya Samaj Party,0,8th Pass,,,https://www.myneta.info/Delhi2025/candidate.php?candidate_id=95
511,Randhir Singh Tandi,MADIPUR,Jai Maha Bharath Party,3,10th Pass,"Rs 1,33,80,000~ 1 Crore+",Rs 0~,https://www.myneta.info/Delhi2025/candidate.php?candidate_id=544
512,Ranjeet,KAROL BAGH,BSP,0,10th Pass,"Rs 56,05,000~ 56 Lacs+","Rs 60,000~ 60 Thou+",https://www.myneta.info/Delhi2025/candidate.php?candidate_id=197
513,Ranjeet Kumar,VIKASPURI,Rashtriya Manav Party,0,Graduate,,,https://www.myneta.info/Delhi2025/candidate.php?candidate_id=12
514,Ranjeet Verma,SHALIMAR BAGH,New India United Party,2,8th Pass,"Rs 54,000~ 54 Thou+",Rs 0~,https://www.myneta.info/Delhi2025/candidate.php?candidate_id=593
515,Ratan Tyagi,BURARI,NCP,0,Graduate Professional,"Rs 9,86,71,973~ 9 Crore+",Rs 0~,https://www.myneta.info/Delhi2025/candidate.php?candidate_id=246
516,Ravi,KALKAJI,IND,0,10th Pass,,,https://www.myneta.info/Delhi2025/candidate.php?candidate_id=503
517,Ravi,MADIPUR,IND,0,10th Pass,"Rs 1,08,517~ 1 Lacs+",Rs 0~,https://www.myneta.info/Delhi2025/candidate.php?candidate_id=34
518,Ravi Kant,TRILOKPURI,BJP,0,Post Graduate,"Rs 20,47,145~ 20 Lacs+","Rs 9,67,826~ 9 Lacs+",https://www.myneta.info/Delhi2025/candidate.php?candidate_id=566
519,Ravi Partap Rao,JANAKPURI,BSP,0,12th Pass,,,https://www.myneta.info/Delhi2025/candidate.php?candidate_id=786
520,Ravi Rathore,DWARKA,Republican Sena,0,5th Pass,"Rs 28,50,000~ 28 Lacs+",Rs 0~,https://www.myneta.info/Delhi2025/candidate.php?candidate_id=396
521,Ravinder Indraj Singh,BAWANA,BJP,0,Graduate,"Rs 7,23,37,348~ 7 Crore+","Rs 35,84,993~ 35 Lacs+",https://www.myneta.info/Delhi2025/candidate.php?candidate_id=461
522,Ravinder Kumar,BADLI,BSP,0,5th Pass,,,https://www.myneta.info/Delhi2025/candidate.php?candidate_id=44
523,Ravinder Singh,SANGAM VIHAR,Republican Sena,0,Post Graduate,"Rs 31,543~ 31 Thou+",Rs 0~,https://www.myneta.info/Delhi2025/candidate.php?candidate_id=161
524,Ravinder Singh Negi,PATPARGANJ,BJP,0,Graduate,"Rs 1,78,40,741~ 1 Crore+","Rs 16,08,350~ 16 Lacs+",https://www.myneta.info/Delhi2025/candidate.php?candidate_id=334
525,Ravinder Singh Rawat,NEW DELHI,Haryana Jansena Party,0,Post Graduate,,,https://www.myneta.info/Delhi2025/candidate.php?candidate_id=686
526,Ravindra Singh Raviyodaya,JANGPURA,BSP,0,Graduate,"Rs 58,37,208~ 58 Lacs+",Rs 0~,https://www.myneta.info/Delhi2025/candidate.php?candidate_id=755
527,Rekha Gupta,SHALIMAR BAGH,BJP,0,Graduate Professional,"Rs 5,31,34,981~ 5 Crore+","Rs 1,20,33,720~ 1 Crore+",https://www.myneta.info/Delhi2025/candidate.php?candidate_id=118
528,Rekha Singh,TUGHLAKABAD,IND,0,Illiterate,,,https://www.myneta.info/Delhi2025/candidate.php?candidate_id=384
529,Richa Kumari,CHHATARPUR,Republican Sena,0,Post Graduate,"Rs 9,60,000~ 9 Lacs+",Rs 0~,https://www.myneta.info/Delhi2025/candidate.php?candidate_id=85
530,Rina Devi,SHALIMAR BAGH,IND,0,5th Pass,"Rs 65,252~ 65 Thou+",Rs 0~,https://www.myneta.info/Delhi2025/candidate.php?candidate_id=590
531,Rizwana Khatoon,OKHLA,SUCI(C),0,10th Pass,,,https://www.myneta.info/Delhi2025/candidate.php?candidate_id=328
532,Rohit,NAJAFGARH,BSP,0,Graduate,"Rs 2,87,500~ 2 Lacs+","Rs 18,00,000~ 18 Lacs+",https://www.myneta.info/Delhi2025/candidate.php?candidate_id=305
533,Rohit Choudhary,NANGLOI JAT,INC,1,Graduate Professional,"Rs 2,30,95,564~ 2 Crore+",Rs 0~,https://www.myneta.info/Delhi2025/candidate.php?candidate_id=156
534,Rohit Kashyap,MADIPUR,Hamara Sahi Vikalp Party,0,Graduate,,,https://www.myneta.info/Delhi2025/candidate.php?candidate_id=543
535,Rohtash Kumar,TUGHLAKABAD,BJP,0,Post Graduate,"Rs 5,42,18,749~ 5 Crore+",Rs 0~,https://www.myneta.info/Delhi2025/candidate.php?candidate_id=387
536,Roman Rashid,MODEL TOWN,IND,0,12th Pass,"Rs 3,16,492~ 3 Lacs+",Rs 0~,https://www.myneta.info/Delhi2025/candidate.php?candidate_id=724
537,Roop Singh Ahirwar,MADIPUR,BSP,0,8th Pass,,,https://www.myneta.info/Delhi2025/candidate.php?candidate_id=15
538,S. M. Aqif,SEELAM PUR,IND,0,Graduate,"Rs 66,730~ 66 Thou+",Rs 0~,https://www.myneta.info/Delhi2025/candidate.php?candidate_id=796
539,Sabir Khan,HARI NAGAR,IND,0,10th Pass,"Rs 53,398~ 53 Thou+",Rs 0~,https://www.myneta.info/Delhi2025/candidate.php?candidate_id=496
540,Sachin,DELHI CANTT,Bharatiya Sampuran Krantikari Party,0,5th Pass,,,https://www.myneta.info/Delhi2025/candidate.php?candidate_id=253
541,Sadre Alam,MOTI NAGAR,IND,0,Illiterate,"Rs 85,582~ 85 Thou+","Rs 1,90,294~ 1 Lacs+",https://www.myneta.info/Delhi2025/candidate.php?candidate_id=205
542,Sagar Tanha,MUSTAFABAD,Peace Party,0,5th Pass,"Rs 20,000~ 20 Thou+",Rs 0~,https://www.myneta.info/Delhi2025/candidate.php?candidate_id=100
543,Sahi Ram,TUGHLAKABAD,AAP,2,10th Pass,,,https://www.myneta.info/Delhi2025/candidate.php?candidate_id=122
544,Sanaullah,MOTI NAGAR,NCP,0,Graduate,"Rs 4,42,832~ 4 Lacs+","Rs 80,632~ 80 Thou+",https://www.myneta.info/Delhi2025/candidate.php?candidate_id=721
545,Sandeep Dikshit,NEW DELHI,INC,0,Post Graduate,"Rs 11,13,81,677~ 11 Crore+","Rs 76,92,127~ 76 Lacs+",https://www.myneta.info/Delhi2025/candidate.php?candidate_id=320
546,Sandeep Sehrawat,MATIALA,BJP,2,Graduate Professional,,,https://www.myneta.info/Delhi2025/candidate.php?candidate_id=292
547,Sandhiya Tiwari,KARAWAL NAGAR,Akhil Bharatiya Socialist Party,0,8th Pass,"Rs 11,17,000~ 11 Lacs+",Rs 0~,https://www.myneta.info/Delhi2025/candidate.php?candidate_id=515
548,Sangeeta,SULTAN PUR MAJRA,Rashtriya Lok Sevak Party,0,5th Pass,"Rs 40,07,342~ 40 Lacs+","Rs 3,00,000~ 3 Lacs+",https://www.myneta.info/Delhi2025/candidate.php?candidate_id=583
549,Sangh Mitra,KALKAJI,Bhim Sena,0,Graduate,,,https://www.myneta.info/Delhi2025/candidate.php?candidate_id=506
550,Sangh Priya Siddhartha,TIMARPUR,Bhim Sena,0,12th Pass,"Rs 10,000~ 10 Thou+",Rs 0~,https://www.myneta.info/Delhi2025/candidate.php?candidate_id=573
551,Sangha Nand Bauddh,NEW DELHI,Bhim Sena,0,Graduate,"Rs 10,000~ 10 Thou+",Rs 0~,https://www.myneta.info/Delhi2025/candidate.php?candidate_id=321
552,Sanjay,KALKAJI,IND,0,Illiterate,,,https://www.myneta.info/Delhi2025/candidate.php?candidate_id=505
553,Sanjay Goyal,SHAHDARA,BJP,0,Graduate Professional,"Rs 54,47,44,218~ 54 Crore+","Rs 6,49,03,000~ 6 Crore+",https://www.myneta.info/Delhi2025/candidate.php?candidate_id=601
554,Sanjay Mishra (Sitaram),KARAWAL NAGAR,NCP,0,10th Pass,"Rs 63,43,543~ 63 Lacs+","Rs 8,50,000~ 8 Lacs+",https://www.myneta.info/Delhi2025/candidate.php?candidate_id=511
555,Sanjay Negi,CHHATARPUR,IND,0,10th Pass,,,https://www.myneta.info/Delhi2025/candidate.php?candidate_id=251
556,Sanjay Rawat,NEW DELHI,IND,0,Graduate,"Rs 1,54,07,106~ 1 Crore+",Rs 0~,https://www.myneta.info/Delhi2025/candidate.php?candidate_id=318
557,Sanjay Yadav Advocate,ADARSH NAGAR,Peoples Party of India (Democratic),0,Post Graduate,"Rs 83,63,378~ 83 Lacs+","Rs 2,98,286~ 2 Lacs+",https://www.myneta.info/Delhi2025/candidate.php?candidate_id=430
558,Sanjaya Kumar Yadav,MUNDKA,Right to Recall Party,0,12th Pass,,,https://www.myneta.info/Delhi2025/candidate.php?candidate_id=5
559,Sanjeev Jha,BURARI,AAP,2,Graduate,"Rs 14,47,331~ 14 Lacs+",Rs 0~,https://www.myneta.info/Delhi2025/candidate.php?candidate_id=173
560,Sanjeev Kumar,ROHTAS NAGAR,Jan Samuh Party,0,12th Pass,"Rs 3,81,000~ 3 Lacs+","Rs 80,000~ 80 Thou+",https://www.myneta.info/Delhi2025/candidate.php?candidate_id=160
561,Sanjeev Kumar Rana,ADARSH NAGAR,CPI,0,Others,,,https://www.myneta.info/Delhi2025/candidate.php?candidate_id=429
562,Santosh,MUNDKA,Indian National Socialistic Action Forces,0,8th Pass,"Rs 2,50,000~ 2 Lacs+",Rs 0~,https://www.myneta.info/Delhi2025/candidate.php?candidate_id=715
563,Santosh Kumar,NEW DELHI,Right to Recall Party,0,Graduate,"Rs 50,000~ 50 Thou+",Rs 0~,https://www.myneta.info/Delhi2025/candidate.php?candidate_id=315
564,Santosh Rai,NEW DELHI,Abhinav Bharat Party,2,Post Graduate,,,https://www.myneta.info/Delhi2025/candidate.php?candidate_id=679
565,Saravanan,R K PURAM,Rashtriya Manav Party,0,Literate,"Rs 9,99,623~ 9 Lacs+","Rs 1,86,752~ 1 Lacs+",https://www.myneta.info/Delhi2025/candidate.php?candidate_id=654
566,Sarita Singh,ROHTAS NAGAR,AAP,1,Post Graduate,"Rs 7,95,524~ 7 Lacs+","Rs 2,88,000~ 2 Lacs+",https://www.myneta.info/Delhi2025/candidate.php?candidate_id=357
567,Sarita Singh,TRILOKPURI,Akhil Bharatiya Socialist Party,0,Graduate Professional,,,https://www.myneta.info/Delhi2025/candidate.php?candidate_id=382
568,Saroj Bala,SEEMA PURI,Swatantra Jantaraj Party,0,10th Pass,"Rs 72,94,557~ 72 Lacs+",Rs 0~,https://www.myneta.info/Delhi2025/candidate.php?candidate_id=803
569,Satender Sharma,TRI NAGAR,INC,0,12th Pass,"Rs 2,00,31,200~ 2 Crore+","Rs 17,15,630~ 17 Lacs+",https://www.myneta.info/Delhi2025/candidate.php?candidate_id=121
570,Satish Jain,CHANDNI CHOWK,BJP,0,Post Graduate,,,https://www.myneta.info/Delhi2025/candidate.php?candidate_id=70
571,Satish Kumar,OKHLA,BSP,0,8th Pass,"Rs 27,99,437~ 27 Lacs+","Rs 2,98,648~ 2 Lacs+",https://www.myneta.info/Delhi2025/candidate.php?candidate_id=670
572,Satish Kumar Gulliya,GREATER KAILASH,Bhartiya Rashtrawadi Party,0,Graduate Professional,"Rs 1,82,08,040~ 1 Crore+","Rs 4,28,000~ 4 Lacs+",https://www.myneta.info/Delhi2025/candidate.php?candidate_id=195
573,Satish Kumar Luthra,SHAKUR BASTI,INC,0,10th Pass,,,https://www.myneta.info/Delhi2025/candidate.php?candidate_id=368
574,Satish Upadhyay,MALVIYA NAGAR,BJP,0,Graduate,"Rs 13,22,51,447~ 13 Crore+","Rs 1,14,51,684~ 1 Crore+",https://www.myneta.info/Delhi2025/candidate.php?candidate_id=141
575,Satpal,SANGAM VIHAR,IND,1,12th Pass,"Rs 21,82,000~ 21 Lacs+","Rs 7,00,000~ 7 Lacs+",https://www.myneta.info/Delhi2025/candidate.php?candidate_id=614
576,Satyendar Jain,SHAKUR BASTI,AAP,14,Graduate Professional,,,https://www.myneta.info/Delhi2025/candidate.php?candidate_id=117
577,Saurabh Bharadwaj,GREATER KAILASH,AAP,6,Graduate Professional,"Rs 1,48,09,968~ 1 Crore+","Rs 4,63,803~ 4 Lacs+",https://www.myneta.info/Delhi2025/candidate.php?candidate_id=267
578,Saurabh Gupta,SHALIMAR BAGH,IND,0,Graduate Professional,"Rs 19,69,450~ 19 Lacs+","Rs 16,45,000~ 16 Lacs+",https://www.myneta.info/Delhi2025/candidate.php?candidate_id=164
579,Seema,KARAWAL NAGAR,Peoples Party of India (Democratic),0,8th Pass,,,https://www.myneta.info/Delhi2025/candidate.php?candidate_id=513
580,Sewa Dass,AMBEDKAR NAGAR,BSP,0,Illiterate,"Rs 13,94,000~ 13 Lacs+",Rs 0~,https://www.myneta.info/Delhi2025/candidate.php?candidate_id=436
581,Shabana,SEELAM PUR,Rashtriya Republican Party,0,8th Pass,Nil,Rs 0~,https://www.myneta.info/Delhi2025/candidate.php?candidate_id=610
582,Shail Kumari,SADAR BAZAR,BSP,0,Graduate,,,https://www.myneta.info/Delhi2025/candidate.php?candidate_id=620
583,Shailendra Kumar,BURARI,JD(U),0,Graduate,"Rs 23,83,47,615~ 23 Crore+","Rs 8,02,394~ 8 Lacs+",https://www.myneta.info/Delhi2025/candidate.php?candidate_id=407
584,Sharad Kumar,NERELA,AAP,1,10th Pass,"Rs 6,78,78,442~ 6 Crore+","Rs 45,86,897~ 45 Lacs+",https://www.myneta.info/Delhi2025/candidate.php?candidate_id=311
585,Sharda Dixit,VIKASPURI,SUCI(C),0,Post Graduate,,,https://www.myneta.info/Delhi2025/candidate.php?candidate_id=71
586,Sharda Singh,MEHRAULI,Right to Recall Party,0,8th Pass,"Rs 70,000~ 70 Thou+",Rs 0~,https://www.myneta.info/Delhi2025/candidate.php?candidate_id=4
587,Shashi Pabha,RAJOURI GARDEN,BSP,0,8th Pass,"Rs 13,42,380~ 13 Lacs+",Rs 0~,https://www.myneta.info/Delhi2025/candidate.php?candidate_id=349
588,Sheela Devi,WAZIRPUR,Garib Ekta Party,0,12th Pass,,,https://www.myneta.info/Delhi2025/candidate.php?candidate_id=811
589,Sheikh Arsalan Ullah Chishti,OKHLA,IND,0,Graduate,"Rs 30,124~ 30 Thou+","Rs 59,459~ 59 Thou+",https://www.myneta.info/Delhi2025/candidate.php?candidate_id=322
590,Shejo Varghese,VIKASPURI,CPI,0,12th Pass,"Rs 2,80,941~ 2 Lacs+","Rs 22,353~ 22 Thou+",https://www.myneta.info/Delhi2025/candidate.php?candidate_id=212
591,Sher Mohammad,OKHLA,Azad Samaj Party,0,12th Pass,,,https://www.myneta.info/Delhi2025/candidate.php?candidate_id=327
592,Shifa Ur Rehman Khan,OKHLA,All India Majlis-E-Ittehadul Muslimeen,1,Post Graduate,"Rs 11,63,92,455~ 11 Crore+",Rs 0~,https://www.myneta.info/Delhi2025/candidate.php?candidate_id=671
593,Shikha Roy,GREATER KAILASH,BJP,0,Post Graduate,"Rs 16,13,44,383~ 16 Crore+","Rs 3,05,00,995~ 3 Crore+",https://www.myneta.info/Delhi2025/candidate.php?candidate_id=413
594,Shiv Kumar,KAROL BAGH,Rashtriya Aikta Manch Party,0,Graduate,,,https://www.myneta.info/Delhi2025/candidate.php?candidate_id=520
595,Shiv Kumar(Kake),BABARPUR,Sarvodaya Prabhat Party,2,8th Pass,"Rs 1,68,000~ 1 Lacs+","Rs 70,000~ 70 Thou+",https://www.myneta.info/Delhi2025/candidate.php?candidate_id=215
596,Shiv Prasad Verma,RAJINDER NAGAR,BSP,0,8th Pass,"Rs 68,17,622~ 68 Lacs+",Rs 0~,https://www.myneta.info/Delhi2025/candidate.php?candidate_id=158
597,Shivank Singal,ADARSH NAGAR,INC,0,Post Graduate,,,https://www.myneta.info/Delhi2025/candidate.php?candidate_id=126
598,Shivcharan Goel,MOTI NAGAR,AAP,0,12th Pass,"Rs 24,19,86,928~ 24 Crore+",Rs 0~,https://www.myneta.info/Delhi2025/candidate.php?candidate_id=204
599,Shubham,GHONDA,Right to Recall Party,0,Post Graduate,"Rs 50,000~ 50 Thou+",Rs 0~,https://www.myneta.info/Delhi2025/candidate.php?candidate_id=17
600,Shveta Saini,TILAK NAGAR,BJP,0,Graduate Professional,,,https://www.myneta.info/Delhi2025/candidate.php?candidate_id=376
601,Shweta,TILAK NAGAR,IND,0,12th Pass,"Rs 14,40,832~ 14 Lacs+",Rs 0~,https://www.myneta.info/Delhi2025/candidate.php?candidate_id=582
602,Shyam Babu,UTTAM NAGAR,Gareeb Aadmi Party,0,12th Pass,"Rs 4,09,72,607~ 4 Crore+",Rs 0~,https://www.myneta.info/Delhi2025/candidate.php?candidate_id=8
603,Shyam Kumar,SHALIMAR BAGH,BSP,0,8th Pass,,,https://www.myneta.info/Delhi2025/candidate.php?candidate_id=371
604,Shyam Sharma,HARI NAGAR,BJP,0,10th Pass,"Rs 16,01,14,845~ 16 Crore+","Rs 1,80,08,337~ 1 Crore+",https://www.myneta.info/Delhi2025/candidate.php?candidate_id=133
605,Sirajuddin,SANGAM VIHAR,Aazad Samaj Party (Kanshi Ram),0,12th Pass,"Rs 12,59,349~ 12 Lacs+",Rs 0~,https://www.myneta.info/Delhi2025/candidate.php?candidate_id=364
606,Som Dutt,SADAR BAZAR,AAP,1,Graduate,,,https://www.myneta.info/Delhi2025/candidate.php?candidate_id=359
607,Som Dutt Sharma,BIJWASAN,IND,0,Post Graduate,"Rs 1,04,57,100~ 1 Crore+",Rs 0~,https://www.myneta.info/Delhi2025/candidate.php?candidate_id=240
608,Somnath Bharti,MALVIYA NAGAR,AAP,7,Post Graduate,"Rs 2,23,67,040~ 2 Crore+","Rs 13,39,565~ 13 Lacs+",https://www.myneta.info/Delhi2025/candidate.php?candidate_id=140
609,Sonu,BALLIMARAN,BSP,0,8th Pass,,,https://www.myneta.info/Delhi2025/candidate.php?candidate_id=460
610,Sonu Kaushik,BURARI,Aapki Apni Party (Peoples),0,8th Pass,"Rs 18,06,000~ 18 Lacs+","Rs 5,98,000~ 5 Lacs+",https://www.myneta.info/Delhi2025/candidate.php?candidate_id=21
611,Subhash,TRI NAGAR,Asankhya Samaj Party,0,8th Pass,"Rs 38,22,500~ 38 Lacs+",Rs 0~,https://www.myneta.info/Delhi2025/candidate.php?candidate_id=170
612,Subhash Chand Gupta,ROHTAS NAGAR,Bhartiya Rashtrawadi Party,0,Graduate,,,https://www.myneta.info/Delhi2025/candidate.php?candidate_id=632
613,Sudesh Sharma,KIRARI,Rashtriya Manav Party,0,12th Pass,"Rs 1,10,000~ 1 Lacs+","Rs 13,77,869~ 13 Lacs+",https://www.myneta.info/Delhi2025/candidate.php?candidate_id=523
614,Sudhir Negi,SANGAM VIHAR,Matrubhoomi Sewa Party,0,Others,"Rs 1,39,54,085~ 1 Crore+","Rs 8,00,000~ 8 Lacs+",https://www.myneta.info/Delhi2025/candidate.php?candidate_id=363
615,Suman Lata Sehrawat,MUNDKA,BSP,0,Graduate Professional,,,https://www.myneta.info/Delhi2025/candidate.php?candidate_id=222
616,Suman Sharma,SEELAM PUR,Sanjhi Virasat Party,0,10th Pass,"Rs 31,002~ 31 Thou+",Rs 0~,https://www.myneta.info/Delhi2025/candidate.php?candidate_id=162
617,Sumesh Gupta,ROHINI,INC,0,8th Pass,"Rs 2,20,44,295~ 2 Crore+","Rs 23,49,562~ 23 Lacs+",https://www.myneta.info/Delhi2025/candidate.php?candidate_id=637
618,Sumesh Shokeen,MATIALA,AAP,1,12th Pass,,,https://www.myneta.info/Delhi2025/candidate.php?candidate_id=147
619,Sumit Sharma,LAXMI NAGAR,INC,0,8th Pass,"Rs 2,16,99,389~ 2 Crore+","Rs 2,71,801~ 2 Lacs+",https://www.myneta.info/Delhi2025/candidate.php?candidate_id=200
620,Sunder Lohiya,GHONDA,BSP,0,8th Pass,"Rs 7,85,889~ 7 Lacs+","Rs 80,160~ 80 Thou+",https://www.myneta.info/Delhi2025/candidate.php?candidate_id=760
621,Sunil Kain,R K PURAM,BSP,0,Graduate,,,https://www.myneta.info/Delhi2025/candidate.php?candidate_id=338
622,Sunil Kumar,MUNDKA,National Loktantrik Party,2,Others,"Rs 61,26,745~ 61 Lacs+",Rs 0~,https://www.myneta.info/Delhi2025/candidate.php?candidate_id=717
623,Sunil Kumar Kukreja,JANGPURA,IND,1,12th Pass,"Rs 1,07,02,636~ 1 Crore+",Rs 0~,https://www.myneta.info/Delhi2025/candidate.php?candidate_id=401
624,Sunil Kumar Vyathit,BURARI,Aam Aadmi Sangharsh Party (S),0,10th Pass,,,https://www.myneta.info/Delhi2025/candidate.php?candidate_id=171
625,Sunita Shekhar Chawriya,MUNDKA,IND,0,Graduate,"Rs 19,83,500~ 19 Lacs+",Rs 0~,https://www.myneta.info/Delhi2025/candidate.php?candidate_id=152
626,Sunny Kumar,KONDLI,Aazad Samaj Party (Kanshi Ram),0,Graduate,"Rs 6,74,500~ 6 Lacs+",Rs 0~,https://www.myneta.info/Delhi2025/candidate.php?candidate_id=528
627,Surender Bhardwaj,BIJWASAN,AAP,3,Graduate Professional,,,https://www.myneta.info/Delhi2025/candidate.php?candidate_id=82
628,Surender Kumar,BAWANA,INC,0,12th Pass,"Rs 3,52,67,309~ 3 Crore+","Rs 39,05,761~ 39 Lacs+",https://www.myneta.info/Delhi2025/candidate.php?candidate_id=238
629,Surender Kumar,DELHI CANTT,Peoples Party of India (Democratic),2,10th Pass,"Rs 3,02,641~ 3 Lacs+","Rs 8,72,856~ 8 Lacs+",https://www.myneta.info/Delhi2025/candidate.php?candidate_id=481
630,Surender Pal,TIMARPUR,BSP,0,10th Pass,,,https://www.myneta.info/Delhi2025/candidate.php?candidate_id=377
631,Surender Singh,KONDLI,Swaraj Bhartiya Nyay Party,0,Illiterate,"Rs 73,35,008~ 73 Lacs+","Rs 15,91,900~ 15 Lacs+",https://www.myneta.info/Delhi2025/candidate.php?candidate_id=276
632,Surender Singh Vishwakarma,ROHTAS NAGAR,Aazad Samaj Party (Kanshi Ram),0,12th Pass,"Rs 98,41,000~ 98 Lacs+",Rs 0~,https://www.myneta.info/Delhi2025/candidate.php?candidate_id=358
633,Surendra Kumar,GOKALPUR,AAP,1,Others,,,https://www.myneta.info/Delhi2025/candidate.php?candidate_id=264
634,Surendra Singh Basoya,TRI NAGAR,Peoples Party of India (Democratic),1,12th Pass,"Rs 4,24,66,469~ 4 Crore+","Rs 28,77,259~ 28 Lacs+",https://www.myneta.info/Delhi2025/candidate.php?candidate_id=378
635,Suresh Pal Jainth,ROHTAS NAGAR,IND,0,Post Graduate,"Rs 2,04,41,005~ 2 Crore+","Rs 18,23,283~ 18 Lacs+",https://www.myneta.info/Delhi2025/candidate.php?candidate_id=356
636,Sureshpal Jainth,GOKALPUR,IND,0,Post Graduate,,,https://www.myneta.info/Delhi2025/candidate.php?candidate_id=263
637,Sureshvati,ROHTAS NAGAR,INC,0,10th Pass,"Rs 1,85,11,299~ 1 Crore+",Rs 0~,https://www.myneta.info/Delhi2025/candidate.php?candidate_id=634
638,Surinder Kumar Setia,HARI NAGAR,AAP,0,10th Pass,"Rs 50,59,26,226~ 50 Crore+","Rs 10,17,42,835~ 10 Crore+",https://www.myneta.info/Delhi2025/candidate.php?candidate_id=414
639,Surinder Pal Singh (Bittoo),TIMARPUR,AAP,0,12th Pass,,,https://www.myneta.info/Delhi2025/candidate.php?candidate_id=169
640,Surya Prakash Khatri,TIMARPUR,BJP,0,Graduate Professional,"Rs 26,91,50,712~ 26 Crore+","Rs 2,88,31,481~ 2 Crore+",https://www.myneta.info/Delhi2025/candidate.php?candidate_id=120
641,Sushant Mishra,RITHALA,INC,0,Graduate Professional,"Rs 1,94,20,660~ 1 Crore+","Rs 87,26,675~ 87 Lacs+",https://www.myneta.info/Delhi2025/candidate.php?candidate_id=112
642,Sushma Devi Yadav,NAJAFGARH,INC,1,Post Graduate,,,https://www.myneta.info/Delhi2025/candidate.php?candidate_id=304
643,Syed Muneeb,SEELAM PUR,IND,0,Graduate,"Rs 23,75,000~ 23 Lacs+",Rs 0~,https://www.myneta.info/Delhi2025/candidate.php?candidate_id=799
644,Tamana,SHAKUR BASTI,Yuva Bharat Rashtraseva Party,0,12th Pass,"Rs 65,53,731~ 65 Lacs+","Rs 2,90,016~ 2 Lacs+",https://www.myneta.info/Delhi2025/candidate.php?candidate_id=597
645,Tanya Singh,KALKAJI,Bhartiya Rashtrawadi Party,2,12th Pass,,,https://www.myneta.info/Delhi2025/candidate.php?candidate_id=502
646,Tarun Kumar,TIMARPUR,Republican Sena,0,10th Pass,"Rs 2,32,45,000~ 2 Crore+",Rs 0~,https://www.myneta.info/Delhi2025/candidate.php?candidate_id=577
647,Tarun Kumar,NAJAFGARH,AAP,1,10th Pass,"Rs 2,65,46,659~ 2 Crore+","Rs 1,03,82,928~ 1 Crore+",https://www.myneta.info/Delhi2025/candidate.php?candidate_id=306
648,Tarun Kumar Sharma,JANAKPURI,IND,0,Graduate Professional,,,https://www.myneta.info/Delhi2025/candidate.php?candidate_id=782
649,Tarvinder Singh Marwah,JANGPURA,BJP,1,12th Pass,"Rs 49,67,68,001~ 49 Crore+","Rs 13,65,43,502~ 13 Crore+",https://www.myneta.info/Delhi2025/candidate.php?candidate_id=402
650,Tej Ram,MATIA MAHAL,BSP,0,5th Pass,"Rs 31,16,000~ 31 Lacs+",Rs 0~,https://www.myneta.info/Delhi2025/candidate.php?candidate_id=742
651,Tikraj Singh,GANDHI NAGAR,BSP,0,10th Pass,,,https://www.myneta.info/Delhi2025/candidate.php?candidate_id=774
652,Tilak Ram Gupta,TRI NAGAR,BJP,0,10th Pass,"Rs 2,35,65,559~ 2 Crore+",Rs 0~,https://www.myneta.info/Delhi2025/candidate.php?candidate_id=213
653,Umang,RAJINDER NAGAR,IND,1,10th Pass,"Rs 34,000~ 34 Thou+",Rs 0~,https://www.myneta.info/Delhi2025/candidate.php?candidate_id=791
654,Umang Bajaj,RAJINDER NAGAR,BJP,0,Post Graduate,,,https://www.myneta.info/Delhi2025/candidate.php?candidate_id=653
655,Umesh Chauhan,VIKASPURI,Aazad Samaj Party (Kanshi Ram),0,8th Pass,"Rs 1,10,032~ 1 Lacs+",Rs 0~,https://www.myneta.info/Delhi2025/candidate.php?candidate_id=19
656,Umesh Rathor,SADAR BAZAR,Atulya Bharat Party,0,10th Pass,"Rs 1,40,980~ 1 Lacs+",Rs 0~,https://www.myneta.info/Delhi2025/candidate.php?candidate_id=618
657,Veer Singh Dhingan,SEEMA PURI,AAP,0,10th Pass,,,https://www.myneta.info/Delhi2025/candidate.php?candidate_id=608
658,Vicky,TRILOKPURI,Aazad Samaj Party (Kanshi Ram),0,Post Graduate,"Rs 7,30,292~ 7 Lacs+","Rs 3,28,497~ 3 Lacs+",https://www.myneta.info/Delhi2025/candidate.php?candidate_id=47
659,Vidhayak Virendra Pradhan Gurjar,KRISHNA NAGAR,Samrat Mihir Bhoj Samaj Party,0,Illiterate,"Rs 45,000~ 45 Thou+",Rs 0~,https://www.myneta.info/Delhi2025/candidate.php?candidate_id=30
660,Vidya Patti,RITHALA,IND,0,10th Pass,,,https://www.myneta.info/Delhi2025/candidate.php?candidate_id=221
661,Vijay Kr. Aggarwal,ADARSH NAGAR,IND,0,Graduate Professional,"Rs 1,85,93,675~ 1 Crore+",Rs 0~,https://www.myneta.info/Delhi2025/candidate.php?candidate_id=187
662,Vijay Kumar,SHAKUR BASTI,BSP,0,12th Pass,"Rs 20,000~ 20 Thou+",Rs 0~,https://www.myneta.info/Delhi2025/candidate.php?candidate_id=596
663,Vijay Kumar,R K PURAM,Peoples Party of India (Democratic),0,Graduate,,,https://www.myneta.info/Delhi2025/candidate.php?candidate_id=343
664,Vijay Kumar Jha,BURARI,Rachnatmak Jan Morcha,0,Others,"Rs 62,802~ 62 Thou+",Rs 0~,https://www.myneta.info/Delhi2025/candidate.php?candidate_id=475
665,Vijay Kumar Sharma,MOTI NAGAR,Rashtriya Manav Party,0,Graduate,"Rs 5,49,320~ 5 Lacs+",Rs 0~,https://www.myneta.info/Delhi2025/candidate.php?candidate_id=722
666,Vijay Lal Tamta,MEHRAULI,Peoples Party of India (Democratic),0,Post Graduate,,,https://www.myneta.info/Delhi2025/candidate.php?candidate_id=728
667,Vijender Gupta,ROHINI,BJP,4,Post Graduate,"Rs 16,10,28,211~ 16 Crore+","Rs 98,17,082~ 98 Lacs+",https://www.myneta.info/Delhi2025/candidate.php?candidate_id=113
668,Vikas Bagga Ca,KRISHNA NAGAR,AAP,0,Post Graduate,"Rs 3,53,67,049~ 3 Crore+","Rs 1,02,21,219~ 1 Crore+",https://www.myneta.info/Delhi2025/candidate.php?candidate_id=138
669,Vikas Bhardwaj,NERELA,IND,0,Graduate Professional,,,https://www.myneta.info/Delhi2025/candidate.php?candidate_id=103
670,Vikas Kaushik,LAXMI NAGAR,Aapsi Sahyog Party,0,Graduate,"Rs 4,40,000~ 4 Lacs+","Rs 92,000~ 92 Thou+",https://www.myneta.info/Delhi2025/candidate.php?candidate_id=534
671,Vikas Tyagi,ROHTAS NAGAR,IND,1,Graduate,"Rs 50,08,86,843~ 50 Crore+","Rs 1,48,17,571~ 1 Crore+",https://www.myneta.info/Delhi2025/candidate.php?candidate_id=355
672,Vimal Kumar Saxena,LAXMI NAGAR,IND,0,Graduate,,,https://www.myneta.info/Delhi2025/candidate.php?candidate_id=201
673,Vinay Chaudhari,SHAHDARA,IND,0,12th Pass,"Rs 7,27,17,949~ 7 Crore+","Rs 77,555~ 77 Thou+",https://www.myneta.info/Delhi2025/candidate.php?candidate_id=599
674,Vinay Mishra,DWARKA,AAP,6,Post Graduate,"Rs 8,70,17,731~ 8 Crore+","Rs 86,87,545~ 86 Lacs+",https://www.myneta.info/Delhi2025/candidate.php?candidate_id=399
675,Vineet Yadav,RAJINDER NAGAR,INC,0,12th Pass,,,https://www.myneta.info/Delhi2025/candidate.php?candidate_id=344
676,Vinod Kapoor,KRISHNA NAGAR,IND,0,10th Pass,"Rs 1,51,180~ 1 Lacs+",Rs 0~,https://www.myneta.info/Delhi2025/candidate.php?candidate_id=532
677,Vinod Kumar Chauhan,MATIALA,Suheldev Bharatiya Samaj Party,0,Post Graduate,"Rs 53,05,000~ 53 Lacs+",Rs 0~,https://www.myneta.info/Delhi2025/candidate.php?candidate_id=738
678,Virender,NEW DELHI,BSP,0,Graduate,,,https://www.myneta.info/Delhi2025/candidate.php?candidate_id=688
679,Virender Singh,TUGHLAKABAD,INC,0,Literate,"Rs 19,02,33,937~ 19 Crore+","Rs 4,50,000~ 4 Lacs+",https://www.myneta.info/Delhi2025/candidate.php?candidate_id=561
680,Virender Singh Kadian,DELHI CANTT,AAP,2,Post Graduate,"Rs 6,00,44,332~ 6 Crore+","Rs 18,53,332~ 18 Lacs+",https://www.myneta.info/Delhi2025/candidate.php?candidate_id=252
681,Vishal,MUSTAFABAD,Peoples Party of India (Democratic),0,Graduate Professional,,,https://www.myneta.info/Delhi2025/candidate.php?candidate_id=712
682,Vishal Gupta,RITHALA,IND,0,10th Pass,"Rs 16,94,000~ 16 Lacs+","Rs 2,81,230~ 2 Lacs+",https://www.myneta.info/Delhi2025/candidate.php?candidate_id=111
683,Vishal Sahni,MOTI NAGAR,Voters Party International,0,Graduate,"Rs 3,53,08,682~ 3 Crore+","Rs 33,94,642~ 33 Lacs+",https://www.myneta.info/Delhi2025/candidate.php?candidate_id=298
684,Vishal Sangwan,RAJOURI GARDEN,Right to Recall Party,0,Others,,,https://www.myneta.info/Delhi2025/candidate.php?candidate_id=2
685,Vishal Sharma,KARAWAL NAGAR,IND,0,10th Pass,"Rs 1,60,858~ 1 Lacs+",Rs 0~,https://www.myneta.info/Delhi2025/candidate.php?candidate_id=196
686,Vishal Singh,ADARSH NAGAR,National Youth Party,0,12th Pass,"Rs 26,000~ 26 Thou+",Rs 0~,https://www.myneta.info/Delhi2025/candidate.php?candidate_id=425
687,Vishesh Kumar,R K PURAM,INC,0,Post Graduate,,,https://www.myneta.info/Delhi2025/candidate.php?candidate_id=657
688,Vishesh Ravi,KAROL BAGH,AAP,1,12th Pass,"Rs 41,47,048~ 41 Lacs+","Rs 6,41,196~ 6 Lacs+",https://www.myneta.info/Delhi2025/candidate.php?candidate_id=136
689,Vivek Giri,MODEL TOWN,Aapki Apni Party (Peoples),0,12th Pass,"Rs 26,000~ 26 Thou+",Rs 0~,https://www.myneta.info/Delhi2025/candidate.php?candidate_id=726
690,Wasim Akram,TIMARPUR,Indian National Socialistic Action Forces,0,12th Pass,,,https://www.myneta.info/Delhi2025/candidate.php?candidate_id=571
691,Yatender Sharma,NANGLOI JAT,Azad Adhikar Sena,0,Graduate Professional,"Rs 22,33,000~ 22 Lacs+",Rs 0~,https://www.myneta.info/Delhi2025/candidate.php?candidate_id=702
692,Yogender,KARAWAL NAGAR,Bharatiya Sampuran Krantikari Party,0,Graduate,"Rs 18,05,304~ 18 Lacs+","Rs 2,64,700~ 2 Lacs+",https://www.myneta.info/Delhi2025/candidate.php?candidate_id=517
693,Yogender Singh Alias Yogi Mathur,MUNDKA,Akhil Bharatiya Socialist Party,0,10th Pass,,,https://www.myneta.info/Delhi2025/candidate.php?candidate_id=225
694,Yogesh Kumar,MATIALA,IND,0,10th Pass,Nil,Rs 0~,https://www.myneta.info/Delhi2025/candidate.php?candidate_id=732
695,Yogesh Kumar Sharma,MATIALA,Right to Recall Party,0,10th Pass,"Rs 90,000~ 90 Thou+",Rs 0~,https://www.myneta.info/Delhi2025/candidate.php?candidate_id=35
696,Yogesh Swami,DWARKA,Right to Recall Party,0,Graduate Professional,,,https://www.myneta.info/Delhi2025/candidate.php?candidate_id=14
697,Yogesh Swamy,KARAWAL NAGAR,IND,1,Graduate,"Rs 80,15,500~ 80 Lacs+",Rs 0~,https://www.myneta.info/Delhi2025/candidate.php?candidate_id=46
698,Yogeshwar Singh Bisht,MEHRAULI,BSP,0,10th Pass,"Rs 76,450~ 76 Thou+",Rs 0~,https://www.myneta.info/Delhi2025/candidate.php?candidate_id=294
699,Zainuddin,MATIA MAHAL,IND,0,5th Pass,,,https://www.myneta.info/Delhi2025/candidate.php?candidate_id=744
