video_id,video_name,video_location,playlist_id
1010,1010,/Users/saml16/projects/Elections_info/static/central_elections/lok_sabha_2024/Combined_video/1010.mp4,PLxDNB6KvO9IYOZVXL-yguGPypGRcz1gy9
1011,1011,/Users/saml16/projects/Elections_info/static/central_elections/lok_sabha_2024/Combined_video/1011.mp4,PLxDNB6KvO9IYOZVXL-yguGPypGRcz1gy9
1012,1012,/Users/saml16/projects/Elections_info/static/central_elections/lok_sabha_2024/Combined_video/1012.mp4,PLxDNB6KvO9IYOZVXL-yguGPypGRcz1gy9
1013,1013,/Users/saml16/projects/Elections_info/static/central_elections/lok_sabha_2024/Combined_video/1013.mp4,PLxDNB6KvO9IYOZVXL-yguGPypGRcz1gy9
1014,1014,/Users/saml16/projects/Elections_info/static/central_elections/lok_sabha_2024/Combined_video/1014.mp4,PLxDNB6KvO9IYOZVXL-yguGPypGRcz1gy9
1015,1015,/Users/saml16/projects/Elections_info/static/central_elections/lok_sabha_2024/Combined_video/1015.mp4,PLxDNB6KvO9IYOZVXL-yguGPypGRcz1gy9
1016,1016,/Users/saml16/projects/Elections_info/static/central_elections/lok_sabha_2024/Combined_video/1016.mp4,PLxDNB6KvO9IYOZVXL-yguGPypGRcz1gy9
1017,1017,/Users/saml16/projects/Elections_info/static/central_elections/lok_sabha_2024/Combined_video/1017.mp4,PLxDNB6KvO9IYOZVXL-yguGPypGRcz1gy9
1018,1018,/Users/saml16/projects/Elections_info/static/central_elections/lok_sabha_2024/Combined_video/1018.mp4,PLxDNB6KvO9IYOZVXL-yguGPypGRcz1gy9
102,102,/Users/saml16/projects/Elections_info/static/central_elections/lok_sabha_2024/Combined_video/102.mp4,PLxDNB6KvO9IYOZVXL-yguGPypGRcz1gy9
1021,1021,/Users/saml16/projects/Elections_info/static/central_elections/lok_sabha_2024/Combined_video/1021.mp4,PLxDNB6KvO9IYOZVXL-yguGPypGRcz1gy9
1022,1022,/Users/saml16/projects/Elections_info/static/central_elections/lok_sabha_2024/Combined_video/1022.mp4,PLxDNB6KvO9IYOZVXL-yguGPypGRcz1gy9
1023,1023,/Users/saml16/projects/Elections_info/static/central_elections/lok_sabha_2024/Combined_video/1023.mp4,PLxDNB6KvO9IYOZVXL-yguGPypGRcz1gy9
1024,1024,/Users/saml16/projects/Elections_info/static/central_elections/lok_sabha_2024/Combined_video/1024.mp4,PLxDNB6KvO9IYOZVXL-yguGPypGRcz1gy9
1025,1025,/Users/saml16/projects/Elections_info/static/central_elections/lok_sabha_2024/Combined_video/1025.mp4,PLxDNB6KvO9IYOZVXL-yguGPypGRcz1gy9
1026,1026,/Users/saml16/projects/Elections_info/static/central_elections/lok_sabha_2024/Combined_video/1026.mp4,PLxDNB6KvO9IYOZVXL-yguGPypGRcz1gy9
1027,1027,/Users/saml16/projects/Elections_info/static/central_elections/lok_sabha_2024/Combined_video/1027.mp4,PLxDNB6KvO9IYOZVXL-yguGPypGRcz1gy9
1028,1028,/Users/saml16/projects/Elections_info/static/central_elections/lok_sabha_2024/Combined_video/1028.mp4,PLxDNB6KvO9IYOZVXL-yguGPypGRcz1gy9
1029,1029,/Users/saml16/projects/Elections_info/static/central_elections/lok_sabha_2024/Combined_video/1029.mp4,PLxDNB6KvO9IYOZVXL-yguGPypGRcz1gy9
103,103,/Users/saml16/projects/Elections_info/static/central_elections/lok_sabha_2024/Combined_video/103.mp4,PLxDNB6KvO9IYOZVXL-yguGPypGRcz1gy9
1030,1030,/Users/saml16/projects/Elections_info/static/central_elections/lok_sabha_2024/Combined_video/1030.mp4,PLxDNB6KvO9IYOZVXL-yguGPypGRcz1gy9
1031,1031,/Users/saml16/projects/Elections_info/static/central_elections/lok_sabha_2024/Combined_video/1031.mp4,PLxDNB6KvO9IYOZVXL-yguGPypGRcz1gy9
1032,1032,/Users/saml16/projects/Elections_info/static/central_elections/lok_sabha_2024/Combined_video/1032.mp4,PLxDNB6KvO9IYOZVXL-yguGPypGRcz1gy9
1033,1033,/Users/saml16/projects/Elections_info/static/central_elections/lok_sabha_2024/Combined_video/1033.mp4,PLxDNB6KvO9IYOZVXL-yguGPypGRcz1gy9
1034,1034,/Users/saml16/projects/Elections_info/static/central_elections/lok_sabha_2024/Combined_video/1034.mp4,PLxDNB6KvO9IYOZVXL-yguGPypGRcz1gy9
1035,1035,/Users/saml16/projects/Elections_info/static/central_elections/lok_sabha_2024/Combined_video/1035.mp4,PLxDNB6KvO9IYOZVXL-yguGPypGRcz1gy9
1036,1036,/Users/saml16/projects/Elections_info/static/central_elections/lok_sabha_2024/Combined_video/1036.mp4,PLxDNB6KvO9IYOZVXL-yguGPypGRcz1gy9
1037,1037,/Users/saml16/projects/Elections_info/static/central_elections/lok_sabha_2024/Combined_video/1037.mp4,PLxDNB6KvO9IYOZVXL-yguGPypGRcz1gy9
1038,1038,/Users/saml16/projects/Elections_info/static/central_elections/lok_sabha_2024/Combined_video/1038.mp4,PLxDNB6KvO9IYOZVXL-yguGPypGRcz1gy9
1039,1039,/Users/saml16/projects/Elections_info/static/central_elections/lok_sabha_2024/Combined_video/1039.mp4,PLxDNB6KvO9IYOZVXL-yguGPypGRcz1gy9
104,104,/Users/saml16/projects/Elections_info/static/central_elections/lok_sabha_2024/Combined_video/104.mp4,PLxDNB6KvO9IYOZVXL-yguGPypGRcz1gy9
1040,1040,/Users/saml16/projects/Elections_info/static/central_elections/lok_sabha_2024/Combined_video/1040.mp4,PLxDNB6KvO9IYOZVXL-yguGPypGRcz1gy9
1041,1041,/Users/saml16/projects/Elections_info/static/central_elections/lok_sabha_2024/Combined_video/1041.mp4,PLxDNB6KvO9IYOZVXL-yguGPypGRcz1gy9
1042,1042,/Users/saml16/projects/Elections_info/static/central_elections/lok_sabha_2024/Combined_video/1042.mp4,PLxDNB6KvO9IYOZVXL-yguGPypGRcz1gy9
1043,1043,/Users/saml16/projects/Elections_info/static/central_elections/lok_sabha_2024/Combined_video/1043.mp4,PLxDNB6KvO9IYOZVXL-yguGPypGRcz1gy9
1044,1044,/Users/saml16/projects/Elections_info/static/central_elections/lok_sabha_2024/Combined_video/1044.mp4,PLxDNB6KvO9IYOZVXL-yguGPypGRcz1gy9
1046,1046,/Users/saml16/projects/Elections_info/static/central_elections/lok_sabha_2024/Combined_video/1046.mp4,PLxDNB6KvO9IYOZVXL-yguGPypGRcz1gy9
1047,1047,/Users/saml16/projects/Elections_info/static/central_elections/lok_sabha_2024/Combined_video/1047.mp4,PLxDNB6KvO9IYOZVXL-yguGPypGRcz1gy9
1048,1048,/Users/saml16/projects/Elections_info/static/central_elections/lok_sabha_2024/Combined_video/1048.mp4,PLxDNB6KvO9IYOZVXL-yguGPypGRcz1gy9
1049,1049,/Users/saml16/projects/Elections_info/static/central_elections/lok_sabha_2024/Combined_video/1049.mp4,PLxDNB6KvO9IYOZVXL-yguGPypGRcz1gy9
105,105,/Users/saml16/projects/Elections_info/static/central_elections/lok_sabha_2024/Combined_video/105.mp4,PLxDNB6KvO9IYOZVXL-yguGPypGRcz1gy9
1050,1050,/Users/saml16/projects/Elections_info/static/central_elections/lok_sabha_2024/Combined_video/1050.mp4,PLxDNB6KvO9IYOZVXL-yguGPypGRcz1gy9
1051,1051,/Users/saml16/projects/Elections_info/static/central_elections/lok_sabha_2024/Combined_video/1051.mp4,PLxDNB6KvO9IYOZVXL-yguGPypGRcz1gy9
1052,1052,/Users/saml16/projects/Elections_info/static/central_elections/lok_sabha_2024/Combined_video/1052.mp4,PLxDNB6KvO9IYOZVXL-yguGPypGRcz1gy9
1053,1053,/Users/saml16/projects/Elections_info/static/central_elections/lok_sabha_2024/Combined_video/1053.mp4,PLxDNB6KvO9IYOZVXL-yguGPypGRcz1gy9
1054,1054,/Users/saml16/projects/Elections_info/static/central_elections/lok_sabha_2024/Combined_video/1054.mp4,PLxDNB6KvO9IYOZVXL-yguGPypGRcz1gy9
1055,1055,/Users/saml16/projects/Elections_info/static/central_elections/lok_sabha_2024/Combined_video/1055.mp4,PLxDNB6KvO9IYOZVXL-yguGPypGRcz1gy9
1057,1057,/Users/saml16/projects/Elections_info/static/central_elections/lok_sabha_2024/Combined_video/1057.mp4,PLxDNB6KvO9IYOZVXL-yguGPypGRcz1gy9
1058,1058,/Users/saml16/projects/Elections_info/static/central_elections/lok_sabha_2024/Combined_video/1058.mp4,PLxDNB6KvO9IYOZVXL-yguGPypGRcz1gy9
1059,1059,/Users/saml16/projects/Elections_info/static/central_elections/lok_sabha_2024/Combined_video/1059.mp4,PLxDNB6KvO9IYOZVXL-yguGPypGRcz1gy9
106,106,/Users/saml16/projects/Elections_info/static/central_elections/lok_sabha_2024/Combined_video/106.mp4,PLxDNB6KvO9IYOZVXL-yguGPypGRcz1gy9
1060,1060,/Users/saml16/projects/Elections_info/static/central_elections/lok_sabha_2024/Combined_video/1060.mp4,PLxDNB6KvO9IYOZVXL-yguGPypGRcz1gy9
1061,1061,/Users/saml16/projects/Elections_info/static/central_elections/lok_sabha_2024/Combined_video/1061.mp4,PLxDNB6KvO9IYOZVXL-yguGPypGRcz1gy9
1062,1062,/Users/saml16/projects/Elections_info/static/central_elections/lok_sabha_2024/Combined_video/1062.mp4,PLxDNB6KvO9IYOZVXL-yguGPypGRcz1gy9
1063,1063,/Users/saml16/projects/Elections_info/static/central_elections/lok_sabha_2024/Combined_video/1063.mp4,PLxDNB6KvO9IYOZVXL-yguGPypGRcz1gy9
1064,1064,/Users/saml16/projects/Elections_info/static/central_elections/lok_sabha_2024/Combined_video/1064.mp4,PLxDNB6KvO9IYOZVXL-yguGPypGRcz1gy9
1065,1065,/Users/saml16/projects/Elections_info/static/central_elections/lok_sabha_2024/Combined_video/1065.mp4,PLxDNB6KvO9IYOZVXL-yguGPypGRcz1gy9
1066,1066,/Users/saml16/projects/Elections_info/static/central_elections/lok_sabha_2024/Combined_video/1066.mp4,PLxDNB6KvO9IYOZVXL-yguGPypGRcz1gy9
1067,1067,/Users/saml16/projects/Elections_info/static/central_elections/lok_sabha_2024/Combined_video/1067.mp4,PLxDNB6KvO9IYOZVXL-yguGPypGRcz1gy9
1068,1068,/Users/saml16/projects/Elections_info/static/central_elections/lok_sabha_2024/Combined_video/1068.mp4,PLxDNB6KvO9IYOZVXL-yguGPypGRcz1gy9
1069,1069,/Users/saml16/projects/Elections_info/static/central_elections/lok_sabha_2024/Combined_video/1069.mp4,PLxDNB6KvO9IYOZVXL-yguGPypGRcz1gy9
107,107,/Users/saml16/projects/Elections_info/static/central_elections/lok_sabha_2024/Combined_video/107.mp4,PLxDNB6KvO9IYOZVXL-yguGPypGRcz1gy9
1070,1070,/Users/saml16/projects/Elections_info/static/central_elections/lok_sabha_2024/Combined_video/1070.mp4,PLxDNB6KvO9IYOZVXL-yguGPypGRcz1gy9
1071,1071,/Users/saml16/projects/Elections_info/static/central_elections/lok_sabha_2024/Combined_video/1071.mp4,PLxDNB6KvO9IYOZVXL-yguGPypGRcz1gy9
1072,1072,/Users/saml16/projects/Elections_info/static/central_elections/lok_sabha_2024/Combined_video/1072.mp4,PLxDNB6KvO9IYOZVXL-yguGPypGRcz1gy9
1073,1073,/Users/saml16/projects/Elections_info/static/central_elections/lok_sabha_2024/Combined_video/1073.mp4,PLxDNB6KvO9IYOZVXL-yguGPypGRcz1gy9
1074,1074,/Users/saml16/projects/Elections_info/static/central_elections/lok_sabha_2024/Combined_video/1074.mp4,PLxDNB6KvO9IYOZVXL-yguGPypGRcz1gy9
1075,1075,/Users/saml16/projects/Elections_info/static/central_elections/lok_sabha_2024/Combined_video/1075.mp4,PLxDNB6KvO9IYOZVXL-yguGPypGRcz1gy9
1076,1076,/Users/saml16/projects/Elections_info/static/central_elections/lok_sabha_2024/Combined_video/1076.mp4,PLxDNB6KvO9IYOZVXL-yguGPypGRcz1gy9
1077,1077,/Users/saml16/projects/Elections_info/static/central_elections/lok_sabha_2024/Combined_video/1077.mp4,PLxDNB6KvO9IYOZVXL-yguGPypGRcz1gy9
1078,1078,/Users/saml16/projects/Elections_info/static/central_elections/lok_sabha_2024/Combined_video/1078.mp4,PLxDNB6KvO9IYOZVXL-yguGPypGRcz1gy9
1079,1079,/Users/saml16/projects/Elections_info/static/central_elections/lok_sabha_2024/Combined_video/1079.mp4,PLxDNB6KvO9IYOZVXL-yguGPypGRcz1gy9
108,108,/Users/saml16/projects/Elections_info/static/central_elections/lok_sabha_2024/Combined_video/108.mp4,PLxDNB6KvO9IYOZVXL-yguGPypGRcz1gy9
1080,1080,/Users/saml16/projects/Elections_info/static/central_elections/lok_sabha_2024/Combined_video/1080.mp4,PLxDNB6KvO9IYOZVXL-yguGPypGRcz1gy9
1081,1081,/Users/saml16/projects/Elections_info/static/central_elections/lok_sabha_2024/Combined_video/1081.mp4,PLxDNB6KvO9IYOZVXL-yguGPypGRcz1gy9
1082,1082,/Users/saml16/projects/Elections_info/static/central_elections/lok_sabha_2024/Combined_video/1082.mp4,PLxDNB6KvO9IYOZVXL-yguGPypGRcz1gy9
1083,1083,/Users/saml16/projects/Elections_info/static/central_elections/lok_sabha_2024/Combined_video/1083.mp4,PLxDNB6KvO9IYOZVXL-yguGPypGRcz1gy9
1084,1084,/Users/saml16/projects/Elections_info/static/central_elections/lok_sabha_2024/Combined_video/1084.mp4,PLxDNB6KvO9IYOZVXL-yguGPypGRcz1gy9
1085,1085,/Users/saml16/projects/Elections_info/static/central_elections/lok_sabha_2024/Combined_video/1085.mp4,PLxDNB6KvO9IYOZVXL-yguGPypGRcz1gy9
1086,1086,/Users/saml16/projects/Elections_info/static/central_elections/lok_sabha_2024/Combined_video/1086.mp4,PLxDNB6KvO9IYOZVXL-yguGPypGRcz1gy9
1087,1087,/Users/saml16/projects/Elections_info/static/central_elections/lok_sabha_2024/Combined_video/1087.mp4,PLxDNB6KvO9IYOZVXL-yguGPypGRcz1gy9
1088,1088,/Users/saml16/projects/Elections_info/static/central_elections/lok_sabha_2024/Combined_video/1088.mp4,PLxDNB6KvO9IYOZVXL-yguGPypGRcz1gy9
109,109,/Users/saml16/projects/Elections_info/static/central_elections/lok_sabha_2024/Combined_video/109.mp4,PLxDNB6KvO9IYOZVXL-yguGPypGRcz1gy9
1090,1090,/Users/saml16/projects/Elections_info/static/central_elections/lok_sabha_2024/Combined_video/1090.mp4,PLxDNB6KvO9IYOZVXL-yguGPypGRcz1gy9
1091,1091,/Users/saml16/projects/Elections_info/static/central_elections/lok_sabha_2024/Combined_video/1091.mp4,PLxDNB6KvO9IYOZVXL-yguGPypGRcz1gy9
1092,1092,/Users/saml16/projects/Elections_info/static/central_elections/lok_sabha_2024/Combined_video/1092.mp4,PLxDNB6KvO9IYOZVXL-yguGPypGRcz1gy9
1093,1093,/Users/saml16/projects/Elections_info/static/central_elections/lok_sabha_2024/Combined_video/1093.mp4,PLxDNB6KvO9IYOZVXL-yguGPypGRcz1gy9
1094,1094,/Users/saml16/projects/Elections_info/static/central_elections/lok_sabha_2024/Combined_video/1094.mp4,PLxDNB6KvO9IYOZVXL-yguGPypGRcz1gy9
1095,1095,/Users/saml16/projects/Elections_info/static/central_elections/lok_sabha_2024/Combined_video/1095.mp4,PLxDNB6KvO9IYOZVXL-yguGPypGRcz1gy9
1096,1096,/Users/saml16/projects/Elections_info/static/central_elections/lok_sabha_2024/Combined_video/1096.mp4,PLxDNB6KvO9IYOZVXL-yguGPypGRcz1gy9
1097,1097,/Users/saml16/projects/Elections_info/static/central_elections/lok_sabha_2024/Combined_video/1097.mp4,PLxDNB6KvO9IYOZVXL-yguGPypGRcz1gy9
1098,1098,/Users/saml16/projects/Elections_info/static/central_elections/lok_sabha_2024/Combined_video/1098.mp4,PLxDNB6KvO9IYOZVXL-yguGPypGRcz1gy9
1099,1099,/Users/saml16/projects/Elections_info/static/central_elections/lok_sabha_2024/Combined_video/1099.mp4,PLxDNB6KvO9IYOZVXL-yguGPypGRcz1gy9
11,11,/Users/saml16/projects/Elections_info/static/central_elections/lok_sabha_2024/Combined_video/11.mp4,PLxDNB6KvO9IYOZVXL-yguGPypGRcz1gy9
110,110,/Users/saml16/projects/Elections_info/static/central_elections/lok_sabha_2024/Combined_video/110.mp4,PLxDNB6KvO9IYOZVXL-yguGPypGRcz1gy9
1100,1100,/Users/saml16/projects/Elections_info/static/central_elections/lok_sabha_2024/Combined_video/1100.mp4,PLxDNB6KvO9IYOZVXL-yguGPypGRcz1gy9
1101,1101,/Users/saml16/projects/Elections_info/static/central_elections/lok_sabha_2024/Combined_video/1101.mp4,PLxDNB6KvO9IYOZVXL-yguGPypGRcz1gy9
1102,1102,/Users/saml16/projects/Elections_info/static/central_elections/lok_sabha_2024/Combined_video/1102.mp4,PLxDNB6KvO9IYOZVXL-yguGPypGRcz1gy9
1103,1103,/Users/saml16/projects/Elections_info/static/central_elections/lok_sabha_2024/Combined_video/1103.mp4,PLxDNB6KvO9IYOZVXL-yguGPypGRcz1gy9
1104,1104,/Users/saml16/projects/Elections_info/static/central_elections/lok_sabha_2024/Combined_video/1104.mp4,PLxDNB6KvO9IYOZVXL-yguGPypGRcz1gy9
1105,1105,/Users/saml16/projects/Elections_info/static/central_elections/lok_sabha_2024/Combined_video/1105.mp4,PLxDNB6KvO9IYOZVXL-yguGPypGRcz1gy9
1106,1106,/Users/saml16/projects/Elections_info/static/central_elections/lok_sabha_2024/Combined_video/1106.mp4,PLxDNB6KvO9IYOZVXL-yguGPypGRcz1gy9
1107,1107,/Users/saml16/projects/Elections_info/static/central_elections/lok_sabha_2024/Combined_video/1107.mp4,PLxDNB6KvO9IYOZVXL-yguGPypGRcz1gy9
1108,1108,/Users/saml16/projects/Elections_info/static/central_elections/lok_sabha_2024/Combined_video/1108.mp4,PLxDNB6KvO9IYOZVXL-yguGPypGRcz1gy9
1109,1109,/Users/saml16/projects/Elections_info/static/central_elections/lok_sabha_2024/Combined_video/1109.mp4,PLxDNB6KvO9IYOZVXL-yguGPypGRcz1gy9
111,111,/Users/saml16/projects/Elections_info/static/central_elections/lok_sabha_2024/Combined_video/111.mp4,PLxDNB6KvO9IYOZVXL-yguGPypGRcz1gy9
1110,1110,/Users/saml16/projects/Elections_info/static/central_elections/lok_sabha_2024/Combined_video/1110.mp4,PLxDNB6KvO9IYOZVXL-yguGPypGRcz1gy9
1111,1111,/Users/saml16/projects/Elections_info/static/central_elections/lok_sabha_2024/Combined_video/1111.mp4,PLxDNB6KvO9IYOZVXL-yguGPypGRcz1gy9
1113,1113,/Users/saml16/projects/Elections_info/static/central_elections/lok_sabha_2024/Combined_video/1113.mp4,PLxDNB6KvO9IYOZVXL-yguGPypGRcz1gy9
1114,1114,/Users/saml16/projects/Elections_info/static/central_elections/lok_sabha_2024/Combined_video/1114.mp4,PLxDNB6KvO9IYOZVXL-yguGPypGRcz1gy9
1115,1115,/Users/saml16/projects/Elections_info/static/central_elections/lok_sabha_2024/Combined_video/1115.mp4,PLxDNB6KvO9IYOZVXL-yguGPypGRcz1gy9
1116,1116,/Users/saml16/projects/Elections_info/static/central_elections/lok_sabha_2024/Combined_video/1116.mp4,PLxDNB6KvO9IYOZVXL-yguGPypGRcz1gy9
1117,1117,/Users/saml16/projects/Elections_info/static/central_elections/lok_sabha_2024/Combined_video/1117.mp4,PLxDNB6KvO9IYOZVXL-yguGPypGRcz1gy9
1118,1118,/Users/saml16/projects/Elections_info/static/central_elections/lok_sabha_2024/Combined_video/1118.mp4,PLxDNB6KvO9IYOZVXL-yguGPypGRcz1gy9
1119,1119,/Users/saml16/projects/Elections_info/static/central_elections/lok_sabha_2024/Combined_video/1119.mp4,PLxDNB6KvO9IYOZVXL-yguGPypGRcz1gy9
112,112,/Users/saml16/projects/Elections_info/static/central_elections/lok_sabha_2024/Combined_video/112.mp4,PLxDNB6KvO9IYOZVXL-yguGPypGRcz1gy9
1124,1124,/Users/saml16/projects/Elections_info/static/central_elections/lok_sabha_2024/Combined_video/1124.mp4,PLxDNB6KvO9IYOZVXL-yguGPypGRcz1gy9
1125,1125,/Users/saml16/projects/Elections_info/static/central_elections/lok_sabha_2024/Combined_video/1125.mp4,PLxDNB6KvO9IYOZVXL-yguGPypGRcz1gy9
1126,1126,/Users/saml16/projects/Elections_info/static/central_elections/lok_sabha_2024/Combined_video/1126.mp4,PLxDNB6KvO9IYOZVXL-yguGPypGRcz1gy9
1129,1129,/Users/saml16/projects/Elections_info/static/central_elections/lok_sabha_2024/Combined_video/1129.mp4,PLxDNB6KvO9IYOZVXL-yguGPypGRcz1gy9
113,113,/Users/saml16/projects/Elections_info/static/central_elections/lok_sabha_2024/Combined_video/113.mp4,PLxDNB6KvO9IYOZVXL-yguGPypGRcz1gy9
1130,1130,/Users/saml16/projects/Elections_info/static/central_elections/lok_sabha_2024/Combined_video/1130.mp4,PLxDNB6KvO9IYOZVXL-yguGPypGRcz1gy9
1131,1131,/Users/saml16/projects/Elections_info/static/central_elections/lok_sabha_2024/Combined_video/1131.mp4,PLxDNB6KvO9IYOZVXL-yguGPypGRcz1gy9
1132,1132,/Users/saml16/projects/Elections_info/static/central_elections/lok_sabha_2024/Combined_video/1132.mp4,PLxDNB6KvO9IYOZVXL-yguGPypGRcz1gy9
1133,1133,/Users/saml16/projects/Elections_info/static/central_elections/lok_sabha_2024/Combined_video/1133.mp4,PLxDNB6KvO9IYOZVXL-yguGPypGRcz1gy9
1134,1134,/Users/saml16/projects/Elections_info/static/central_elections/lok_sabha_2024/Combined_video/1134.mp4,PLxDNB6KvO9IYOZVXL-yguGPypGRcz1gy9
1135,1135,/Users/saml16/projects/Elections_info/static/central_elections/lok_sabha_2024/Combined_video/1135.mp4,PLxDNB6KvO9IYOZVXL-yguGPypGRcz1gy9
1136,1136,/Users/saml16/projects/Elections_info/static/central_elections/lok_sabha_2024/Combined_video/1136.mp4,PLxDNB6KvO9IYOZVXL-yguGPypGRcz1gy9
1137,1137,/Users/saml16/projects/Elections_info/static/central_elections/lok_sabha_2024/Combined_video/1137.mp4,PLxDNB6KvO9IYOZVXL-yguGPypGRcz1gy9
1138,1138,/Users/saml16/projects/Elections_info/static/central_elections/lok_sabha_2024/Combined_video/1138.mp4,PLxDNB6KvO9IYOZVXL-yguGPypGRcz1gy9
114,114,/Users/saml16/projects/Elections_info/static/central_elections/lok_sabha_2024/Combined_video/114.mp4,PLxDNB6KvO9IYOZVXL-yguGPypGRcz1gy9
1143,1143,/Users/saml16/projects/Elections_info/static/central_elections/lok_sabha_2024/Combined_video/1143.mp4,PLxDNB6KvO9IYOZVXL-yguGPypGRcz1gy9
1144,1144,/Users/saml16/projects/Elections_info/static/central_elections/lok_sabha_2024/Combined_video/1144.mp4,PLxDNB6KvO9IYOZVXL-yguGPypGRcz1gy9
1145,1145,/Users/saml16/projects/Elections_info/static/central_elections/lok_sabha_2024/Combined_video/1145.mp4,PLxDNB6KvO9IYOZVXL-yguGPypGRcz1gy9
1146,1146,/Users/saml16/projects/Elections_info/static/central_elections/lok_sabha_2024/Combined_video/1146.mp4,PLxDNB6KvO9IYOZVXL-yguGPypGRcz1gy9
1147,1147,/Users/saml16/projects/Elections_info/static/central_elections/lok_sabha_2024/Combined_video/1147.mp4,PLxDNB6KvO9IYOZVXL-yguGPypGRcz1gy9
1148,1148,/Users/saml16/projects/Elections_info/static/central_elections/lok_sabha_2024/Combined_video/1148.mp4,PLxDNB6KvO9IYOZVXL-yguGPypGRcz1gy9
1149,1149,/Users/saml16/projects/Elections_info/static/central_elections/lok_sabha_2024/Combined_video/1149.mp4,PLxDNB6KvO9IYOZVXL-yguGPypGRcz1gy9
115,115,/Users/saml16/projects/Elections_info/static/central_elections/lok_sabha_2024/Combined_video/115.mp4,PLxDNB6KvO9IYOZVXL-yguGPypGRcz1gy9
1150,1150,/Users/saml16/projects/Elections_info/static/central_elections/lok_sabha_2024/Combined_video/1150.mp4,PLxDNB6KvO9IYOZVXL-yguGPypGRcz1gy9
1151,1151,/Users/saml16/projects/Elections_info/static/central_elections/lok_sabha_2024/Combined_video/1151.mp4,PLxDNB6KvO9IYOZVXL-yguGPypGRcz1gy9
1152,1152,/Users/saml16/projects/Elections_info/static/central_elections/lok_sabha_2024/Combined_video/1152.mp4,PLxDNB6KvO9IYOZVXL-yguGPypGRcz1gy9
1153,1153,/Users/saml16/projects/Elections_info/static/central_elections/lok_sabha_2024/Combined_video/1153.mp4,PLxDNB6KvO9IYOZVXL-yguGPypGRcz1gy9
1154,1154,/Users/saml16/projects/Elections_info/static/central_elections/lok_sabha_2024/Combined_video/1154.mp4,PLxDNB6KvO9IYOZVXL-yguGPypGRcz1gy9
1155,1155,/Users/saml16/projects/Elections_info/static/central_elections/lok_sabha_2024/Combined_video/1155.mp4,PLxDNB6KvO9IYOZVXL-yguGPypGRcz1gy9
1156,1156,/Users/saml16/projects/Elections_info/static/central_elections/lok_sabha_2024/Combined_video/1156.mp4,PLxDNB6KvO9IYOZVXL-yguGPypGRcz1gy9
1157,1157,/Users/saml16/projects/Elections_info/static/central_elections/lok_sabha_2024/Combined_video/1157.mp4,PLxDNB6KvO9IYOZVXL-yguGPypGRcz1gy9
1158,1158,/Users/saml16/projects/Elections_info/static/central_elections/lok_sabha_2024/Combined_video/1158.mp4,PLxDNB6KvO9IYOZVXL-yguGPypGRcz1gy9
1159,1159,/Users/saml16/projects/Elections_info/static/central_elections/lok_sabha_2024/Combined_video/1159.mp4,PLxDNB6KvO9IYOZVXL-yguGPypGRcz1gy9
116,116,/Users/saml16/projects/Elections_info/static/central_elections/lok_sabha_2024/Combined_video/116.mp4,PLxDNB6KvO9IYOZVXL-yguGPypGRcz1gy9
1160,1160,/Users/saml16/projects/Elections_info/static/central_elections/lok_sabha_2024/Combined_video/1160.mp4,PLxDNB6KvO9IYOZVXL-yguGPypGRcz1gy9
1161,1161,/Users/saml16/projects/Elections_info/static/central_elections/lok_sabha_2024/Combined_video/1161.mp4,PLxDNB6KvO9IYOZVXL-yguGPypGRcz1gy9
1162,1162,/Users/saml16/projects/Elections_info/static/central_elections/lok_sabha_2024/Combined_video/1162.mp4,PLxDNB6KvO9IYOZVXL-yguGPypGRcz1gy9
1163,1163,/Users/saml16/projects/Elections_info/static/central_elections/lok_sabha_2024/Combined_video/1163.mp4,PLxDNB6KvO9IYOZVXL-yguGPypGRcz1gy9
1164,1164,/Users/saml16/projects/Elections_info/static/central_elections/lok_sabha_2024/Combined_video/1164.mp4,PLxDNB6KvO9IYOZVXL-yguGPypGRcz1gy9
1165,1165,/Users/saml16/projects/Elections_info/static/central_elections/lok_sabha_2024/Combined_video/1165.mp4,PLxDNB6KvO9IYOZVXL-yguGPypGRcz1gy9
1166,1166,/Users/saml16/projects/Elections_info/static/central_elections/lok_sabha_2024/Combined_video/1166.mp4,PLxDNB6KvO9IYOZVXL-yguGPypGRcz1gy9
1167,1167,/Users/saml16/projects/Elections_info/static/central_elections/lok_sabha_2024/Combined_video/1167.mp4,PLxDNB6KvO9IYOZVXL-yguGPypGRcz1gy9
1168,1168,/Users/saml16/projects/Elections_info/static/central_elections/lok_sabha_2024/Combined_video/1168.mp4,PLxDNB6KvO9IYOZVXL-yguGPypGRcz1gy9
1169,1169,/Users/saml16/projects/Elections_info/static/central_elections/lok_sabha_2024/Combined_video/1169.mp4,PLxDNB6KvO9IYOZVXL-yguGPypGRcz1gy9
117,117,/Users/saml16/projects/Elections_info/static/central_elections/lok_sabha_2024/Combined_video/117.mp4,PLxDNB6KvO9IYOZVXL-yguGPypGRcz1gy9
1170,1170,/Users/saml16/projects/Elections_info/static/central_elections/lok_sabha_2024/Combined_video/1170.mp4,PLxDNB6KvO9IYOZVXL-yguGPypGRcz1gy9
1171,1171,/Users/saml16/projects/Elections_info/static/central_elections/lok_sabha_2024/Combined_video/1171.mp4,PLxDNB6KvO9IYOZVXL-yguGPypGRcz1gy9
1172,1172,/Users/saml16/projects/Elections_info/static/central_elections/lok_sabha_2024/Combined_video/1172.mp4,PLxDNB6KvO9IYOZVXL-yguGPypGRcz1gy9
1173,1173,/Users/saml16/projects/Elections_info/static/central_elections/lok_sabha_2024/Combined_video/1173.mp4,PLxDNB6KvO9IYOZVXL-yguGPypGRcz1gy9
1174,1174,/Users/saml16/projects/Elections_info/static/central_elections/lok_sabha_2024/Combined_video/1174.mp4,PLxDNB6KvO9IYOZVXL-yguGPypGRcz1gy9
1175,1175,/Users/saml16/projects/Elections_info/static/central_elections/lok_sabha_2024/Combined_video/1175.mp4,PLxDNB6KvO9IYOZVXL-yguGPypGRcz1gy9
1176,1176,/Users/saml16/projects/Elections_info/static/central_elections/lok_sabha_2024/Combined_video/1176.mp4,PLxDNB6KvO9IYOZVXL-yguGPypGRcz1gy9
1177,1177,/Users/saml16/projects/Elections_info/static/central_elections/lok_sabha_2024/Combined_video/1177.mp4,PLxDNB6KvO9IYOZVXL-yguGPypGRcz1gy9
1178,1178,/Users/saml16/projects/Elections_info/static/central_elections/lok_sabha_2024/Combined_video/1178.mp4,PLxDNB6KvO9IYOZVXL-yguGPypGRcz1gy9
1179,1179,/Users/saml16/projects/Elections_info/static/central_elections/lok_sabha_2024/Combined_video/1179.mp4,PLxDNB6KvO9IYOZVXL-yguGPypGRcz1gy9
118,118,/Users/saml16/projects/Elections_info/static/central_elections/lok_sabha_2024/Combined_video/118.mp4,PLxDNB6KvO9IYOZVXL-yguGPypGRcz1gy9
1180,1180,/Users/saml16/projects/Elections_info/static/central_elections/lok_sabha_2024/Combined_video/1180.mp4,PLxDNB6KvO9IYOZVXL-yguGPypGRcz1gy9
1181,1181,/Users/saml16/projects/Elections_info/static/central_elections/lok_sabha_2024/Combined_video/1181.mp4,PLxDNB6KvO9IYOZVXL-yguGPypGRcz1gy9
1182,1182,/Users/saml16/projects/Elections_info/static/central_elections/lok_sabha_2024/Combined_video/1182.mp4,PLxDNB6KvO9IYOZVXL-yguGPypGRcz1gy9
1183,1183,/Users/saml16/projects/Elections_info/static/central_elections/lok_sabha_2024/Combined_video/1183.mp4,PLxDNB6KvO9IYOZVXL-yguGPypGRcz1gy9
1184,1184,/Users/saml16/projects/Elections_info/static/central_elections/lok_sabha_2024/Combined_video/1184.mp4,PLxDNB6KvO9IYOZVXL-yguGPypGRcz1gy9
1185,1185,/Users/saml16/projects/Elections_info/static/central_elections/lok_sabha_2024/Combined_video/1185.mp4,PLxDNB6KvO9IYOZVXL-yguGPypGRcz1gy9
1186,1186,/Users/saml16/projects/Elections_info/static/central_elections/lok_sabha_2024/Combined_video/1186.mp4,PLxDNB6KvO9IYOZVXL-yguGPypGRcz1gy9
1187,1187,/Users/saml16/projects/Elections_info/static/central_elections/lok_sabha_2024/Combined_video/1187.mp4,PLxDNB6KvO9IYOZVXL-yguGPypGRcz1gy9
1188,1188,/Users/saml16/projects/Elections_info/static/central_elections/lok_sabha_2024/Combined_video/1188.mp4,PLxDNB6KvO9IYOZVXL-yguGPypGRcz1gy9
1189,1189,/Users/saml16/projects/Elections_info/static/central_elections/lok_sabha_2024/Combined_video/1189.mp4,PLxDNB6KvO9IYOZVXL-yguGPypGRcz1gy9
119,119,/Users/saml16/projects/Elections_info/static/central_elections/lok_sabha_2024/Combined_video/119.mp4,PLxDNB6KvO9IYOZVXL-yguGPypGRcz1gy9
1190,1190,/Users/saml16/projects/Elections_info/static/central_elections/lok_sabha_2024/Combined_video/1190.mp4,PLxDNB6KvO9IYOZVXL-yguGPypGRcz1gy9
1191,1191,/Users/saml16/projects/Elections_info/static/central_elections/lok_sabha_2024/Combined_video/1191.mp4,PLxDNB6KvO9IYOZVXL-yguGPypGRcz1gy9
1192,1192,/Users/saml16/projects/Elections_info/static/central_elections/lok_sabha_2024/Combined_video/1192.mp4,PLxDNB6KvO9IYOZVXL-yguGPypGRcz1gy9
1193,1193,/Users/saml16/projects/Elections_info/static/central_elections/lok_sabha_2024/Combined_video/1193.mp4,PLxDNB6KvO9IYOZVXL-yguGPypGRcz1gy9
1194,1194,/Users/saml16/projects/Elections_info/static/central_elections/lok_sabha_2024/Combined_video/1194.mp4,PLxDNB6KvO9IYOZVXL-yguGPypGRcz1gy9
1195,1195,/Users/saml16/projects/Elections_info/static/central_elections/lok_sabha_2024/Combined_video/1195.mp4,PLxDNB6KvO9IYOZVXL-yguGPypGRcz1gy9
1197,1197,/Users/saml16/projects/Elections_info/static/central_elections/lok_sabha_2024/Combined_video/1197.mp4,PLxDNB6KvO9IYOZVXL-yguGPypGRcz1gy9
1198,1198,/Users/saml16/projects/Elections_info/static/central_elections/lok_sabha_2024/Combined_video/1198.mp4,PLxDNB6KvO9IYOZVXL-yguGPypGRcz1gy9
12,12,/Users/saml16/projects/Elections_info/static/central_elections/lok_sabha_2024/Combined_video/12.mp4,PLxDNB6KvO9IYOZVXL-yguGPypGRcz1gy9
120,120,/Users/saml16/projects/Elections_info/static/central_elections/lok_sabha_2024/Combined_video/120.mp4,PLxDNB6KvO9IYOZVXL-yguGPypGRcz1gy9
1200,1200,/Users/saml16/projects/Elections_info/static/central_elections/lok_sabha_2024/Combined_video/1200.mp4,PLxDNB6KvO9IYOZVXL-yguGPypGRcz1gy9
1202,1202,/Users/saml16/projects/Elections_info/static/central_elections/lok_sabha_2024/Combined_video/1202.mp4,PLxDNB6KvO9IYOZVXL-yguGPypGRcz1gy9
1203,1203,/Users/saml16/projects/Elections_info/static/central_elections/lok_sabha_2024/Combined_video/1203.mp4,PLxDNB6KvO9IYOZVXL-yguGPypGRcz1gy9
1204,1204,/Users/saml16/projects/Elections_info/static/central_elections/lok_sabha_2024/Combined_video/1204.mp4,PLxDNB6KvO9IYOZVXL-yguGPypGRcz1gy9
1205,1205,/Users/saml16/projects/Elections_info/static/central_elections/lok_sabha_2024/Combined_video/1205.mp4,PLxDNB6KvO9IYOZVXL-yguGPypGRcz1gy9
1206,1206,/Users/saml16/projects/Elections_info/static/central_elections/lok_sabha_2024/Combined_video/1206.mp4,PLxDNB6KvO9IYOZVXL-yguGPypGRcz1gy9
1207,1207,/Users/saml16/projects/Elections_info/static/central_elections/lok_sabha_2024/Combined_video/1207.mp4,PLxDNB6KvO9IYOZVXL-yguGPypGRcz1gy9
1208,1208,/Users/saml16/projects/Elections_info/static/central_elections/lok_sabha_2024/Combined_video/1208.mp4,PLxDNB6KvO9IYOZVXL-yguGPypGRcz1gy9
1209,1209,/Users/saml16/projects/Elections_info/static/central_elections/lok_sabha_2024/Combined_video/1209.mp4,PLxDNB6KvO9IYOZVXL-yguGPypGRcz1gy9
121,121,/Users/saml16/projects/Elections_info/static/central_elections/lok_sabha_2024/Combined_video/121.mp4,PLxDNB6KvO9IYOZVXL-yguGPypGRcz1gy9
1210,1210,/Users/saml16/projects/Elections_info/static/central_elections/lok_sabha_2024/Combined_video/1210.mp4,PLxDNB6KvO9IYOZVXL-yguGPypGRcz1gy9
1211,1211,/Users/saml16/projects/Elections_info/static/central_elections/lok_sabha_2024/Combined_video/1211.mp4,PLxDNB6KvO9IYOZVXL-yguGPypGRcz1gy9
1212,1212,/Users/saml16/projects/Elections_info/static/central_elections/lok_sabha_2024/Combined_video/1212.mp4,PLxDNB6KvO9IYOZVXL-yguGPypGRcz1gy9
1213,1213,/Users/saml16/projects/Elections_info/static/central_elections/lok_sabha_2024/Combined_video/1213.mp4,PLxDNB6KvO9IYOZVXL-yguGPypGRcz1gy9
1214,1214,/Users/saml16/projects/Elections_info/static/central_elections/lok_sabha_2024/Combined_video/1214.mp4,PLxDNB6KvO9IYOZVXL-yguGPypGRcz1gy9
1215,1215,/Users/saml16/projects/Elections_info/static/central_elections/lok_sabha_2024/Combined_video/1215.mp4,PLxDNB6KvO9IYOZVXL-yguGPypGRcz1gy9
1216,1216,/Users/saml16/projects/Elections_info/static/central_elections/lok_sabha_2024/Combined_video/1216.mp4,PLxDNB6KvO9IYOZVXL-yguGPypGRcz1gy9
1217,1217,/Users/saml16/projects/Elections_info/static/central_elections/lok_sabha_2024/Combined_video/1217.mp4,PLxDNB6KvO9IYOZVXL-yguGPypGRcz1gy9
1218,1218,/Users/saml16/projects/Elections_info/static/central_elections/lok_sabha_2024/Combined_video/1218.mp4,PLxDNB6KvO9IYOZVXL-yguGPypGRcz1gy9
1219,1219,/Users/saml16/projects/Elections_info/static/central_elections/lok_sabha_2024/Combined_video/1219.mp4,PLxDNB6KvO9IYOZVXL-yguGPypGRcz1gy9
122,122,/Users/saml16/projects/Elections_info/static/central_elections/lok_sabha_2024/Combined_video/122.mp4,PLxDNB6KvO9IYOZVXL-yguGPypGRcz1gy9
1220,1220,/Users/saml16/projects/Elections_info/static/central_elections/lok_sabha_2024/Combined_video/1220.mp4,PLxDNB6KvO9IYOZVXL-yguGPypGRcz1gy9
1221,1221,/Users/saml16/projects/Elections_info/static/central_elections/lok_sabha_2024/Combined_video/1221.mp4,PLxDNB6KvO9IYOZVXL-yguGPypGRcz1gy9
1222,1222,/Users/saml16/projects/Elections_info/static/central_elections/lok_sabha_2024/Combined_video/1222.mp4,PLxDNB6KvO9IYOZVXL-yguGPypGRcz1gy9
1223,1223,/Users/saml16/projects/Elections_info/static/central_elections/lok_sabha_2024/Combined_video/1223.mp4,PLxDNB6KvO9IYOZVXL-yguGPypGRcz1gy9
1224,1224,/Users/saml16/projects/Elections_info/static/central_elections/lok_sabha_2024/Combined_video/1224.mp4,PLxDNB6KvO9IYOZVXL-yguGPypGRcz1gy9
1225,1225,/Users/saml16/projects/Elections_info/static/central_elections/lok_sabha_2024/Combined_video/1225.mp4,PLxDNB6KvO9IYOZVXL-yguGPypGRcz1gy9
1226,1226,/Users/saml16/projects/Elections_info/static/central_elections/lok_sabha_2024/Combined_video/1226.mp4,PLxDNB6KvO9IYOZVXL-yguGPypGRcz1gy9
1227,1227,/Users/saml16/projects/Elections_info/static/central_elections/lok_sabha_2024/Combined_video/1227.mp4,PLxDNB6KvO9IYOZVXL-yguGPypGRcz1gy9
1229,1229,/Users/saml16/projects/Elections_info/static/central_elections/lok_sabha_2024/Combined_video/1229.mp4,PLxDNB6KvO9IYOZVXL-yguGPypGRcz1gy9
123,123,/Users/saml16/projects/Elections_info/static/central_elections/lok_sabha_2024/Combined_video/123.mp4,PLxDNB6KvO9IYOZVXL-yguGPypGRcz1gy9
1230,1230,/Users/saml16/projects/Elections_info/static/central_elections/lok_sabha_2024/Combined_video/1230.mp4,PLxDNB6KvO9IYOZVXL-yguGPypGRcz1gy9
1231,1231,/Users/saml16/projects/Elections_info/static/central_elections/lok_sabha_2024/Combined_video/1231.mp4,PLxDNB6KvO9IYOZVXL-yguGPypGRcz1gy9
1232,1232,/Users/saml16/projects/Elections_info/static/central_elections/lok_sabha_2024/Combined_video/1232.mp4,PLxDNB6KvO9IYOZVXL-yguGPypGRcz1gy9
1233,1233,/Users/saml16/projects/Elections_info/static/central_elections/lok_sabha_2024/Combined_video/1233.mp4,PLxDNB6KvO9IYOZVXL-yguGPypGRcz1gy9
1234,1234,/Users/saml16/projects/Elections_info/static/central_elections/lok_sabha_2024/Combined_video/1234.mp4,PLxDNB6KvO9IYOZVXL-yguGPypGRcz1gy9
1235,1235,/Users/saml16/projects/Elections_info/static/central_elections/lok_sabha_2024/Combined_video/1235.mp4,PLxDNB6KvO9IYOZVXL-yguGPypGRcz1gy9
1236,1236,/Users/saml16/projects/Elections_info/static/central_elections/lok_sabha_2024/Combined_video/1236.mp4,PLxDNB6KvO9IYOZVXL-yguGPypGRcz1gy9
1237,1237,/Users/saml16/projects/Elections_info/static/central_elections/lok_sabha_2024/Combined_video/1237.mp4,PLxDNB6KvO9IYOZVXL-yguGPypGRcz1gy9
1238,1238,/Users/saml16/projects/Elections_info/static/central_elections/lok_sabha_2024/Combined_video/1238.mp4,PLxDNB6KvO9IYOZVXL-yguGPypGRcz1gy9
1239,1239,/Users/saml16/projects/Elections_info/static/central_elections/lok_sabha_2024/Combined_video/1239.mp4,PLxDNB6KvO9IYOZVXL-yguGPypGRcz1gy9
124,124,/Users/saml16/projects/Elections_info/static/central_elections/lok_sabha_2024/Combined_video/124.mp4,PLxDNB6KvO9IYOZVXL-yguGPypGRcz1gy9
1240,1240,/Users/saml16/projects/Elections_info/static/central_elections/lok_sabha_2024/Combined_video/1240.mp4,PLxDNB6KvO9IYOZVXL-yguGPypGRcz1gy9
1241,1241,/Users/saml16/projects/Elections_info/static/central_elections/lok_sabha_2024/Combined_video/1241.mp4,PLxDNB6KvO9IYOZVXL-yguGPypGRcz1gy9
1242,1242,/Users/saml16/projects/Elections_info/static/central_elections/lok_sabha_2024/Combined_video/1242.mp4,PLxDNB6KvO9IYOZVXL-yguGPypGRcz1gy9
1243,1243,/Users/saml16/projects/Elections_info/static/central_elections/lok_sabha_2024/Combined_video/1243.mp4,PLxDNB6KvO9IYOZVXL-yguGPypGRcz1gy9
1244,1244,/Users/saml16/projects/Elections_info/static/central_elections/lok_sabha_2024/Combined_video/1244.mp4,PLxDNB6KvO9IYOZVXL-yguGPypGRcz1gy9
1245,1245,/Users/saml16/projects/Elections_info/static/central_elections/lok_sabha_2024/Combined_video/1245.mp4,PLxDNB6KvO9IYOZVXL-yguGPypGRcz1gy9
1246,1246,/Users/saml16/projects/Elections_info/static/central_elections/lok_sabha_2024/Combined_video/1246.mp4,PLxDNB6KvO9IYOZVXL-yguGPypGRcz1gy9
1247,1247,/Users/saml16/projects/Elections_info/static/central_elections/lok_sabha_2024/Combined_video/1247.mp4,PLxDNB6KvO9IYOZVXL-yguGPypGRcz1gy9
1248,1248,/Users/saml16/projects/Elections_info/static/central_elections/lok_sabha_2024/Combined_video/1248.mp4,PLxDNB6KvO9IYOZVXL-yguGPypGRcz1gy9
1249,1249,/Users/saml16/projects/Elections_info/static/central_elections/lok_sabha_2024/Combined_video/1249.mp4,PLxDNB6KvO9IYOZVXL-yguGPypGRcz1gy9
125,125,/Users/saml16/projects/Elections_info/static/central_elections/lok_sabha_2024/Combined_video/125.mp4,PLxDNB6KvO9IYOZVXL-yguGPypGRcz1gy9
1250,1250,/Users/saml16/projects/Elections_info/static/central_elections/lok_sabha_2024/Combined_video/1250.mp4,PLxDNB6KvO9IYOZVXL-yguGPypGRcz1gy9
1251,1251,/Users/saml16/projects/Elections_info/static/central_elections/lok_sabha_2024/Combined_video/1251.mp4,PLxDNB6KvO9IYOZVXL-yguGPypGRcz1gy9
1252,1252,/Users/saml16/projects/Elections_info/static/central_elections/lok_sabha_2024/Combined_video/1252.mp4,PLxDNB6KvO9IYOZVXL-yguGPypGRcz1gy9
1253,1253,/Users/saml16/projects/Elections_info/static/central_elections/lok_sabha_2024/Combined_video/1253.mp4,PLxDNB6KvO9IYOZVXL-yguGPypGRcz1gy9
1254,1254,/Users/saml16/projects/Elections_info/static/central_elections/lok_sabha_2024/Combined_video/1254.mp4,PLxDNB6KvO9IYOZVXL-yguGPypGRcz1gy9
1255,1255,/Users/saml16/projects/Elections_info/static/central_elections/lok_sabha_2024/Combined_video/1255.mp4,PLxDNB6KvO9IYOZVXL-yguGPypGRcz1gy9
1256,1256,/Users/saml16/projects/Elections_info/static/central_elections/lok_sabha_2024/Combined_video/1256.mp4,PLxDNB6KvO9IYOZVXL-yguGPypGRcz1gy9
1257,1257,/Users/saml16/projects/Elections_info/static/central_elections/lok_sabha_2024/Combined_video/1257.mp4,PLxDNB6KvO9IYOZVXL-yguGPypGRcz1gy9
1258,1258,/Users/saml16/projects/Elections_info/static/central_elections/lok_sabha_2024/Combined_video/1258.mp4,PLxDNB6KvO9IYOZVXL-yguGPypGRcz1gy9
1259,1259,/Users/saml16/projects/Elections_info/static/central_elections/lok_sabha_2024/Combined_video/1259.mp4,PLxDNB6KvO9IYOZVXL-yguGPypGRcz1gy9
126,126,/Users/saml16/projects/Elections_info/static/central_elections/lok_sabha_2024/Combined_video/126.mp4,PLxDNB6KvO9IYOZVXL-yguGPypGRcz1gy9
1260,1260,/Users/saml16/projects/Elections_info/static/central_elections/lok_sabha_2024/Combined_video/1260.mp4,PLxDNB6KvO9IYOZVXL-yguGPypGRcz1gy9
1261,1261,/Users/saml16/projects/Elections_info/static/central_elections/lok_sabha_2024/Combined_video/1261.mp4,PLxDNB6KvO9IYOZVXL-yguGPypGRcz1gy9
1263,1263,/Users/saml16/projects/Elections_info/static/central_elections/lok_sabha_2024/Combined_video/1263.mp4,PLxDNB6KvO9IYOZVXL-yguGPypGRcz1gy9
1264,1264,/Users/saml16/projects/Elections_info/static/central_elections/lok_sabha_2024/Combined_video/1264.mp4,PLxDNB6KvO9IYOZVXL-yguGPypGRcz1gy9
1265,1265,/Users/saml16/projects/Elections_info/static/central_elections/lok_sabha_2024/Combined_video/1265.mp4,PLxDNB6KvO9IYOZVXL-yguGPypGRcz1gy9
1266,1266,/Users/saml16/projects/Elections_info/static/central_elections/lok_sabha_2024/Combined_video/1266.mp4,PLxDNB6KvO9IYOZVXL-yguGPypGRcz1gy9
1268,1268,/Users/saml16/projects/Elections_info/static/central_elections/lok_sabha_2024/Combined_video/1268.mp4,PLxDNB6KvO9IYOZVXL-yguGPypGRcz1gy9
1269,1269,/Users/saml16/projects/Elections_info/static/central_elections/lok_sabha_2024/Combined_video/1269.mp4,PLxDNB6KvO9IYOZVXL-yguGPypGRcz1gy9
127,127,/Users/saml16/projects/Elections_info/static/central_elections/lok_sabha_2024/Combined_video/127.mp4,PLxDNB6KvO9IYOZVXL-yguGPypGRcz1gy9
1270,1270,/Users/saml16/projects/Elections_info/static/central_elections/lok_sabha_2024/Combined_video/1270.mp4,PLxDNB6KvO9IYOZVXL-yguGPypGRcz1gy9
1271,1271,/Users/saml16/projects/Elections_info/static/central_elections/lok_sabha_2024/Combined_video/1271.mp4,PLxDNB6KvO9IYOZVXL-yguGPypGRcz1gy9
1272,1272,/Users/saml16/projects/Elections_info/static/central_elections/lok_sabha_2024/Combined_video/1272.mp4,PLxDNB6KvO9IYOZVXL-yguGPypGRcz1gy9
1273,1273,/Users/saml16/projects/Elections_info/static/central_elections/lok_sabha_2024/Combined_video/1273.mp4,PLxDNB6KvO9IYOZVXL-yguGPypGRcz1gy9
1274,1274,/Users/saml16/projects/Elections_info/static/central_elections/lok_sabha_2024/Combined_video/1274.mp4,PLxDNB6KvO9IYOZVXL-yguGPypGRcz1gy9
1275,1275,/Users/saml16/projects/Elections_info/static/central_elections/lok_sabha_2024/Combined_video/1275.mp4,PLxDNB6KvO9IYOZVXL-yguGPypGRcz1gy9
1276,1276,/Users/saml16/projects/Elections_info/static/central_elections/lok_sabha_2024/Combined_video/1276.mp4,PLxDNB6KvO9IYOZVXL-yguGPypGRcz1gy9
1277,1277,/Users/saml16/projects/Elections_info/static/central_elections/lok_sabha_2024/Combined_video/1277.mp4,PLxDNB6KvO9IYOZVXL-yguGPypGRcz1gy9
1278,1278,/Users/saml16/projects/Elections_info/static/central_elections/lok_sabha_2024/Combined_video/1278.mp4,PLxDNB6KvO9IYOZVXL-yguGPypGRcz1gy9
1279,1279,/Users/saml16/projects/Elections_info/static/central_elections/lok_sabha_2024/Combined_video/1279.mp4,PLxDNB6KvO9IYOZVXL-yguGPypGRcz1gy9
128,128,/Users/saml16/projects/Elections_info/static/central_elections/lok_sabha_2024/Combined_video/128.mp4,PLxDNB6KvO9IYOZVXL-yguGPypGRcz1gy9
1280,1280,/Users/saml16/projects/Elections_info/static/central_elections/lok_sabha_2024/Combined_video/1280.mp4,PLxDNB6KvO9IYOZVXL-yguGPypGRcz1gy9
1281,1281,/Users/saml16/projects/Elections_info/static/central_elections/lok_sabha_2024/Combined_video/1281.mp4,PLxDNB6KvO9IYOZVXL-yguGPypGRcz1gy9
1282,1282,/Users/saml16/projects/Elections_info/static/central_elections/lok_sabha_2024/Combined_video/1282.mp4,PLxDNB6KvO9IYOZVXL-yguGPypGRcz1gy9
1283,1283,/Users/saml16/projects/Elections_info/static/central_elections/lok_sabha_2024/Combined_video/1283.mp4,PLxDNB6KvO9IYOZVXL-yguGPypGRcz1gy9
1284,1284,/Users/saml16/projects/Elections_info/static/central_elections/lok_sabha_2024/Combined_video/1284.mp4,PLxDNB6KvO9IYOZVXL-yguGPypGRcz1gy9
1285,1285,/Users/saml16/projects/Elections_info/static/central_elections/lok_sabha_2024/Combined_video/1285.mp4,PLxDNB6KvO9IYOZVXL-yguGPypGRcz1gy9
1286,1286,/Users/saml16/projects/Elections_info/static/central_elections/lok_sabha_2024/Combined_video/1286.mp4,PLxDNB6KvO9IYOZVXL-yguGPypGRcz1gy9
1287,1287,/Users/saml16/projects/Elections_info/static/central_elections/lok_sabha_2024/Combined_video/1287.mp4,PLxDNB6KvO9IYOZVXL-yguGPypGRcz1gy9
1288,1288,/Users/saml16/projects/Elections_info/static/central_elections/lok_sabha_2024/Combined_video/1288.mp4,PLxDNB6KvO9IYOZVXL-yguGPypGRcz1gy9
1289,1289,/Users/saml16/projects/Elections_info/static/central_elections/lok_sabha_2024/Combined_video/1289.mp4,PLxDNB6KvO9IYOZVXL-yguGPypGRcz1gy9
129,129,/Users/saml16/projects/Elections_info/static/central_elections/lok_sabha_2024/Combined_video/129.mp4,PLxDNB6KvO9IYOZVXL-yguGPypGRcz1gy9
1291,1291,/Users/saml16/projects/Elections_info/static/central_elections/lok_sabha_2024/Combined_video/1291.mp4,PLxDNB6KvO9IYOZVXL-yguGPypGRcz1gy9
1292,1292,/Users/saml16/projects/Elections_info/static/central_elections/lok_sabha_2024/Combined_video/1292.mp4,PLxDNB6KvO9IYOZVXL-yguGPypGRcz1gy9
1294,1294,/Users/saml16/projects/Elections_info/static/central_elections/lok_sabha_2024/Combined_video/1294.mp4,PLxDNB6KvO9IYOZVXL-yguGPypGRcz1gy9
1295,1295,/Users/saml16/projects/Elections_info/static/central_elections/lok_sabha_2024/Combined_video/1295.mp4,PLxDNB6KvO9IYOZVXL-yguGPypGRcz1gy9
1296,1296,/Users/saml16/projects/Elections_info/static/central_elections/lok_sabha_2024/Combined_video/1296.mp4,PLxDNB6KvO9IYOZVXL-yguGPypGRcz1gy9
1297,1297,/Users/saml16/projects/Elections_info/static/central_elections/lok_sabha_2024/Combined_video/1297.mp4,PLxDNB6KvO9IYOZVXL-yguGPypGRcz1gy9
1298,1298,/Users/saml16/projects/Elections_info/static/central_elections/lok_sabha_2024/Combined_video/1298.mp4,PLxDNB6KvO9IYOZVXL-yguGPypGRcz1gy9
1299,1299,/Users/saml16/projects/Elections_info/static/central_elections/lok_sabha_2024/Combined_video/1299.mp4,PLxDNB6KvO9IYOZVXL-yguGPypGRcz1gy9
13,13,/Users/saml16/projects/Elections_info/static/central_elections/lok_sabha_2024/Combined_video/13.mp4,PLxDNB6KvO9IYOZVXL-yguGPypGRcz1gy9
130,130,/Users/saml16/projects/Elections_info/static/central_elections/lok_sabha_2024/Combined_video/130.mp4,PLxDNB6KvO9IYOZVXL-yguGPypGRcz1gy9
1300,1300,/Users/saml16/projects/Elections_info/static/central_elections/lok_sabha_2024/Combined_video/1300.mp4,PLxDNB6KvO9IYOZVXL-yguGPypGRcz1gy9
1301,1301,/Users/saml16/projects/Elections_info/static/central_elections/lok_sabha_2024/Combined_video/1301.mp4,PLxDNB6KvO9IYOZVXL-yguGPypGRcz1gy9
1302,1302,/Users/saml16/projects/Elections_info/static/central_elections/lok_sabha_2024/Combined_video/1302.mp4,PLxDNB6KvO9IYOZVXL-yguGPypGRcz1gy9
1303,1303,/Users/saml16/projects/Elections_info/static/central_elections/lok_sabha_2024/Combined_video/1303.mp4,PLxDNB6KvO9IYOZVXL-yguGPypGRcz1gy9
1304,1304,/Users/saml16/projects/Elections_info/static/central_elections/lok_sabha_2024/Combined_video/1304.mp4,PLxDNB6KvO9IYOZVXL-yguGPypGRcz1gy9
1305,1305,/Users/saml16/projects/Elections_info/static/central_elections/lok_sabha_2024/Combined_video/1305.mp4,PLxDNB6KvO9IYOZVXL-yguGPypGRcz1gy9
1306,1306,/Users/saml16/projects/Elections_info/static/central_elections/lok_sabha_2024/Combined_video/1306.mp4,PLxDNB6KvO9IYOZVXL-yguGPypGRcz1gy9
1307,1307,/Users/saml16/projects/Elections_info/static/central_elections/lok_sabha_2024/Combined_video/1307.mp4,PLxDNB6KvO9IYOZVXL-yguGPypGRcz1gy9
1308,1308,/Users/saml16/projects/Elections_info/static/central_elections/lok_sabha_2024/Combined_video/1308.mp4,PLxDNB6KvO9IYOZVXL-yguGPypGRcz1gy9
1309,1309,/Users/saml16/projects/Elections_info/static/central_elections/lok_sabha_2024/Combined_video/1309.mp4,PLxDNB6KvO9IYOZVXL-yguGPypGRcz1gy9
131,131,/Users/saml16/projects/Elections_info/static/central_elections/lok_sabha_2024/Combined_video/131.mp4,PLxDNB6KvO9IYOZVXL-yguGPypGRcz1gy9
1310,1310,/Users/saml16/projects/Elections_info/static/central_elections/lok_sabha_2024/Combined_video/1310.mp4,PLxDNB6KvO9IYOZVXL-yguGPypGRcz1gy9
1311,1311,/Users/saml16/projects/Elections_info/static/central_elections/lok_sabha_2024/Combined_video/1311.mp4,PLxDNB6KvO9IYOZVXL-yguGPypGRcz1gy9
1312,1312,/Users/saml16/projects/Elections_info/static/central_elections/lok_sabha_2024/Combined_video/1312.mp4,PLxDNB6KvO9IYOZVXL-yguGPypGRcz1gy9
1313,1313,/Users/saml16/projects/Elections_info/static/central_elections/lok_sabha_2024/Combined_video/1313.mp4,PLxDNB6KvO9IYOZVXL-yguGPypGRcz1gy9
1314,1314,/Users/saml16/projects/Elections_info/static/central_elections/lok_sabha_2024/Combined_video/1314.mp4,PLxDNB6KvO9IYOZVXL-yguGPypGRcz1gy9
1315,1315,/Users/saml16/projects/Elections_info/static/central_elections/lok_sabha_2024/Combined_video/1315.mp4,PLxDNB6KvO9IYOZVXL-yguGPypGRcz1gy9
1316,1316,/Users/saml16/projects/Elections_info/static/central_elections/lok_sabha_2024/Combined_video/1316.mp4,PLxDNB6KvO9IYOZVXL-yguGPypGRcz1gy9
1317,1317,/Users/saml16/projects/Elections_info/static/central_elections/lok_sabha_2024/Combined_video/1317.mp4,PLxDNB6KvO9IYOZVXL-yguGPypGRcz1gy9
1318,1318,/Users/saml16/projects/Elections_info/static/central_elections/lok_sabha_2024/Combined_video/1318.mp4,PLxDNB6KvO9IYOZVXL-yguGPypGRcz1gy9
1319,1319,/Users/saml16/projects/Elections_info/static/central_elections/lok_sabha_2024/Combined_video/1319.mp4,PLxDNB6KvO9IYOZVXL-yguGPypGRcz1gy9
132,132,/Users/saml16/projects/Elections_info/static/central_elections/lok_sabha_2024/Combined_video/132.mp4,PLxDNB6KvO9IYOZVXL-yguGPypGRcz1gy9
1320,1320,/Users/saml16/projects/Elections_info/static/central_elections/lok_sabha_2024/Combined_video/1320.mp4,PLxDNB6KvO9IYOZVXL-yguGPypGRcz1gy9
1322,1322,/Users/saml16/projects/Elections_info/static/central_elections/lok_sabha_2024/Combined_video/1322.mp4,PLxDNB6KvO9IYOZVXL-yguGPypGRcz1gy9
1323,1323,/Users/saml16/projects/Elections_info/static/central_elections/lok_sabha_2024/Combined_video/1323.mp4,PLxDNB6KvO9IYOZVXL-yguGPypGRcz1gy9
1324,1324,/Users/saml16/projects/Elections_info/static/central_elections/lok_sabha_2024/Combined_video/1324.mp4,PLxDNB6KvO9IYOZVXL-yguGPypGRcz1gy9
1325,1325,/Users/saml16/projects/Elections_info/static/central_elections/lok_sabha_2024/Combined_video/1325.mp4,PLxDNB6KvO9IYOZVXL-yguGPypGRcz1gy9
1327,1327,/Users/saml16/projects/Elections_info/static/central_elections/lok_sabha_2024/Combined_video/1327.mp4,PLxDNB6KvO9IYOZVXL-yguGPypGRcz1gy9
1328,1328,/Users/saml16/projects/Elections_info/static/central_elections/lok_sabha_2024/Combined_video/1328.mp4,PLxDNB6KvO9IYOZVXL-yguGPypGRcz1gy9
1329,1329,/Users/saml16/projects/Elections_info/static/central_elections/lok_sabha_2024/Combined_video/1329.mp4,PLxDNB6KvO9IYOZVXL-yguGPypGRcz1gy9
133,133,/Users/saml16/projects/Elections_info/static/central_elections/lok_sabha_2024/Combined_video/133.mp4,PLxDNB6KvO9IYOZVXL-yguGPypGRcz1gy9
1331,1331,/Users/saml16/projects/Elections_info/static/central_elections/lok_sabha_2024/Combined_video/1331.mp4,PLxDNB6KvO9IYOZVXL-yguGPypGRcz1gy9
1332,1332,/Users/saml16/projects/Elections_info/static/central_elections/lok_sabha_2024/Combined_video/1332.mp4,PLxDNB6KvO9IYOZVXL-yguGPypGRcz1gy9
1333,1333,/Users/saml16/projects/Elections_info/static/central_elections/lok_sabha_2024/Combined_video/1333.mp4,PLxDNB6KvO9IYOZVXL-yguGPypGRcz1gy9
1334,1334,/Users/saml16/projects/Elections_info/static/central_elections/lok_sabha_2024/Combined_video/1334.mp4,PLxDNB6KvO9IYOZVXL-yguGPypGRcz1gy9
1335,1335,/Users/saml16/projects/Elections_info/static/central_elections/lok_sabha_2024/Combined_video/1335.mp4,PLxDNB6KvO9IYOZVXL-yguGPypGRcz1gy9
1336,1336,/Users/saml16/projects/Elections_info/static/central_elections/lok_sabha_2024/Combined_video/1336.mp4,PLxDNB6KvO9IYOZVXL-yguGPypGRcz1gy9
1337,1337,/Users/saml16/projects/Elections_info/static/central_elections/lok_sabha_2024/Combined_video/1337.mp4,PLxDNB6KvO9IYOZVXL-yguGPypGRcz1gy9
1338,1338,/Users/saml16/projects/Elections_info/static/central_elections/lok_sabha_2024/Combined_video/1338.mp4,PLxDNB6KvO9IYOZVXL-yguGPypGRcz1gy9
1339,1339,/Users/saml16/projects/Elections_info/static/central_elections/lok_sabha_2024/Combined_video/1339.mp4,PLxDNB6KvO9IYOZVXL-yguGPypGRcz1gy9
134,134,/Users/saml16/projects/Elections_info/static/central_elections/lok_sabha_2024/Combined_video/134.mp4,PLxDNB6KvO9IYOZVXL-yguGPypGRcz1gy9
1340,1340,/Users/saml16/projects/Elections_info/static/central_elections/lok_sabha_2024/Combined_video/1340.mp4,PLxDNB6KvO9IYOZVXL-yguGPypGRcz1gy9
1341,1341,/Users/saml16/projects/Elections_info/static/central_elections/lok_sabha_2024/Combined_video/1341.mp4,PLxDNB6KvO9IYOZVXL-yguGPypGRcz1gy9
1343,1343,/Users/saml16/projects/Elections_info/static/central_elections/lok_sabha_2024/Combined_video/1343.mp4,PLxDNB6KvO9IYOZVXL-yguGPypGRcz1gy9
1344,1344,/Users/saml16/projects/Elections_info/static/central_elections/lok_sabha_2024/Combined_video/1344.mp4,PLxDNB6KvO9IYOZVXL-yguGPypGRcz1gy9
1346,1346,/Users/saml16/projects/Elections_info/static/central_elections/lok_sabha_2024/Combined_video/1346.mp4,PLxDNB6KvO9IYOZVXL-yguGPypGRcz1gy9
1347,1347,/Users/saml16/projects/Elections_info/static/central_elections/lok_sabha_2024/Combined_video/1347.mp4,PLxDNB6KvO9IYOZVXL-yguGPypGRcz1gy9
1348,1348,/Users/saml16/projects/Elections_info/static/central_elections/lok_sabha_2024/Combined_video/1348.mp4,PLxDNB6KvO9IYOZVXL-yguGPypGRcz1gy9
1349,1349,/Users/saml16/projects/Elections_info/static/central_elections/lok_sabha_2024/Combined_video/1349.mp4,PLxDNB6KvO9IYOZVXL-yguGPypGRcz1gy9
135,135,/Users/saml16/projects/Elections_info/static/central_elections/lok_sabha_2024/Combined_video/135.mp4,PLxDNB6KvO9IYOZVXL-yguGPypGRcz1gy9
1350,1350,/Users/saml16/projects/Elections_info/static/central_elections/lok_sabha_2024/Combined_video/1350.mp4,PLxDNB6KvO9IYOZVXL-yguGPypGRcz1gy9
1352,1352,/Users/saml16/projects/Elections_info/static/central_elections/lok_sabha_2024/Combined_video/1352.mp4,PLxDNB6KvO9IYOZVXL-yguGPypGRcz1gy9
1353,1353,/Users/saml16/projects/Elections_info/static/central_elections/lok_sabha_2024/Combined_video/1353.mp4,PLxDNB6KvO9IYOZVXL-yguGPypGRcz1gy9
1354,1354,/Users/saml16/projects/Elections_info/static/central_elections/lok_sabha_2024/Combined_video/1354.mp4,PLxDNB6KvO9IYOZVXL-yguGPypGRcz1gy9
1355,1355,/Users/saml16/projects/Elections_info/static/central_elections/lok_sabha_2024/Combined_video/1355.mp4,PLxDNB6KvO9IYOZVXL-yguGPypGRcz1gy9
1356,1356,/Users/saml16/projects/Elections_info/static/central_elections/lok_sabha_2024/Combined_video/1356.mp4,PLxDNB6KvO9IYOZVXL-yguGPypGRcz1gy9
1357,1357,/Users/saml16/projects/Elections_info/static/central_elections/lok_sabha_2024/Combined_video/1357.mp4,PLxDNB6KvO9IYOZVXL-yguGPypGRcz1gy9
1358,1358,/Users/saml16/projects/Elections_info/static/central_elections/lok_sabha_2024/Combined_video/1358.mp4,PLxDNB6KvO9IYOZVXL-yguGPypGRcz1gy9
1359,1359,/Users/saml16/projects/Elections_info/static/central_elections/lok_sabha_2024/Combined_video/1359.mp4,PLxDNB6KvO9IYOZVXL-yguGPypGRcz1gy9
1360,1360,/Users/saml16/projects/Elections_info/static/central_elections/lok_sabha_2024/Combined_video/1360.mp4,PLxDNB6KvO9IYOZVXL-yguGPypGRcz1gy9
1361,1361,/Users/saml16/projects/Elections_info/static/central_elections/lok_sabha_2024/Combined_video/1361.mp4,PLxDNB6KvO9IYOZVXL-yguGPypGRcz1gy9
1362,1362,/Users/saml16/projects/Elections_info/static/central_elections/lok_sabha_2024/Combined_video/1362.mp4,PLxDNB6KvO9IYOZVXL-yguGPypGRcz1gy9
1363,1363,/Users/saml16/projects/Elections_info/static/central_elections/lok_sabha_2024/Combined_video/1363.mp4,PLxDNB6KvO9IYOZVXL-yguGPypGRcz1gy9
1364,1364,/Users/saml16/projects/Elections_info/static/central_elections/lok_sabha_2024/Combined_video/1364.mp4,PLxDNB6KvO9IYOZVXL-yguGPypGRcz1gy9
1365,1365,/Users/saml16/projects/Elections_info/static/central_elections/lok_sabha_2024/Combined_video/1365.mp4,PLxDNB6KvO9IYOZVXL-yguGPypGRcz1gy9
1366,1366,/Users/saml16/projects/Elections_info/static/central_elections/lok_sabha_2024/Combined_video/1366.mp4,PLxDNB6KvO9IYOZVXL-yguGPypGRcz1gy9
1367,1367,/Users/saml16/projects/Elections_info/static/central_elections/lok_sabha_2024/Combined_video/1367.mp4,PLxDNB6KvO9IYOZVXL-yguGPypGRcz1gy9
1368,1368,/Users/saml16/projects/Elections_info/static/central_elections/lok_sabha_2024/Combined_video/1368.mp4,PLxDNB6KvO9IYOZVXL-yguGPypGRcz1gy9
1369,1369,/Users/saml16/projects/Elections_info/static/central_elections/lok_sabha_2024/Combined_video/1369.mp4,PLxDNB6KvO9IYOZVXL-yguGPypGRcz1gy9
137,137,/Users/saml16/projects/Elections_info/static/central_elections/lok_sabha_2024/Combined_video/137.mp4,PLxDNB6KvO9IYOZVXL-yguGPypGRcz1gy9
1370,1370,/Users/saml16/projects/Elections_info/static/central_elections/lok_sabha_2024/Combined_video/1370.mp4,PLxDNB6KvO9IYOZVXL-yguGPypGRcz1gy9
1371,1371,/Users/saml16/projects/Elections_info/static/central_elections/lok_sabha_2024/Combined_video/1371.mp4,PLxDNB6KvO9IYOZVXL-yguGPypGRcz1gy9
1372,1372,/Users/saml16/projects/Elections_info/static/central_elections/lok_sabha_2024/Combined_video/1372.mp4,PLxDNB6KvO9IYOZVXL-yguGPypGRcz1gy9
1373,1373,/Users/saml16/projects/Elections_info/static/central_elections/lok_sabha_2024/Combined_video/1373.mp4,PLxDNB6KvO9IYOZVXL-yguGPypGRcz1gy9
1374,1374,/Users/saml16/projects/Elections_info/static/central_elections/lok_sabha_2024/Combined_video/1374.mp4,PLxDNB6KvO9IYOZVXL-yguGPypGRcz1gy9
1375,1375,/Users/saml16/projects/Elections_info/static/central_elections/lok_sabha_2024/Combined_video/1375.mp4,PLxDNB6KvO9IYOZVXL-yguGPypGRcz1gy9
1376,1376,/Users/saml16/projects/Elections_info/static/central_elections/lok_sabha_2024/Combined_video/1376.mp4,PLxDNB6KvO9IYOZVXL-yguGPypGRcz1gy9
1377,1377,/Users/saml16/projects/Elections_info/static/central_elections/lok_sabha_2024/Combined_video/1377.mp4,PLxDNB6KvO9IYOZVXL-yguGPypGRcz1gy9
1378,1378,/Users/saml16/projects/Elections_info/static/central_elections/lok_sabha_2024/Combined_video/1378.mp4,PLxDNB6KvO9IYOZVXL-yguGPypGRcz1gy9
1379,1379,/Users/saml16/projects/Elections_info/static/central_elections/lok_sabha_2024/Combined_video/1379.mp4,PLxDNB6KvO9IYOZVXL-yguGPypGRcz1gy9
138,138,/Users/saml16/projects/Elections_info/static/central_elections/lok_sabha_2024/Combined_video/138.mp4,PLxDNB6KvO9IYOZVXL-yguGPypGRcz1gy9
1380,1380,/Users/saml16/projects/Elections_info/static/central_elections/lok_sabha_2024/Combined_video/1380.mp4,PLxDNB6KvO9IYOZVXL-yguGPypGRcz1gy9
1381,1381,/Users/saml16/projects/Elections_info/static/central_elections/lok_sabha_2024/Combined_video/1381.mp4,PLxDNB6KvO9IYOZVXL-yguGPypGRcz1gy9
1382,1382,/Users/saml16/projects/Elections_info/static/central_elections/lok_sabha_2024/Combined_video/1382.mp4,PLxDNB6KvO9IYOZVXL-yguGPypGRcz1gy9
1383,1383,/Users/saml16/projects/Elections_info/static/central_elections/lok_sabha_2024/Combined_video/1383.mp4,PLxDNB6KvO9IYOZVXL-yguGPypGRcz1gy9
1384,1384,/Users/saml16/projects/Elections_info/static/central_elections/lok_sabha_2024/Combined_video/1384.mp4,PLxDNB6KvO9IYOZVXL-yguGPypGRcz1gy9
1385,1385,/Users/saml16/projects/Elections_info/static/central_elections/lok_sabha_2024/Combined_video/1385.mp4,PLxDNB6KvO9IYOZVXL-yguGPypGRcz1gy9
1386,1386,/Users/saml16/projects/Elections_info/static/central_elections/lok_sabha_2024/Combined_video/1386.mp4,PLxDNB6KvO9IYOZVXL-yguGPypGRcz1gy9
1387,1387,/Users/saml16/projects/Elections_info/static/central_elections/lok_sabha_2024/Combined_video/1387.mp4,PLxDNB6KvO9IYOZVXL-yguGPypGRcz1gy9
1388,1388,/Users/saml16/projects/Elections_info/static/central_elections/lok_sabha_2024/Combined_video/1388.mp4,PLxDNB6KvO9IYOZVXL-yguGPypGRcz1gy9
1389,1389,/Users/saml16/projects/Elections_info/static/central_elections/lok_sabha_2024/Combined_video/1389.mp4,PLxDNB6KvO9IYOZVXL-yguGPypGRcz1gy9
139,139,/Users/saml16/projects/Elections_info/static/central_elections/lok_sabha_2024/Combined_video/139.mp4,PLxDNB6KvO9IYOZVXL-yguGPypGRcz1gy9
1390,1390,/Users/saml16/projects/Elections_info/static/central_elections/lok_sabha_2024/Combined_video/1390.mp4,PLxDNB6KvO9IYOZVXL-yguGPypGRcz1gy9
1391,1391,/Users/saml16/projects/Elections_info/static/central_elections/lok_sabha_2024/Combined_video/1391.mp4,PLxDNB6KvO9IYOZVXL-yguGPypGRcz1gy9
1392,1392,/Users/saml16/projects/Elections_info/static/central_elections/lok_sabha_2024/Combined_video/1392.mp4,PLxDNB6KvO9IYOZVXL-yguGPypGRcz1gy9
1393,1393,/Users/saml16/projects/Elections_info/static/central_elections/lok_sabha_2024/Combined_video/1393.mp4,PLxDNB6KvO9IYOZVXL-yguGPypGRcz1gy9
1394,1394,/Users/saml16/projects/Elections_info/static/central_elections/lok_sabha_2024/Combined_video/1394.mp4,PLxDNB6KvO9IYOZVXL-yguGPypGRcz1gy9
1395,1395,/Users/saml16/projects/Elections_info/static/central_elections/lok_sabha_2024/Combined_video/1395.mp4,PLxDNB6KvO9IYOZVXL-yguGPypGRcz1gy9
1396,1396,/Users/saml16/projects/Elections_info/static/central_elections/lok_sabha_2024/Combined_video/1396.mp4,PLxDNB6KvO9IYOZVXL-yguGPypGRcz1gy9
1397,1397,/Users/saml16/projects/Elections_info/static/central_elections/lok_sabha_2024/Combined_video/1397.mp4,PLxDNB6KvO9IYOZVXL-yguGPypGRcz1gy9
1399,1399,/Users/saml16/projects/Elections_info/static/central_elections/lok_sabha_2024/Combined_video/1399.mp4,PLxDNB6KvO9IYOZVXL-yguGPypGRcz1gy9
14,14,/Users/saml16/projects/Elections_info/static/central_elections/lok_sabha_2024/Combined_video/14.mp4,PLxDNB6KvO9IYOZVXL-yguGPypGRcz1gy9
140,140,/Users/saml16/projects/Elections_info/static/central_elections/lok_sabha_2024/Combined_video/140.mp4,PLxDNB6KvO9IYOZVXL-yguGPypGRcz1gy9
1400,1400,/Users/saml16/projects/Elections_info/static/central_elections/lok_sabha_2024/Combined_video/1400.mp4,PLxDNB6KvO9IYOZVXL-yguGPypGRcz1gy9
1401,1401,/Users/saml16/projects/Elections_info/static/central_elections/lok_sabha_2024/Combined_video/1401.mp4,PLxDNB6KvO9IYOZVXL-yguGPypGRcz1gy9
1402,1402,/Users/saml16/projects/Elections_info/static/central_elections/lok_sabha_2024/Combined_video/1402.mp4,PLxDNB6KvO9IYOZVXL-yguGPypGRcz1gy9
1403,1403,/Users/saml16/projects/Elections_info/static/central_elections/lok_sabha_2024/Combined_video/1403.mp4,PLxDNB6KvO9IYOZVXL-yguGPypGRcz1gy9
1404,1404,/Users/saml16/projects/Elections_info/static/central_elections/lok_sabha_2024/Combined_video/1404.mp4,PLxDNB6KvO9IYOZVXL-yguGPypGRcz1gy9
1405,1405,/Users/saml16/projects/Elections_info/static/central_elections/lok_sabha_2024/Combined_video/1405.mp4,PLxDNB6KvO9IYOZVXL-yguGPypGRcz1gy9
1406,1406,/Users/saml16/projects/Elections_info/static/central_elections/lok_sabha_2024/Combined_video/1406.mp4,PLxDNB6KvO9IYOZVXL-yguGPypGRcz1gy9
1407,1407,/Users/saml16/projects/Elections_info/static/central_elections/lok_sabha_2024/Combined_video/1407.mp4,PLxDNB6KvO9IYOZVXL-yguGPypGRcz1gy9
1408,1408,/Users/saml16/projects/Elections_info/static/central_elections/lok_sabha_2024/Combined_video/1408.mp4,PLxDNB6KvO9IYOZVXL-yguGPypGRcz1gy9
1409,1409,/Users/saml16/projects/Elections_info/static/central_elections/lok_sabha_2024/Combined_video/1409.mp4,PLxDNB6KvO9IYOZVXL-yguGPypGRcz1gy9
141,141,/Users/saml16/projects/Elections_info/static/central_elections/lok_sabha_2024/Combined_video/141.mp4,PLxDNB6KvO9IYOZVXL-yguGPypGRcz1gy9
1411,1411,/Users/saml16/projects/Elections_info/static/central_elections/lok_sabha_2024/Combined_video/1411.mp4,PLxDNB6KvO9IYOZVXL-yguGPypGRcz1gy9
1412,1412,/Users/saml16/projects/Elections_info/static/central_elections/lok_sabha_2024/Combined_video/1412.mp4,PLxDNB6KvO9IYOZVXL-yguGPypGRcz1gy9
1414,1414,/Users/saml16/projects/Elections_info/static/central_elections/lok_sabha_2024/Combined_video/1414.mp4,PLxDNB6KvO9IYOZVXL-yguGPypGRcz1gy9
1415,1415,/Users/saml16/projects/Elections_info/static/central_elections/lok_sabha_2024/Combined_video/1415.mp4,PLxDNB6KvO9IYOZVXL-yguGPypGRcz1gy9
1417,1417,/Users/saml16/projects/Elections_info/static/central_elections/lok_sabha_2024/Combined_video/1417.mp4,PLxDNB6KvO9IYOZVXL-yguGPypGRcz1gy9
1418,1418,/Users/saml16/projects/Elections_info/static/central_elections/lok_sabha_2024/Combined_video/1418.mp4,PLxDNB6KvO9IYOZVXL-yguGPypGRcz1gy9
1419,1419,/Users/saml16/projects/Elections_info/static/central_elections/lok_sabha_2024/Combined_video/1419.mp4,PLxDNB6KvO9IYOZVXL-yguGPypGRcz1gy9
142,142,/Users/saml16/projects/Elections_info/static/central_elections/lok_sabha_2024/Combined_video/142.mp4,PLxDNB6KvO9IYOZVXL-yguGPypGRcz1gy9
1420,1420,/Users/saml16/projects/Elections_info/static/central_elections/lok_sabha_2024/Combined_video/1420.mp4,PLxDNB6KvO9IYOZVXL-yguGPypGRcz1gy9
1421,1421,/Users/saml16/projects/Elections_info/static/central_elections/lok_sabha_2024/Combined_video/1421.mp4,PLxDNB6KvO9IYOZVXL-yguGPypGRcz1gy9
1422,1422,/Users/saml16/projects/Elections_info/static/central_elections/lok_sabha_2024/Combined_video/1422.mp4,PLxDNB6KvO9IYOZVXL-yguGPypGRcz1gy9
1423,1423,/Users/saml16/projects/Elections_info/static/central_elections/lok_sabha_2024/Combined_video/1423.mp4,PLxDNB6KvO9IYOZVXL-yguGPypGRcz1gy9
1424,1424,/Users/saml16/projects/Elections_info/static/central_elections/lok_sabha_2024/Combined_video/1424.mp4,PLxDNB6KvO9IYOZVXL-yguGPypGRcz1gy9
1425,1425,/Users/saml16/projects/Elections_info/static/central_elections/lok_sabha_2024/Combined_video/1425.mp4,PLxDNB6KvO9IYOZVXL-yguGPypGRcz1gy9
1427,1427,/Users/saml16/projects/Elections_info/static/central_elections/lok_sabha_2024/Combined_video/1427.mp4,PLxDNB6KvO9IYOZVXL-yguGPypGRcz1gy9
1428,1428,/Users/saml16/projects/Elections_info/static/central_elections/lok_sabha_2024/Combined_video/1428.mp4,PLxDNB6KvO9IYOZVXL-yguGPypGRcz1gy9
143,143,/Users/saml16/projects/Elections_info/static/central_elections/lok_sabha_2024/Combined_video/143.mp4,PLxDNB6KvO9IYOZVXL-yguGPypGRcz1gy9
1432,1432,/Users/saml16/projects/Elections_info/static/central_elections/lok_sabha_2024/Combined_video/1432.mp4,PLxDNB6KvO9IYOZVXL-yguGPypGRcz1gy9
1434,1434,/Users/saml16/projects/Elections_info/static/central_elections/lok_sabha_2024/Combined_video/1434.mp4,PLxDNB6KvO9IYOZVXL-yguGPypGRcz1gy9
1435,1435,/Users/saml16/projects/Elections_info/static/central_elections/lok_sabha_2024/Combined_video/1435.mp4,PLxDNB6KvO9IYOZVXL-yguGPypGRcz1gy9
1436,1436,/Users/saml16/projects/Elections_info/static/central_elections/lok_sabha_2024/Combined_video/1436.mp4,PLxDNB6KvO9IYOZVXL-yguGPypGRcz1gy9
1437,1437,/Users/saml16/projects/Elections_info/static/central_elections/lok_sabha_2024/Combined_video/1437.mp4,PLxDNB6KvO9IYOZVXL-yguGPypGRcz1gy9
1438,1438,/Users/saml16/projects/Elections_info/static/central_elections/lok_sabha_2024/Combined_video/1438.mp4,PLxDNB6KvO9IYOZVXL-yguGPypGRcz1gy9
144,144,/Users/saml16/projects/Elections_info/static/central_elections/lok_sabha_2024/Combined_video/144.mp4,PLxDNB6KvO9IYOZVXL-yguGPypGRcz1gy9
1440,1440,/Users/saml16/projects/Elections_info/static/central_elections/lok_sabha_2024/Combined_video/1440.mp4,PLxDNB6KvO9IYOZVXL-yguGPypGRcz1gy9
1441,1441,/Users/saml16/projects/Elections_info/static/central_elections/lok_sabha_2024/Combined_video/1441.mp4,PLxDNB6KvO9IYOZVXL-yguGPypGRcz1gy9
1442,1442,/Users/saml16/projects/Elections_info/static/central_elections/lok_sabha_2024/Combined_video/1442.mp4,PLxDNB6KvO9IYOZVXL-yguGPypGRcz1gy9
1443,1443,/Users/saml16/projects/Elections_info/static/central_elections/lok_sabha_2024/Combined_video/1443.mp4,PLxDNB6KvO9IYOZVXL-yguGPypGRcz1gy9
1444,1444,/Users/saml16/projects/Elections_info/static/central_elections/lok_sabha_2024/Combined_video/1444.mp4,PLxDNB6KvO9IYOZVXL-yguGPypGRcz1gy9
1445,1445,/Users/saml16/projects/Elections_info/static/central_elections/lok_sabha_2024/Combined_video/1445.mp4,PLxDNB6KvO9IYOZVXL-yguGPypGRcz1gy9
1446,1446,/Users/saml16/projects/Elections_info/static/central_elections/lok_sabha_2024/Combined_video/1446.mp4,PLxDNB6KvO9IYOZVXL-yguGPypGRcz1gy9
1448,1448,/Users/saml16/projects/Elections_info/static/central_elections/lok_sabha_2024/Combined_video/1448.mp4,PLxDNB6KvO9IYOZVXL-yguGPypGRcz1gy9
1449,1449,/Users/saml16/projects/Elections_info/static/central_elections/lok_sabha_2024/Combined_video/1449.mp4,PLxDNB6KvO9IYOZVXL-yguGPypGRcz1gy9
145,145,/Users/saml16/projects/Elections_info/static/central_elections/lok_sabha_2024/Combined_video/145.mp4,PLxDNB6KvO9IYOZVXL-yguGPypGRcz1gy9
1450,1450,/Users/saml16/projects/Elections_info/static/central_elections/lok_sabha_2024/Combined_video/1450.mp4,PLxDNB6KvO9IYOZVXL-yguGPypGRcz1gy9
1451,1451,/Users/saml16/projects/Elections_info/static/central_elections/lok_sabha_2024/Combined_video/1451.mp4,PLxDNB6KvO9IYOZVXL-yguGPypGRcz1gy9
1452,1452,/Users/saml16/projects/Elections_info/static/central_elections/lok_sabha_2024/Combined_video/1452.mp4,PLxDNB6KvO9IYOZVXL-yguGPypGRcz1gy9
1453,1453,/Users/saml16/projects/Elections_info/static/central_elections/lok_sabha_2024/Combined_video/1453.mp4,PLxDNB6KvO9IYOZVXL-yguGPypGRcz1gy9
1455,1455,/Users/saml16/projects/Elections_info/static/central_elections/lok_sabha_2024/Combined_video/1455.mp4,PLxDNB6KvO9IYOZVXL-yguGPypGRcz1gy9
1456,1456,/Users/saml16/projects/Elections_info/static/central_elections/lok_sabha_2024/Combined_video/1456.mp4,PLxDNB6KvO9IYOZVXL-yguGPypGRcz1gy9
1457,1457,/Users/saml16/projects/Elections_info/static/central_elections/lok_sabha_2024/Combined_video/1457.mp4,PLxDNB6KvO9IYOZVXL-yguGPypGRcz1gy9
1458,1458,/Users/saml16/projects/Elections_info/static/central_elections/lok_sabha_2024/Combined_video/1458.mp4,PLxDNB6KvO9IYOZVXL-yguGPypGRcz1gy9
1459,1459,/Users/saml16/projects/Elections_info/static/central_elections/lok_sabha_2024/Combined_video/1459.mp4,PLxDNB6KvO9IYOZVXL-yguGPypGRcz1gy9
146,146,/Users/saml16/projects/Elections_info/static/central_elections/lok_sabha_2024/Combined_video/146.mp4,PLxDNB6KvO9IYOZVXL-yguGPypGRcz1gy9
1460,1460,/Users/saml16/projects/Elections_info/static/central_elections/lok_sabha_2024/Combined_video/1460.mp4,PLxDNB6KvO9IYOZVXL-yguGPypGRcz1gy9
1461,1461,/Users/saml16/projects/Elections_info/static/central_elections/lok_sabha_2024/Combined_video/1461.mp4,PLxDNB6KvO9IYOZVXL-yguGPypGRcz1gy9
1462,1462,/Users/saml16/projects/Elections_info/static/central_elections/lok_sabha_2024/Combined_video/1462.mp4,PLxDNB6KvO9IYOZVXL-yguGPypGRcz1gy9
1463,1463,/Users/saml16/projects/Elections_info/static/central_elections/lok_sabha_2024/Combined_video/1463.mp4,PLxDNB6KvO9IYOZVXL-yguGPypGRcz1gy9
1464,1464,/Users/saml16/projects/Elections_info/static/central_elections/lok_sabha_2024/Combined_video/1464.mp4,PLxDNB6KvO9IYOZVXL-yguGPypGRcz1gy9
1465,1465,/Users/saml16/projects/Elections_info/static/central_elections/lok_sabha_2024/Combined_video/1465.mp4,PLxDNB6KvO9IYOZVXL-yguGPypGRcz1gy9
1466,1466,/Users/saml16/projects/Elections_info/static/central_elections/lok_sabha_2024/Combined_video/1466.mp4,PLxDNB6KvO9IYOZVXL-yguGPypGRcz1gy9
1467,1467,/Users/saml16/projects/Elections_info/static/central_elections/lok_sabha_2024/Combined_video/1467.mp4,PLxDNB6KvO9IYOZVXL-yguGPypGRcz1gy9
1468,1468,/Users/saml16/projects/Elections_info/static/central_elections/lok_sabha_2024/Combined_video/1468.mp4,PLxDNB6KvO9IYOZVXL-yguGPypGRcz1gy9
1470,1470,/Users/saml16/projects/Elections_info/static/central_elections/lok_sabha_2024/Combined_video/1470.mp4,PLxDNB6KvO9IYOZVXL-yguGPypGRcz1gy9
1471,1471,/Users/saml16/projects/Elections_info/static/central_elections/lok_sabha_2024/Combined_video/1471.mp4,PLxDNB6KvO9IYOZVXL-yguGPypGRcz1gy9
1473,1473,/Users/saml16/projects/Elections_info/static/central_elections/lok_sabha_2024/Combined_video/1473.mp4,PLxDNB6KvO9IYOZVXL-yguGPypGRcz1gy9
1474,1474,/Users/saml16/projects/Elections_info/static/central_elections/lok_sabha_2024/Combined_video/1474.mp4,PLxDNB6KvO9IYOZVXL-yguGPypGRcz1gy9
1475,1475,/Users/saml16/projects/Elections_info/static/central_elections/lok_sabha_2024/Combined_video/1475.mp4,PLxDNB6KvO9IYOZVXL-yguGPypGRcz1gy9
1476,1476,/Users/saml16/projects/Elections_info/static/central_elections/lok_sabha_2024/Combined_video/1476.mp4,PLxDNB6KvO9IYOZVXL-yguGPypGRcz1gy9
1478,1478,/Users/saml16/projects/Elections_info/static/central_elections/lok_sabha_2024/Combined_video/1478.mp4,PLxDNB6KvO9IYOZVXL-yguGPypGRcz1gy9
1479,1479,/Users/saml16/projects/Elections_info/static/central_elections/lok_sabha_2024/Combined_video/1479.mp4,PLxDNB6KvO9IYOZVXL-yguGPypGRcz1gy9
148,148,/Users/saml16/projects/Elections_info/static/central_elections/lok_sabha_2024/Combined_video/148.mp4,PLxDNB6KvO9IYOZVXL-yguGPypGRcz1gy9
1480,1480,/Users/saml16/projects/Elections_info/static/central_elections/lok_sabha_2024/Combined_video/1480.mp4,PLxDNB6KvO9IYOZVXL-yguGPypGRcz1gy9
1481,1481,/Users/saml16/projects/Elections_info/static/central_elections/lok_sabha_2024/Combined_video/1481.mp4,PLxDNB6KvO9IYOZVXL-yguGPypGRcz1gy9
1482,1482,/Users/saml16/projects/Elections_info/static/central_elections/lok_sabha_2024/Combined_video/1482.mp4,PLxDNB6KvO9IYOZVXL-yguGPypGRcz1gy9
1483,1483,/Users/saml16/projects/Elections_info/static/central_elections/lok_sabha_2024/Combined_video/1483.mp4,PLxDNB6KvO9IYOZVXL-yguGPypGRcz1gy9
1484,1484,/Users/saml16/projects/Elections_info/static/central_elections/lok_sabha_2024/Combined_video/1484.mp4,PLxDNB6KvO9IYOZVXL-yguGPypGRcz1gy9
1485,1485,/Users/saml16/projects/Elections_info/static/central_elections/lok_sabha_2024/Combined_video/1485.mp4,PLxDNB6KvO9IYOZVXL-yguGPypGRcz1gy9
1486,1486,/Users/saml16/projects/Elections_info/static/central_elections/lok_sabha_2024/Combined_video/1486.mp4,PLxDNB6KvO9IYOZVXL-yguGPypGRcz1gy9
1487,1487,/Users/saml16/projects/Elections_info/static/central_elections/lok_sabha_2024/Combined_video/1487.mp4,PLxDNB6KvO9IYOZVXL-yguGPypGRcz1gy9
1488,1488,/Users/saml16/projects/Elections_info/static/central_elections/lok_sabha_2024/Combined_video/1488.mp4,PLxDNB6KvO9IYOZVXL-yguGPypGRcz1gy9
1489,1489,/Users/saml16/projects/Elections_info/static/central_elections/lok_sabha_2024/Combined_video/1489.mp4,PLxDNB6KvO9IYOZVXL-yguGPypGRcz1gy9
149,149,/Users/saml16/projects/Elections_info/static/central_elections/lok_sabha_2024/Combined_video/149.mp4,PLxDNB6KvO9IYOZVXL-yguGPypGRcz1gy9
1490,1490,/Users/saml16/projects/Elections_info/static/central_elections/lok_sabha_2024/Combined_video/1490.mp4,PLxDNB6KvO9IYOZVXL-yguGPypGRcz1gy9
1491,1491,/Users/saml16/projects/Elections_info/static/central_elections/lok_sabha_2024/Combined_video/1491.mp4,PLxDNB6KvO9IYOZVXL-yguGPypGRcz1gy9
1492,1492,/Users/saml16/projects/Elections_info/static/central_elections/lok_sabha_2024/Combined_video/1492.mp4,PLxDNB6KvO9IYOZVXL-yguGPypGRcz1gy9
1493,1493,/Users/saml16/projects/Elections_info/static/central_elections/lok_sabha_2024/Combined_video/1493.mp4,PLxDNB6KvO9IYOZVXL-yguGPypGRcz1gy9
1494,1494,/Users/saml16/projects/Elections_info/static/central_elections/lok_sabha_2024/Combined_video/1494.mp4,PLxDNB6KvO9IYOZVXL-yguGPypGRcz1gy9
1495,1495,/Users/saml16/projects/Elections_info/static/central_elections/lok_sabha_2024/Combined_video/1495.mp4,PLxDNB6KvO9IYOZVXL-yguGPypGRcz1gy9
1496,1496,/Users/saml16/projects/Elections_info/static/central_elections/lok_sabha_2024/Combined_video/1496.mp4,PLxDNB6KvO9IYOZVXL-yguGPypGRcz1gy9
1497,1497,/Users/saml16/projects/Elections_info/static/central_elections/lok_sabha_2024/Combined_video/1497.mp4,PLxDNB6KvO9IYOZVXL-yguGPypGRcz1gy9
1498,1498,/Users/saml16/projects/Elections_info/static/central_elections/lok_sabha_2024/Combined_video/1498.mp4,PLxDNB6KvO9IYOZVXL-yguGPypGRcz1gy9
15,15,/Users/saml16/projects/Elections_info/static/central_elections/lok_sabha_2024/Combined_video/15.mp4,PLxDNB6KvO9IYOZVXL-yguGPypGRcz1gy9
150,150,/Users/saml16/projects/Elections_info/static/central_elections/lok_sabha_2024/Combined_video/150.mp4,PLxDNB6KvO9IYOZVXL-yguGPypGRcz1gy9
1501,1501,/Users/saml16/projects/Elections_info/static/central_elections/lok_sabha_2024/Combined_video/1501.mp4,PLxDNB6KvO9IYOZVXL-yguGPypGRcz1gy9
1502,1502,/Users/saml16/projects/Elections_info/static/central_elections/lok_sabha_2024/Combined_video/1502.mp4,PLxDNB6KvO9IYOZVXL-yguGPypGRcz1gy9
1503,1503,/Users/saml16/projects/Elections_info/static/central_elections/lok_sabha_2024/Combined_video/1503.mp4,PLxDNB6KvO9IYOZVXL-yguGPypGRcz1gy9
1504,1504,/Users/saml16/projects/Elections_info/static/central_elections/lok_sabha_2024/Combined_video/1504.mp4,PLxDNB6KvO9IYOZVXL-yguGPypGRcz1gy9
1505,1505,/Users/saml16/projects/Elections_info/static/central_elections/lok_sabha_2024/Combined_video/1505.mp4,PLxDNB6KvO9IYOZVXL-yguGPypGRcz1gy9
1506,1506,/Users/saml16/projects/Elections_info/static/central_elections/lok_sabha_2024/Combined_video/1506.mp4,PLxDNB6KvO9IYOZVXL-yguGPypGRcz1gy9
1507,1507,/Users/saml16/projects/Elections_info/static/central_elections/lok_sabha_2024/Combined_video/1507.mp4,PLxDNB6KvO9IYOZVXL-yguGPypGRcz1gy9
1508,1508,/Users/saml16/projects/Elections_info/static/central_elections/lok_sabha_2024/Combined_video/1508.mp4,PLxDNB6KvO9IYOZVXL-yguGPypGRcz1gy9
1509,1509,/Users/saml16/projects/Elections_info/static/central_elections/lok_sabha_2024/Combined_video/1509.mp4,PLxDNB6KvO9IYOZVXL-yguGPypGRcz1gy9
151,151,/Users/saml16/projects/Elections_info/static/central_elections/lok_sabha_2024/Combined_video/151.mp4,PLxDNB6KvO9IYOZVXL-yguGPypGRcz1gy9
1510,1510,/Users/saml16/projects/Elections_info/static/central_elections/lok_sabha_2024/Combined_video/1510.mp4,PLxDNB6KvO9IYOZVXL-yguGPypGRcz1gy9
1511,1511,/Users/saml16/projects/Elections_info/static/central_elections/lok_sabha_2024/Combined_video/1511.mp4,PLxDNB6KvO9IYOZVXL-yguGPypGRcz1gy9
1512,1512,/Users/saml16/projects/Elections_info/static/central_elections/lok_sabha_2024/Combined_video/1512.mp4,PLxDNB6KvO9IYOZVXL-yguGPypGRcz1gy9
1513,1513,/Users/saml16/projects/Elections_info/static/central_elections/lok_sabha_2024/Combined_video/1513.mp4,PLxDNB6KvO9IYOZVXL-yguGPypGRcz1gy9
1514,1514,/Users/saml16/projects/Elections_info/static/central_elections/lok_sabha_2024/Combined_video/1514.mp4,PLxDNB6KvO9IYOZVXL-yguGPypGRcz1gy9
1515,1515,/Users/saml16/projects/Elections_info/static/central_elections/lok_sabha_2024/Combined_video/1515.mp4,PLxDNB6KvO9IYOZVXL-yguGPypGRcz1gy9
1517,1517,/Users/saml16/projects/Elections_info/static/central_elections/lok_sabha_2024/Combined_video/1517.mp4,PLxDNB6KvO9IYOZVXL-yguGPypGRcz1gy9
1518,1518,/Users/saml16/projects/Elections_info/static/central_elections/lok_sabha_2024/Combined_video/1518.mp4,PLxDNB6KvO9IYOZVXL-yguGPypGRcz1gy9
1519,1519,/Users/saml16/projects/Elections_info/static/central_elections/lok_sabha_2024/Combined_video/1519.mp4,PLxDNB6KvO9IYOZVXL-yguGPypGRcz1gy9
152,152,/Users/saml16/projects/Elections_info/static/central_elections/lok_sabha_2024/Combined_video/152.mp4,PLxDNB6KvO9IYOZVXL-yguGPypGRcz1gy9
1520,1520,/Users/saml16/projects/Elections_info/static/central_elections/lok_sabha_2024/Combined_video/1520.mp4,PLxDNB6KvO9IYOZVXL-yguGPypGRcz1gy9
1521,1521,/Users/saml16/projects/Elections_info/static/central_elections/lok_sabha_2024/Combined_video/1521.mp4,PLxDNB6KvO9IYOZVXL-yguGPypGRcz1gy9
1522,1522,/Users/saml16/projects/Elections_info/static/central_elections/lok_sabha_2024/Combined_video/1522.mp4,PLxDNB6KvO9IYOZVXL-yguGPypGRcz1gy9
1523,1523,/Users/saml16/projects/Elections_info/static/central_elections/lok_sabha_2024/Combined_video/1523.mp4,PLxDNB6KvO9IYOZVXL-yguGPypGRcz1gy9
1524,1524,/Users/saml16/projects/Elections_info/static/central_elections/lok_sabha_2024/Combined_video/1524.mp4,PLxDNB6KvO9IYOZVXL-yguGPypGRcz1gy9
1526,1526,/Users/saml16/projects/Elections_info/static/central_elections/lok_sabha_2024/Combined_video/1526.mp4,PLxDNB6KvO9IYOZVXL-yguGPypGRcz1gy9
1527,1527,/Users/saml16/projects/Elections_info/static/central_elections/lok_sabha_2024/Combined_video/1527.mp4,PLxDNB6KvO9IYOZVXL-yguGPypGRcz1gy9
153,153,/Users/saml16/projects/Elections_info/static/central_elections/lok_sabha_2024/Combined_video/153.mp4,PLxDNB6KvO9IYOZVXL-yguGPypGRcz1gy9
1531,1531,/Users/saml16/projects/Elections_info/static/central_elections/lok_sabha_2024/Combined_video/1531.mp4,PLxDNB6KvO9IYOZVXL-yguGPypGRcz1gy9
1532,1532,/Users/saml16/projects/Elections_info/static/central_elections/lok_sabha_2024/Combined_video/1532.mp4,PLxDNB6KvO9IYOZVXL-yguGPypGRcz1gy9
1533,1533,/Users/saml16/projects/Elections_info/static/central_elections/lok_sabha_2024/Combined_video/1533.mp4,PLxDNB6KvO9IYOZVXL-yguGPypGRcz1gy9
1534,1534,/Users/saml16/projects/Elections_info/static/central_elections/lok_sabha_2024/Combined_video/1534.mp4,PLxDNB6KvO9IYOZVXL-yguGPypGRcz1gy9
1535,1535,/Users/saml16/projects/Elections_info/static/central_elections/lok_sabha_2024/Combined_video/1535.mp4,PLxDNB6KvO9IYOZVXL-yguGPypGRcz1gy9
1536,1536,/Users/saml16/projects/Elections_info/static/central_elections/lok_sabha_2024/Combined_video/1536.mp4,PLxDNB6KvO9IYOZVXL-yguGPypGRcz1gy9
1537,1537,/Users/saml16/projects/Elections_info/static/central_elections/lok_sabha_2024/Combined_video/1537.mp4,PLxDNB6KvO9IYOZVXL-yguGPypGRcz1gy9
1538,1538,/Users/saml16/projects/Elections_info/static/central_elections/lok_sabha_2024/Combined_video/1538.mp4,PLxDNB6KvO9IYOZVXL-yguGPypGRcz1gy9
1539,1539,/Users/saml16/projects/Elections_info/static/central_elections/lok_sabha_2024/Combined_video/1539.mp4,PLxDNB6KvO9IYOZVXL-yguGPypGRcz1gy9
154,154,/Users/saml16/projects/Elections_info/static/central_elections/lok_sabha_2024/Combined_video/154.mp4,PLxDNB6KvO9IYOZVXL-yguGPypGRcz1gy9
1540,1540,/Users/saml16/projects/Elections_info/static/central_elections/lok_sabha_2024/Combined_video/1540.mp4,PLxDNB6KvO9IYOZVXL-yguGPypGRcz1gy9
1541,1541,/Users/saml16/projects/Elections_info/static/central_elections/lok_sabha_2024/Combined_video/1541.mp4,PLxDNB6KvO9IYOZVXL-yguGPypGRcz1gy9
1542,1542,/Users/saml16/projects/Elections_info/static/central_elections/lok_sabha_2024/Combined_video/1542.mp4,PLxDNB6KvO9IYOZVXL-yguGPypGRcz1gy9
1543,1543,/Users/saml16/projects/Elections_info/static/central_elections/lok_sabha_2024/Combined_video/1543.mp4,PLxDNB6KvO9IYOZVXL-yguGPypGRcz1gy9
1544,1544,/Users/saml16/projects/Elections_info/static/central_elections/lok_sabha_2024/Combined_video/1544.mp4,PLxDNB6KvO9IYOZVXL-yguGPypGRcz1gy9
1545,1545,/Users/saml16/projects/Elections_info/static/central_elections/lok_sabha_2024/Combined_video/1545.mp4,PLxDNB6KvO9IYOZVXL-yguGPypGRcz1gy9
1546,1546,/Users/saml16/projects/Elections_info/static/central_elections/lok_sabha_2024/Combined_video/1546.mp4,PLxDNB6KvO9IYOZVXL-yguGPypGRcz1gy9
1547,1547,/Users/saml16/projects/Elections_info/static/central_elections/lok_sabha_2024/Combined_video/1547.mp4,PLxDNB6KvO9IYOZVXL-yguGPypGRcz1gy9
1548,1548,/Users/saml16/projects/Elections_info/static/central_elections/lok_sabha_2024/Combined_video/1548.mp4,PLxDNB6KvO9IYOZVXL-yguGPypGRcz1gy9
155,155,/Users/saml16/projects/Elections_info/static/central_elections/lok_sabha_2024/Combined_video/155.mp4,PLxDNB6KvO9IYOZVXL-yguGPypGRcz1gy9
1550,1550,/Users/saml16/projects/Elections_info/static/central_elections/lok_sabha_2024/Combined_video/1550.mp4,PLxDNB6KvO9IYOZVXL-yguGPypGRcz1gy9
1551,1551,/Users/saml16/projects/Elections_info/static/central_elections/lok_sabha_2024/Combined_video/1551.mp4,PLxDNB6KvO9IYOZVXL-yguGPypGRcz1gy9
1552,1552,/Users/saml16/projects/Elections_info/static/central_elections/lok_sabha_2024/Combined_video/1552.mp4,PLxDNB6KvO9IYOZVXL-yguGPypGRcz1gy9
1553,1553,/Users/saml16/projects/Elections_info/static/central_elections/lok_sabha_2024/Combined_video/1553.mp4,PLxDNB6KvO9IYOZVXL-yguGPypGRcz1gy9
1554,1554,/Users/saml16/projects/Elections_info/static/central_elections/lok_sabha_2024/Combined_video/1554.mp4,PLxDNB6KvO9IYOZVXL-yguGPypGRcz1gy9
1555,1555,/Users/saml16/projects/Elections_info/static/central_elections/lok_sabha_2024/Combined_video/1555.mp4,PLxDNB6KvO9IYOZVXL-yguGPypGRcz1gy9
1556,1556,/Users/saml16/projects/Elections_info/static/central_elections/lok_sabha_2024/Combined_video/1556.mp4,PLxDNB6KvO9IYOZVXL-yguGPypGRcz1gy9
1557,1557,/Users/saml16/projects/Elections_info/static/central_elections/lok_sabha_2024/Combined_video/1557.mp4,PLxDNB6KvO9IYOZVXL-yguGPypGRcz1gy9
1558,1558,/Users/saml16/projects/Elections_info/static/central_elections/lok_sabha_2024/Combined_video/1558.mp4,PLxDNB6KvO9IYOZVXL-yguGPypGRcz1gy9
1559,1559,/Users/saml16/projects/Elections_info/static/central_elections/lok_sabha_2024/Combined_video/1559.mp4,PLxDNB6KvO9IYOZVXL-yguGPypGRcz1gy9
1560,1560,/Users/saml16/projects/Elections_info/static/central_elections/lok_sabha_2024/Combined_video/1560.mp4,PLxDNB6KvO9IYOZVXL-yguGPypGRcz1gy9
1561,1561,/Users/saml16/projects/Elections_info/static/central_elections/lok_sabha_2024/Combined_video/1561.mp4,PLxDNB6KvO9IYOZVXL-yguGPypGRcz1gy9
1562,1562,/Users/saml16/projects/Elections_info/static/central_elections/lok_sabha_2024/Combined_video/1562.mp4,PLxDNB6KvO9IYOZVXL-yguGPypGRcz1gy9
1563,1563,/Users/saml16/projects/Elections_info/static/central_elections/lok_sabha_2024/Combined_video/1563.mp4,PLxDNB6KvO9IYOZVXL-yguGPypGRcz1gy9
1564,1564,/Users/saml16/projects/Elections_info/static/central_elections/lok_sabha_2024/Combined_video/1564.mp4,PLxDNB6KvO9IYOZVXL-yguGPypGRcz1gy9
1565,1565,/Users/saml16/projects/Elections_info/static/central_elections/lok_sabha_2024/Combined_video/1565.mp4,PLxDNB6KvO9IYOZVXL-yguGPypGRcz1gy9
1566,1566,/Users/saml16/projects/Elections_info/static/central_elections/lok_sabha_2024/Combined_video/1566.mp4,PLxDNB6KvO9IYOZVXL-yguGPypGRcz1gy9
1567,1567,/Users/saml16/projects/Elections_info/static/central_elections/lok_sabha_2024/Combined_video/1567.mp4,PLxDNB6KvO9IYOZVXL-yguGPypGRcz1gy9
1568,1568,/Users/saml16/projects/Elections_info/static/central_elections/lok_sabha_2024/Combined_video/1568.mp4,PLxDNB6KvO9IYOZVXL-yguGPypGRcz1gy9
1569,1569,/Users/saml16/projects/Elections_info/static/central_elections/lok_sabha_2024/Combined_video/1569.mp4,PLxDNB6KvO9IYOZVXL-yguGPypGRcz1gy9
157,157,/Users/saml16/projects/Elections_info/static/central_elections/lok_sabha_2024/Combined_video/157.mp4,PLxDNB6KvO9IYOZVXL-yguGPypGRcz1gy9
1570,1570,/Users/saml16/projects/Elections_info/static/central_elections/lok_sabha_2024/Combined_video/1570.mp4,PLxDNB6KvO9IYOZVXL-yguGPypGRcz1gy9
1571,1571,/Users/saml16/projects/Elections_info/static/central_elections/lok_sabha_2024/Combined_video/1571.mp4,PLxDNB6KvO9IYOZVXL-yguGPypGRcz1gy9
1572,1572,/Users/saml16/projects/Elections_info/static/central_elections/lok_sabha_2024/Combined_video/1572.mp4,PLxDNB6KvO9IYOZVXL-yguGPypGRcz1gy9
1573,1573,/Users/saml16/projects/Elections_info/static/central_elections/lok_sabha_2024/Combined_video/1573.mp4,PLxDNB6KvO9IYOZVXL-yguGPypGRcz1gy9
1574,1574,/Users/saml16/projects/Elections_info/static/central_elections/lok_sabha_2024/Combined_video/1574.mp4,PLxDNB6KvO9IYOZVXL-yguGPypGRcz1gy9
1575,1575,/Users/saml16/projects/Elections_info/static/central_elections/lok_sabha_2024/Combined_video/1575.mp4,PLxDNB6KvO9IYOZVXL-yguGPypGRcz1gy9
1576,1576,/Users/saml16/projects/Elections_info/static/central_elections/lok_sabha_2024/Combined_video/1576.mp4,PLxDNB6KvO9IYOZVXL-yguGPypGRcz1gy9
1577,1577,/Users/saml16/projects/Elections_info/static/central_elections/lok_sabha_2024/Combined_video/1577.mp4,PLxDNB6KvO9IYOZVXL-yguGPypGRcz1gy9
1578,1578,/Users/saml16/projects/Elections_info/static/central_elections/lok_sabha_2024/Combined_video/1578.mp4,PLxDNB6KvO9IYOZVXL-yguGPypGRcz1gy9
1579,1579,/Users/saml16/projects/Elections_info/static/central_elections/lok_sabha_2024/Combined_video/1579.mp4,PLxDNB6KvO9IYOZVXL-yguGPypGRcz1gy9
158,158,/Users/saml16/projects/Elections_info/static/central_elections/lok_sabha_2024/Combined_video/158.mp4,PLxDNB6KvO9IYOZVXL-yguGPypGRcz1gy9
1580,1580,/Users/saml16/projects/Elections_info/static/central_elections/lok_sabha_2024/Combined_video/1580.mp4,PLxDNB6KvO9IYOZVXL-yguGPypGRcz1gy9
1581,1581,/Users/saml16/projects/Elections_info/static/central_elections/lok_sabha_2024/Combined_video/1581.mp4,PLxDNB6KvO9IYOZVXL-yguGPypGRcz1gy9
1582,1582,/Users/saml16/projects/Elections_info/static/central_elections/lok_sabha_2024/Combined_video/1582.mp4,PLxDNB6KvO9IYOZVXL-yguGPypGRcz1gy9
1583,1583,/Users/saml16/projects/Elections_info/static/central_elections/lok_sabha_2024/Combined_video/1583.mp4,PLxDNB6KvO9IYOZVXL-yguGPypGRcz1gy9
1584,1584,/Users/saml16/projects/Elections_info/static/central_elections/lok_sabha_2024/Combined_video/1584.mp4,PLxDNB6KvO9IYOZVXL-yguGPypGRcz1gy9
1585,1585,/Users/saml16/projects/Elections_info/static/central_elections/lok_sabha_2024/Combined_video/1585.mp4,PLxDNB6KvO9IYOZVXL-yguGPypGRcz1gy9
1586,1586,/Users/saml16/projects/Elections_info/static/central_elections/lok_sabha_2024/Combined_video/1586.mp4,PLxDNB6KvO9IYOZVXL-yguGPypGRcz1gy9
1587,1587,/Users/saml16/projects/Elections_info/static/central_elections/lok_sabha_2024/Combined_video/1587.mp4,PLxDNB6KvO9IYOZVXL-yguGPypGRcz1gy9
1588,1588,/Users/saml16/projects/Elections_info/static/central_elections/lok_sabha_2024/Combined_video/1588.mp4,PLxDNB6KvO9IYOZVXL-yguGPypGRcz1gy9
1589,1589,/Users/saml16/projects/Elections_info/static/central_elections/lok_sabha_2024/Combined_video/1589.mp4,PLxDNB6KvO9IYOZVXL-yguGPypGRcz1gy9
159,159,/Users/saml16/projects/Elections_info/static/central_elections/lok_sabha_2024/Combined_video/159.mp4,PLxDNB6KvO9IYOZVXL-yguGPypGRcz1gy9
1590,1590,/Users/saml16/projects/Elections_info/static/central_elections/lok_sabha_2024/Combined_video/1590.mp4,PLxDNB6KvO9IYOZVXL-yguGPypGRcz1gy9
1591,1591,/Users/saml16/projects/Elections_info/static/central_elections/lok_sabha_2024/Combined_video/1591.mp4,PLxDNB6KvO9IYOZVXL-yguGPypGRcz1gy9
1592,1592,/Users/saml16/projects/Elections_info/static/central_elections/lok_sabha_2024/Combined_video/1592.mp4,PLxDNB6KvO9IYOZVXL-yguGPypGRcz1gy9
1593,1593,/Users/saml16/projects/Elections_info/static/central_elections/lok_sabha_2024/Combined_video/1593.mp4,PLxDNB6KvO9IYOZVXL-yguGPypGRcz1gy9
1594,1594,/Users/saml16/projects/Elections_info/static/central_elections/lok_sabha_2024/Combined_video/1594.mp4,PLxDNB6KvO9IYOZVXL-yguGPypGRcz1gy9
1595,1595,/Users/saml16/projects/Elections_info/static/central_elections/lok_sabha_2024/Combined_video/1595.mp4,PLxDNB6KvO9IYOZVXL-yguGPypGRcz1gy9
1596,1596,/Users/saml16/projects/Elections_info/static/central_elections/lok_sabha_2024/Combined_video/1596.mp4,PLxDNB6KvO9IYOZVXL-yguGPypGRcz1gy9
1597,1597,/Users/saml16/projects/Elections_info/static/central_elections/lok_sabha_2024/Combined_video/1597.mp4,PLxDNB6KvO9IYOZVXL-yguGPypGRcz1gy9
1598,1598,/Users/saml16/projects/Elections_info/static/central_elections/lok_sabha_2024/Combined_video/1598.mp4,PLxDNB6KvO9IYOZVXL-yguGPypGRcz1gy9
1599,1599,/Users/saml16/projects/Elections_info/static/central_elections/lok_sabha_2024/Combined_video/1599.mp4,PLxDNB6KvO9IYOZVXL-yguGPypGRcz1gy9
16,16,/Users/saml16/projects/Elections_info/static/central_elections/lok_sabha_2024/Combined_video/16.mp4,PLxDNB6KvO9IYOZVXL-yguGPypGRcz1gy9
160,160,/Users/saml16/projects/Elections_info/static/central_elections/lok_sabha_2024/Combined_video/160.mp4,PLxDNB6KvO9IYOZVXL-yguGPypGRcz1gy9
1600,1600,/Users/saml16/projects/Elections_info/static/central_elections/lok_sabha_2024/Combined_video/1600.mp4,PLxDNB6KvO9IYOZVXL-yguGPypGRcz1gy9
1601,1601,/Users/saml16/projects/Elections_info/static/central_elections/lok_sabha_2024/Combined_video/1601.mp4,PLxDNB6KvO9IYOZVXL-yguGPypGRcz1gy9
1602,1602,/Users/saml16/projects/Elections_info/static/central_elections/lok_sabha_2024/Combined_video/1602.mp4,PLxDNB6KvO9IYOZVXL-yguGPypGRcz1gy9
1603,1603,/Users/saml16/projects/Elections_info/static/central_elections/lok_sabha_2024/Combined_video/1603.mp4,PLxDNB6KvO9IYOZVXL-yguGPypGRcz1gy9
1604,1604,/Users/saml16/projects/Elections_info/static/central_elections/lok_sabha_2024/Combined_video/1604.mp4,PLxDNB6KvO9IYOZVXL-yguGPypGRcz1gy9
1605,1605,/Users/saml16/projects/Elections_info/static/central_elections/lok_sabha_2024/Combined_video/1605.mp4,PLxDNB6KvO9IYOZVXL-yguGPypGRcz1gy9
1606,1606,/Users/saml16/projects/Elections_info/static/central_elections/lok_sabha_2024/Combined_video/1606.mp4,PLxDNB6KvO9IYOZVXL-yguGPypGRcz1gy9
1607,1607,/Users/saml16/projects/Elections_info/static/central_elections/lok_sabha_2024/Combined_video/1607.mp4,PLxDNB6KvO9IYOZVXL-yguGPypGRcz1gy9
1608,1608,/Users/saml16/projects/Elections_info/static/central_elections/lok_sabha_2024/Combined_video/1608.mp4,PLxDNB6KvO9IYOZVXL-yguGPypGRcz1gy9
1609,1609,/Users/saml16/projects/Elections_info/static/central_elections/lok_sabha_2024/Combined_video/1609.mp4,PLxDNB6KvO9IYOZVXL-yguGPypGRcz1gy9
161,161,/Users/saml16/projects/Elections_info/static/central_elections/lok_sabha_2024/Combined_video/161.mp4,PLxDNB6KvO9IYOZVXL-yguGPypGRcz1gy9
1610,1610,/Users/saml16/projects/Elections_info/static/central_elections/lok_sabha_2024/Combined_video/1610.mp4,PLxDNB6KvO9IYOZVXL-yguGPypGRcz1gy9
1611,1611,/Users/saml16/projects/Elections_info/static/central_elections/lok_sabha_2024/Combined_video/1611.mp4,PLxDNB6KvO9IYOZVXL-yguGPypGRcz1gy9
1612,1612,/Users/saml16/projects/Elections_info/static/central_elections/lok_sabha_2024/Combined_video/1612.mp4,PLxDNB6KvO9IYOZVXL-yguGPypGRcz1gy9
1613,1613,/Users/saml16/projects/Elections_info/static/central_elections/lok_sabha_2024/Combined_video/1613.mp4,PLxDNB6KvO9IYOZVXL-yguGPypGRcz1gy9
1614,1614,/Users/saml16/projects/Elections_info/static/central_elections/lok_sabha_2024/Combined_video/1614.mp4,PLxDNB6KvO9IYOZVXL-yguGPypGRcz1gy9
1615,1615,/Users/saml16/projects/Elections_info/static/central_elections/lok_sabha_2024/Combined_video/1615.mp4,PLxDNB6KvO9IYOZVXL-yguGPypGRcz1gy9
1616,1616,/Users/saml16/projects/Elections_info/static/central_elections/lok_sabha_2024/Combined_video/1616.mp4,PLxDNB6KvO9IYOZVXL-yguGPypGRcz1gy9
1617,1617,/Users/saml16/projects/Elections_info/static/central_elections/lok_sabha_2024/Combined_video/1617.mp4,PLxDNB6KvO9IYOZVXL-yguGPypGRcz1gy9
1618,1618,/Users/saml16/projects/Elections_info/static/central_elections/lok_sabha_2024/Combined_video/1618.mp4,PLxDNB6KvO9IYOZVXL-yguGPypGRcz1gy9
1619,1619,/Users/saml16/projects/Elections_info/static/central_elections/lok_sabha_2024/Combined_video/1619.mp4,PLxDNB6KvO9IYOZVXL-yguGPypGRcz1gy9
162,162,/Users/saml16/projects/Elections_info/static/central_elections/lok_sabha_2024/Combined_video/162.mp4,PLxDNB6KvO9IYOZVXL-yguGPypGRcz1gy9
1620,1620,/Users/saml16/projects/Elections_info/static/central_elections/lok_sabha_2024/Combined_video/1620.mp4,PLxDNB6KvO9IYOZVXL-yguGPypGRcz1gy9
1621,1621,/Users/saml16/projects/Elections_info/static/central_elections/lok_sabha_2024/Combined_video/1621.mp4,PLxDNB6KvO9IYOZVXL-yguGPypGRcz1gy9
1622,1622,/Users/saml16/projects/Elections_info/static/central_elections/lok_sabha_2024/Combined_video/1622.mp4,PLxDNB6KvO9IYOZVXL-yguGPypGRcz1gy9
1624,1624,/Users/saml16/projects/Elections_info/static/central_elections/lok_sabha_2024/Combined_video/1624.mp4,PLxDNB6KvO9IYOZVXL-yguGPypGRcz1gy9
1625,1625,/Users/saml16/projects/Elections_info/static/central_elections/lok_sabha_2024/Combined_video/1625.mp4,PLxDNB6KvO9IYOZVXL-yguGPypGRcz1gy9
1626,1626,/Users/saml16/projects/Elections_info/static/central_elections/lok_sabha_2024/Combined_video/1626.mp4,PLxDNB6KvO9IYOZVXL-yguGPypGRcz1gy9
1627,1627,/Users/saml16/projects/Elections_info/static/central_elections/lok_sabha_2024/Combined_video/1627.mp4,PLxDNB6KvO9IYOZVXL-yguGPypGRcz1gy9
1628,1628,/Users/saml16/projects/Elections_info/static/central_elections/lok_sabha_2024/Combined_video/1628.mp4,PLxDNB6KvO9IYOZVXL-yguGPypGRcz1gy9
1629,1629,/Users/saml16/projects/Elections_info/static/central_elections/lok_sabha_2024/Combined_video/1629.mp4,PLxDNB6KvO9IYOZVXL-yguGPypGRcz1gy9
163,163,/Users/saml16/projects/Elections_info/static/central_elections/lok_sabha_2024/Combined_video/163.mp4,PLxDNB6KvO9IYOZVXL-yguGPypGRcz1gy9
1630,1630,/Users/saml16/projects/Elections_info/static/central_elections/lok_sabha_2024/Combined_video/1630.mp4,PLxDNB6KvO9IYOZVXL-yguGPypGRcz1gy9
1631,1631,/Users/saml16/projects/Elections_info/static/central_elections/lok_sabha_2024/Combined_video/1631.mp4,PLxDNB6KvO9IYOZVXL-yguGPypGRcz1gy9
1632,1632,/Users/saml16/projects/Elections_info/static/central_elections/lok_sabha_2024/Combined_video/1632.mp4,PLxDNB6KvO9IYOZVXL-yguGPypGRcz1gy9
1633,1633,/Users/saml16/projects/Elections_info/static/central_elections/lok_sabha_2024/Combined_video/1633.mp4,PLxDNB6KvO9IYOZVXL-yguGPypGRcz1gy9
1634,1634,/Users/saml16/projects/Elections_info/static/central_elections/lok_sabha_2024/Combined_video/1634.mp4,PLxDNB6KvO9IYOZVXL-yguGPypGRcz1gy9
1635,1635,/Users/saml16/projects/Elections_info/static/central_elections/lok_sabha_2024/Combined_video/1635.mp4,PLxDNB6KvO9IYOZVXL-yguGPypGRcz1gy9
1637,1637,/Users/saml16/projects/Elections_info/static/central_elections/lok_sabha_2024/Combined_video/1637.mp4,PLxDNB6KvO9IYOZVXL-yguGPypGRcz1gy9
1638,1638,/Users/saml16/projects/Elections_info/static/central_elections/lok_sabha_2024/Combined_video/1638.mp4,PLxDNB6KvO9IYOZVXL-yguGPypGRcz1gy9
1639,1639,/Users/saml16/projects/Elections_info/static/central_elections/lok_sabha_2024/Combined_video/1639.mp4,PLxDNB6KvO9IYOZVXL-yguGPypGRcz1gy9
164,164,/Users/saml16/projects/Elections_info/static/central_elections/lok_sabha_2024/Combined_video/164.mp4,PLxDNB6KvO9IYOZVXL-yguGPypGRcz1gy9
1640,1640,/Users/saml16/projects/Elections_info/static/central_elections/lok_sabha_2024/Combined_video/1640.mp4,PLxDNB6KvO9IYOZVXL-yguGPypGRcz1gy9
1641,1641,/Users/saml16/projects/Elections_info/static/central_elections/lok_sabha_2024/Combined_video/1641.mp4,PLxDNB6KvO9IYOZVXL-yguGPypGRcz1gy9
1642,1642,/Users/saml16/projects/Elections_info/static/central_elections/lok_sabha_2024/Combined_video/1642.mp4,PLxDNB6KvO9IYOZVXL-yguGPypGRcz1gy9
1643,1643,/Users/saml16/projects/Elections_info/static/central_elections/lok_sabha_2024/Combined_video/1643.mp4,PLxDNB6KvO9IYOZVXL-yguGPypGRcz1gy9
1644,1644,/Users/saml16/projects/Elections_info/static/central_elections/lok_sabha_2024/Combined_video/1644.mp4,PLxDNB6KvO9IYOZVXL-yguGPypGRcz1gy9
1645,1645,/Users/saml16/projects/Elections_info/static/central_elections/lok_sabha_2024/Combined_video/1645.mp4,PLxDNB6KvO9IYOZVXL-yguGPypGRcz1gy9
1646,1646,/Users/saml16/projects/Elections_info/static/central_elections/lok_sabha_2024/Combined_video/1646.mp4,PLxDNB6KvO9IYOZVXL-yguGPypGRcz1gy9
1647,1647,/Users/saml16/projects/Elections_info/static/central_elections/lok_sabha_2024/Combined_video/1647.mp4,PLxDNB6KvO9IYOZVXL-yguGPypGRcz1gy9
1648,1648,/Users/saml16/projects/Elections_info/static/central_elections/lok_sabha_2024/Combined_video/1648.mp4,PLxDNB6KvO9IYOZVXL-yguGPypGRcz1gy9
1649,1649,/Users/saml16/projects/Elections_info/static/central_elections/lok_sabha_2024/Combined_video/1649.mp4,PLxDNB6KvO9IYOZVXL-yguGPypGRcz1gy9
165,165,/Users/saml16/projects/Elections_info/static/central_elections/lok_sabha_2024/Combined_video/165.mp4,PLxDNB6KvO9IYOZVXL-yguGPypGRcz1gy9
1650,1650,/Users/saml16/projects/Elections_info/static/central_elections/lok_sabha_2024/Combined_video/1650.mp4,PLxDNB6KvO9IYOZVXL-yguGPypGRcz1gy9
1651,1651,/Users/saml16/projects/Elections_info/static/central_elections/lok_sabha_2024/Combined_video/1651.mp4,PLxDNB6KvO9IYOZVXL-yguGPypGRcz1gy9
1652,1652,/Users/saml16/projects/Elections_info/static/central_elections/lok_sabha_2024/Combined_video/1652.mp4,PLxDNB6KvO9IYOZVXL-yguGPypGRcz1gy9
1653,1653,/Users/saml16/projects/Elections_info/static/central_elections/lok_sabha_2024/Combined_video/1653.mp4,PLxDNB6KvO9IYOZVXL-yguGPypGRcz1gy9
1654,1654,/Users/saml16/projects/Elections_info/static/central_elections/lok_sabha_2024/Combined_video/1654.mp4,PLxDNB6KvO9IYOZVXL-yguGPypGRcz1gy9
1655,1655,/Users/saml16/projects/Elections_info/static/central_elections/lok_sabha_2024/Combined_video/1655.mp4,PLxDNB6KvO9IYOZVXL-yguGPypGRcz1gy9
1656,1656,/Users/saml16/projects/Elections_info/static/central_elections/lok_sabha_2024/Combined_video/1656.mp4,PLxDNB6KvO9IYOZVXL-yguGPypGRcz1gy9
1658,1658,/Users/saml16/projects/Elections_info/static/central_elections/lok_sabha_2024/Combined_video/1658.mp4,PLxDNB6KvO9IYOZVXL-yguGPypGRcz1gy9
1659,1659,/Users/saml16/projects/Elections_info/static/central_elections/lok_sabha_2024/Combined_video/1659.mp4,PLxDNB6KvO9IYOZVXL-yguGPypGRcz1gy9
166,166,/Users/saml16/projects/Elections_info/static/central_elections/lok_sabha_2024/Combined_video/166.mp4,PLxDNB6KvO9IYOZVXL-yguGPypGRcz1gy9
1660,1660,/Users/saml16/projects/Elections_info/static/central_elections/lok_sabha_2024/Combined_video/1660.mp4,PLxDNB6KvO9IYOZVXL-yguGPypGRcz1gy9
1661,1661,/Users/saml16/projects/Elections_info/static/central_elections/lok_sabha_2024/Combined_video/1661.mp4,PLxDNB6KvO9IYOZVXL-yguGPypGRcz1gy9
1662,1662,/Users/saml16/projects/Elections_info/static/central_elections/lok_sabha_2024/Combined_video/1662.mp4,PLxDNB6KvO9IYOZVXL-yguGPypGRcz1gy9
1663,1663,/Users/saml16/projects/Elections_info/static/central_elections/lok_sabha_2024/Combined_video/1663.mp4,PLxDNB6KvO9IYOZVXL-yguGPypGRcz1gy9
1664,1664,/Users/saml16/projects/Elections_info/static/central_elections/lok_sabha_2024/Combined_video/1664.mp4,PLxDNB6KvO9IYOZVXL-yguGPypGRcz1gy9
1665,1665,/Users/saml16/projects/Elections_info/static/central_elections/lok_sabha_2024/Combined_video/1665.mp4,PLxDNB6KvO9IYOZVXL-yguGPypGRcz1gy9
1666,1666,/Users/saml16/projects/Elections_info/static/central_elections/lok_sabha_2024/Combined_video/1666.mp4,PLxDNB6KvO9IYOZVXL-yguGPypGRcz1gy9
1667,1667,/Users/saml16/projects/Elections_info/static/central_elections/lok_sabha_2024/Combined_video/1667.mp4,PLxDNB6KvO9IYOZVXL-yguGPypGRcz1gy9
1668,1668,/Users/saml16/projects/Elections_info/static/central_elections/lok_sabha_2024/Combined_video/1668.mp4,PLxDNB6KvO9IYOZVXL-yguGPypGRcz1gy9
1669,1669,/Users/saml16/projects/Elections_info/static/central_elections/lok_sabha_2024/Combined_video/1669.mp4,PLxDNB6KvO9IYOZVXL-yguGPypGRcz1gy9
167,167,/Users/saml16/projects/Elections_info/static/central_elections/lok_sabha_2024/Combined_video/167.mp4,PLxDNB6KvO9IYOZVXL-yguGPypGRcz1gy9
1670,1670,/Users/saml16/projects/Elections_info/static/central_elections/lok_sabha_2024/Combined_video/1670.mp4,PLxDNB6KvO9IYOZVXL-yguGPypGRcz1gy9
1671,1671,/Users/saml16/projects/Elections_info/static/central_elections/lok_sabha_2024/Combined_video/1671.mp4,PLxDNB6KvO9IYOZVXL-yguGPypGRcz1gy9
1673,1673,/Users/saml16/projects/Elections_info/static/central_elections/lok_sabha_2024/Combined_video/1673.mp4,PLxDNB6KvO9IYOZVXL-yguGPypGRcz1gy9
1674,1674,/Users/saml16/projects/Elections_info/static/central_elections/lok_sabha_2024/Combined_video/1674.mp4,PLxDNB6KvO9IYOZVXL-yguGPypGRcz1gy9
1675,1675,/Users/saml16/projects/Elections_info/static/central_elections/lok_sabha_2024/Combined_video/1675.mp4,PLxDNB6KvO9IYOZVXL-yguGPypGRcz1gy9
1676,1676,/Users/saml16/projects/Elections_info/static/central_elections/lok_sabha_2024/Combined_video/1676.mp4,PLxDNB6KvO9IYOZVXL-yguGPypGRcz1gy9
1677,1677,/Users/saml16/projects/Elections_info/static/central_elections/lok_sabha_2024/Combined_video/1677.mp4,PLxDNB6KvO9IYOZVXL-yguGPypGRcz1gy9
1678,1678,/Users/saml16/projects/Elections_info/static/central_elections/lok_sabha_2024/Combined_video/1678.mp4,PLxDNB6KvO9IYOZVXL-yguGPypGRcz1gy9
1679,1679,/Users/saml16/projects/Elections_info/static/central_elections/lok_sabha_2024/Combined_video/1679.mp4,PLxDNB6KvO9IYOZVXL-yguGPypGRcz1gy9
168,168,/Users/saml16/projects/Elections_info/static/central_elections/lok_sabha_2024/Combined_video/168.mp4,PLxDNB6KvO9IYOZVXL-yguGPypGRcz1gy9
1680,1680,/Users/saml16/projects/Elections_info/static/central_elections/lok_sabha_2024/Combined_video/1680.mp4,PLxDNB6KvO9IYOZVXL-yguGPypGRcz1gy9
1681,1681,/Users/saml16/projects/Elections_info/static/central_elections/lok_sabha_2024/Combined_video/1681.mp4,PLxDNB6KvO9IYOZVXL-yguGPypGRcz1gy9
1682,1682,/Users/saml16/projects/Elections_info/static/central_elections/lok_sabha_2024/Combined_video/1682.mp4,PLxDNB6KvO9IYOZVXL-yguGPypGRcz1gy9
1683,1683,/Users/saml16/projects/Elections_info/static/central_elections/lok_sabha_2024/Combined_video/1683.mp4,PLxDNB6KvO9IYOZVXL-yguGPypGRcz1gy9
1684,1684,/Users/saml16/projects/Elections_info/static/central_elections/lok_sabha_2024/Combined_video/1684.mp4,PLxDNB6KvO9IYOZVXL-yguGPypGRcz1gy9
1685,1685,/Users/saml16/projects/Elections_info/static/central_elections/lok_sabha_2024/Combined_video/1685.mp4,PLxDNB6KvO9IYOZVXL-yguGPypGRcz1gy9
1686,1686,/Users/saml16/projects/Elections_info/static/central_elections/lok_sabha_2024/Combined_video/1686.mp4,PLxDNB6KvO9IYOZVXL-yguGPypGRcz1gy9
169,169,/Users/saml16/projects/Elections_info/static/central_elections/lok_sabha_2024/Combined_video/169.mp4,PLxDNB6KvO9IYOZVXL-yguGPypGRcz1gy9
1691,1691,/Users/saml16/projects/Elections_info/static/central_elections/lok_sabha_2024/Combined_video/1691.mp4,PLxDNB6KvO9IYOZVXL-yguGPypGRcz1gy9
1692,1692,/Users/saml16/projects/Elections_info/static/central_elections/lok_sabha_2024/Combined_video/1692.mp4,PLxDNB6KvO9IYOZVXL-yguGPypGRcz1gy9
1693,1693,/Users/saml16/projects/Elections_info/static/central_elections/lok_sabha_2024/Combined_video/1693.mp4,PLxDNB6KvO9IYOZVXL-yguGPypGRcz1gy9
1694,1694,/Users/saml16/projects/Elections_info/static/central_elections/lok_sabha_2024/Combined_video/1694.mp4,PLxDNB6KvO9IYOZVXL-yguGPypGRcz1gy9
1695,1695,/Users/saml16/projects/Elections_info/static/central_elections/lok_sabha_2024/Combined_video/1695.mp4,PLxDNB6KvO9IYOZVXL-yguGPypGRcz1gy9
1696,1696,/Users/saml16/projects/Elections_info/static/central_elections/lok_sabha_2024/Combined_video/1696.mp4,PLxDNB6KvO9IYOZVXL-yguGPypGRcz1gy9
1697,1697,/Users/saml16/projects/Elections_info/static/central_elections/lok_sabha_2024/Combined_video/1697.mp4,PLxDNB6KvO9IYOZVXL-yguGPypGRcz1gy9
1698,1698,/Users/saml16/projects/Elections_info/static/central_elections/lok_sabha_2024/Combined_video/1698.mp4,PLxDNB6KvO9IYOZVXL-yguGPypGRcz1gy9
1699,1699,/Users/saml16/projects/Elections_info/static/central_elections/lok_sabha_2024/Combined_video/1699.mp4,PLxDNB6KvO9IYOZVXL-yguGPypGRcz1gy9
17,17,/Users/saml16/projects/Elections_info/static/central_elections/lok_sabha_2024/Combined_video/17.mp4,PLxDNB6KvO9IYOZVXL-yguGPypGRcz1gy9
170,170,/Users/saml16/projects/Elections_info/static/central_elections/lok_sabha_2024/Combined_video/170.mp4,PLxDNB6KvO9IYOZVXL-yguGPypGRcz1gy9
1700,1700,/Users/saml16/projects/Elections_info/static/central_elections/lok_sabha_2024/Combined_video/1700.mp4,PLxDNB6KvO9IYOZVXL-yguGPypGRcz1gy9
1701,1701,/Users/saml16/projects/Elections_info/static/central_elections/lok_sabha_2024/Combined_video/1701.mp4,PLxDNB6KvO9IYOZVXL-yguGPypGRcz1gy9
1702,1702,/Users/saml16/projects/Elections_info/static/central_elections/lok_sabha_2024/Combined_video/1702.mp4,PLxDNB6KvO9IYOZVXL-yguGPypGRcz1gy9
1703,1703,/Users/saml16/projects/Elections_info/static/central_elections/lok_sabha_2024/Combined_video/1703.mp4,PLxDNB6KvO9IYOZVXL-yguGPypGRcz1gy9
1704,1704,/Users/saml16/projects/Elections_info/static/central_elections/lok_sabha_2024/Combined_video/1704.mp4,PLxDNB6KvO9IYOZVXL-yguGPypGRcz1gy9
1705,1705,/Users/saml16/projects/Elections_info/static/central_elections/lok_sabha_2024/Combined_video/1705.mp4,PLxDNB6KvO9IYOZVXL-yguGPypGRcz1gy9
171,171,/Users/saml16/projects/Elections_info/static/central_elections/lok_sabha_2024/Combined_video/171.mp4,PLxDNB6KvO9IYOZVXL-yguGPypGRcz1gy9
1715,1715,/Users/saml16/projects/Elections_info/static/central_elections/lok_sabha_2024/Combined_video/1715.mp4,PLxDNB6KvO9IYOZVXL-yguGPypGRcz1gy9
1716,1716,/Users/saml16/projects/Elections_info/static/central_elections/lok_sabha_2024/Combined_video/1716.mp4,PLxDNB6KvO9IYOZVXL-yguGPypGRcz1gy9
1717,1717,/Users/saml16/projects/Elections_info/static/central_elections/lok_sabha_2024/Combined_video/1717.mp4,PLxDNB6KvO9IYOZVXL-yguGPypGRcz1gy9
1718,1718,/Users/saml16/projects/Elections_info/static/central_elections/lok_sabha_2024/Combined_video/1718.mp4,PLxDNB6KvO9IYOZVXL-yguGPypGRcz1gy9
1719,1719,/Users/saml16/projects/Elections_info/static/central_elections/lok_sabha_2024/Combined_video/1719.mp4,PLxDNB6KvO9IYOZVXL-yguGPypGRcz1gy9
172,172,/Users/saml16/projects/Elections_info/static/central_elections/lok_sabha_2024/Combined_video/172.mp4,PLxDNB6KvO9IYOZVXL-yguGPypGRcz1gy9
1720,1720,/Users/saml16/projects/Elections_info/static/central_elections/lok_sabha_2024/Combined_video/1720.mp4,PLxDNB6KvO9IYOZVXL-yguGPypGRcz1gy9
1721,1721,/Users/saml16/projects/Elections_info/static/central_elections/lok_sabha_2024/Combined_video/1721.mp4,PLxDNB6KvO9IYOZVXL-yguGPypGRcz1gy9
1722,1722,/Users/saml16/projects/Elections_info/static/central_elections/lok_sabha_2024/Combined_video/1722.mp4,PLxDNB6KvO9IYOZVXL-yguGPypGRcz1gy9
1723,1723,/Users/saml16/projects/Elections_info/static/central_elections/lok_sabha_2024/Combined_video/1723.mp4,PLxDNB6KvO9IYOZVXL-yguGPypGRcz1gy9
1724,1724,/Users/saml16/projects/Elections_info/static/central_elections/lok_sabha_2024/Combined_video/1724.mp4,PLxDNB6KvO9IYOZVXL-yguGPypGRcz1gy9
1725,1725,/Users/saml16/projects/Elections_info/static/central_elections/lok_sabha_2024/Combined_video/1725.mp4,PLxDNB6KvO9IYOZVXL-yguGPypGRcz1gy9
1726,1726,/Users/saml16/projects/Elections_info/static/central_elections/lok_sabha_2024/Combined_video/1726.mp4,PLxDNB6KvO9IYOZVXL-yguGPypGRcz1gy9
1727,1727,/Users/saml16/projects/Elections_info/static/central_elections/lok_sabha_2024/Combined_video/1727.mp4,PLxDNB6KvO9IYOZVXL-yguGPypGRcz1gy9
1728,1728,/Users/saml16/projects/Elections_info/static/central_elections/lok_sabha_2024/Combined_video/1728.mp4,PLxDNB6KvO9IYOZVXL-yguGPypGRcz1gy9
173,173,/Users/saml16/projects/Elections_info/static/central_elections/lok_sabha_2024/Combined_video/173.mp4,PLxDNB6KvO9IYOZVXL-yguGPypGRcz1gy9
1730,1730,/Users/saml16/projects/Elections_info/static/central_elections/lok_sabha_2024/Combined_video/1730.mp4,PLxDNB6KvO9IYOZVXL-yguGPypGRcz1gy9
1731,1731,/Users/saml16/projects/Elections_info/static/central_elections/lok_sabha_2024/Combined_video/1731.mp4,PLxDNB6KvO9IYOZVXL-yguGPypGRcz1gy9
1732,1732,/Users/saml16/projects/Elections_info/static/central_elections/lok_sabha_2024/Combined_video/1732.mp4,PLxDNB6KvO9IYOZVXL-yguGPypGRcz1gy9
1733,1733,/Users/saml16/projects/Elections_info/static/central_elections/lok_sabha_2024/Combined_video/1733.mp4,PLxDNB6KvO9IYOZVXL-yguGPypGRcz1gy9
1734,1734,/Users/saml16/projects/Elections_info/static/central_elections/lok_sabha_2024/Combined_video/1734.mp4,PLxDNB6KvO9IYOZVXL-yguGPypGRcz1gy9
1735,1735,/Users/saml16/projects/Elections_info/static/central_elections/lok_sabha_2024/Combined_video/1735.mp4,PLxDNB6KvO9IYOZVXL-yguGPypGRcz1gy9
1736,1736,/Users/saml16/projects/Elections_info/static/central_elections/lok_sabha_2024/Combined_video/1736.mp4,PLxDNB6KvO9IYOZVXL-yguGPypGRcz1gy9
1737,1737,/Users/saml16/projects/Elections_info/static/central_elections/lok_sabha_2024/Combined_video/1737.mp4,PLxDNB6KvO9IYOZVXL-yguGPypGRcz1gy9
1738,1738,/Users/saml16/projects/Elections_info/static/central_elections/lok_sabha_2024/Combined_video/1738.mp4,PLxDNB6KvO9IYOZVXL-yguGPypGRcz1gy9
1739,1739,/Users/saml16/projects/Elections_info/static/central_elections/lok_sabha_2024/Combined_video/1739.mp4,PLxDNB6KvO9IYOZVXL-yguGPypGRcz1gy9
174,174,/Users/saml16/projects/Elections_info/static/central_elections/lok_sabha_2024/Combined_video/174.mp4,PLxDNB6KvO9IYOZVXL-yguGPypGRcz1gy9
1740,1740,/Users/saml16/projects/Elections_info/static/central_elections/lok_sabha_2024/Combined_video/1740.mp4,PLxDNB6KvO9IYOZVXL-yguGPypGRcz1gy9
1741,1741,/Users/saml16/projects/Elections_info/static/central_elections/lok_sabha_2024/Combined_video/1741.mp4,PLxDNB6KvO9IYOZVXL-yguGPypGRcz1gy9
1742,1742,/Users/saml16/projects/Elections_info/static/central_elections/lok_sabha_2024/Combined_video/1742.mp4,PLxDNB6KvO9IYOZVXL-yguGPypGRcz1gy9
1743,1743,/Users/saml16/projects/Elections_info/static/central_elections/lok_sabha_2024/Combined_video/1743.mp4,PLxDNB6KvO9IYOZVXL-yguGPypGRcz1gy9
1744,1744,/Users/saml16/projects/Elections_info/static/central_elections/lok_sabha_2024/Combined_video/1744.mp4,PLxDNB6KvO9IYOZVXL-yguGPypGRcz1gy9
1745,1745,/Users/saml16/projects/Elections_info/static/central_elections/lok_sabha_2024/Combined_video/1745.mp4,PLxDNB6KvO9IYOZVXL-yguGPypGRcz1gy9
1746,1746,/Users/saml16/projects/Elections_info/static/central_elections/lok_sabha_2024/Combined_video/1746.mp4,PLxDNB6KvO9IYOZVXL-yguGPypGRcz1gy9
1747,1747,/Users/saml16/projects/Elections_info/static/central_elections/lok_sabha_2024/Combined_video/1747.mp4,PLxDNB6KvO9IYOZVXL-yguGPypGRcz1gy9
1748,1748,/Users/saml16/projects/Elections_info/static/central_elections/lok_sabha_2024/Combined_video/1748.mp4,PLxDNB6KvO9IYOZVXL-yguGPypGRcz1gy9
1749,1749,/Users/saml16/projects/Elections_info/static/central_elections/lok_sabha_2024/Combined_video/1749.mp4,PLxDNB6KvO9IYOZVXL-yguGPypGRcz1gy9
175,175,/Users/saml16/projects/Elections_info/static/central_elections/lok_sabha_2024/Combined_video/175.mp4,PLxDNB6KvO9IYOZVXL-yguGPypGRcz1gy9
1750,1750,/Users/saml16/projects/Elections_info/static/central_elections/lok_sabha_2024/Combined_video/1750.mp4,PLxDNB6KvO9IYOZVXL-yguGPypGRcz1gy9
1751,1751,/Users/saml16/projects/Elections_info/static/central_elections/lok_sabha_2024/Combined_video/1751.mp4,PLxDNB6KvO9IYOZVXL-yguGPypGRcz1gy9
1752,1752,/Users/saml16/projects/Elections_info/static/central_elections/lok_sabha_2024/Combined_video/1752.mp4,PLxDNB6KvO9IYOZVXL-yguGPypGRcz1gy9
1753,1753,/Users/saml16/projects/Elections_info/static/central_elections/lok_sabha_2024/Combined_video/1753.mp4,PLxDNB6KvO9IYOZVXL-yguGPypGRcz1gy9
1754,1754,/Users/saml16/projects/Elections_info/static/central_elections/lok_sabha_2024/Combined_video/1754.mp4,PLxDNB6KvO9IYOZVXL-yguGPypGRcz1gy9
176,176,/Users/saml16/projects/Elections_info/static/central_elections/lok_sabha_2024/Combined_video/176.mp4,PLxDNB6KvO9IYOZVXL-yguGPypGRcz1gy9
177,177,/Users/saml16/projects/Elections_info/static/central_elections/lok_sabha_2024/Combined_video/177.mp4,PLxDNB6KvO9IYOZVXL-yguGPypGRcz1gy9
178,178,/Users/saml16/projects/Elections_info/static/central_elections/lok_sabha_2024/Combined_video/178.mp4,PLxDNB6KvO9IYOZVXL-yguGPypGRcz1gy9
179,179,/Users/saml16/projects/Elections_info/static/central_elections/lok_sabha_2024/Combined_video/179.mp4,PLxDNB6KvO9IYOZVXL-yguGPypGRcz1gy9
1793,1793,/Users/saml16/projects/Elections_info/static/central_elections/lok_sabha_2024/Combined_video/1793.mp4,PLxDNB6KvO9IYOZVXL-yguGPypGRcz1gy9
1796,1796,/Users/saml16/projects/Elections_info/static/central_elections/lok_sabha_2024/Combined_video/1796.mp4,PLxDNB6KvO9IYOZVXL-yguGPypGRcz1gy9
1797,1797,/Users/saml16/projects/Elections_info/static/central_elections/lok_sabha_2024/Combined_video/1797.mp4,PLxDNB6KvO9IYOZVXL-yguGPypGRcz1gy9
18,18,/Users/saml16/projects/Elections_info/static/central_elections/lok_sabha_2024/Combined_video/18.mp4,PLxDNB6KvO9IYOZVXL-yguGPypGRcz1gy9
180,180,/Users/saml16/projects/Elections_info/static/central_elections/lok_sabha_2024/Combined_video/180.mp4,PLxDNB6KvO9IYOZVXL-yguGPypGRcz1gy9
181,181,/Users/saml16/projects/Elections_info/static/central_elections/lok_sabha_2024/Combined_video/181.mp4,PLxDNB6KvO9IYOZVXL-yguGPypGRcz1gy9
182,182,/Users/saml16/projects/Elections_info/static/central_elections/lok_sabha_2024/Combined_video/182.mp4,PLxDNB6KvO9IYOZVXL-yguGPypGRcz1gy9
183,183,/Users/saml16/projects/Elections_info/static/central_elections/lok_sabha_2024/Combined_video/183.mp4,PLxDNB6KvO9IYOZVXL-yguGPypGRcz1gy9
184,184,/Users/saml16/projects/Elections_info/static/central_elections/lok_sabha_2024/Combined_video/184.mp4,PLxDNB6KvO9IYOZVXL-yguGPypGRcz1gy9
185,185,/Users/saml16/projects/Elections_info/static/central_elections/lok_sabha_2024/Combined_video/185.mp4,PLxDNB6KvO9IYOZVXL-yguGPypGRcz1gy9
186,186,/Users/saml16/projects/Elections_info/static/central_elections/lok_sabha_2024/Combined_video/186.mp4,PLxDNB6KvO9IYOZVXL-yguGPypGRcz1gy9
187,187,/Users/saml16/projects/Elections_info/static/central_elections/lok_sabha_2024/Combined_video/187.mp4,PLxDNB6KvO9IYOZVXL-yguGPypGRcz1gy9
188,188,/Users/saml16/projects/Elections_info/static/central_elections/lok_sabha_2024/Combined_video/188.mp4,PLxDNB6KvO9IYOZVXL-yguGPypGRcz1gy9
189,189,/Users/saml16/projects/Elections_info/static/central_elections/lok_sabha_2024/Combined_video/189.mp4,PLxDNB6KvO9IYOZVXL-yguGPypGRcz1gy9
19,19,/Users/saml16/projects/Elections_info/static/central_elections/lok_sabha_2024/Combined_video/19.mp4,PLxDNB6KvO9IYOZVXL-yguGPypGRcz1gy9
190,190,/Users/saml16/projects/Elections_info/static/central_elections/lok_sabha_2024/Combined_video/190.mp4,PLxDNB6KvO9IYOZVXL-yguGPypGRcz1gy9
191,191,/Users/saml16/projects/Elections_info/static/central_elections/lok_sabha_2024/Combined_video/191.mp4,PLxDNB6KvO9IYOZVXL-yguGPypGRcz1gy9
192,192,/Users/saml16/projects/Elections_info/static/central_elections/lok_sabha_2024/Combined_video/192.mp4,PLxDNB6KvO9IYOZVXL-yguGPypGRcz1gy9
193,193,/Users/saml16/projects/Elections_info/static/central_elections/lok_sabha_2024/Combined_video/193.mp4,PLxDNB6KvO9IYOZVXL-yguGPypGRcz1gy9
194,194,/Users/saml16/projects/Elections_info/static/central_elections/lok_sabha_2024/Combined_video/194.mp4,PLxDNB6KvO9IYOZVXL-yguGPypGRcz1gy9
195,195,/Users/saml16/projects/Elections_info/static/central_elections/lok_sabha_2024/Combined_video/195.mp4,PLxDNB6KvO9IYOZVXL-yguGPypGRcz1gy9
197,197,/Users/saml16/projects/Elections_info/static/central_elections/lok_sabha_2024/Combined_video/197.mp4,PLxDNB6KvO9IYOZVXL-yguGPypGRcz1gy9
198,198,/Users/saml16/projects/Elections_info/static/central_elections/lok_sabha_2024/Combined_video/198.mp4,PLxDNB6KvO9IYOZVXL-yguGPypGRcz1gy9
199,199,/Users/saml16/projects/Elections_info/static/central_elections/lok_sabha_2024/Combined_video/199.mp4,PLxDNB6KvO9IYOZVXL-yguGPypGRcz1gy9
2,2,/Users/saml16/projects/Elections_info/static/central_elections/lok_sabha_2024/Combined_video/2.mp4,PLxDNB6KvO9IYOZVXL-yguGPypGRcz1gy9
20,20,/Users/saml16/projects/Elections_info/static/central_elections/lok_sabha_2024/Combined_video/20.mp4,PLxDNB6KvO9IYOZVXL-yguGPypGRcz1gy9
200,200,/Users/saml16/projects/Elections_info/static/central_elections/lok_sabha_2024/Combined_video/200.mp4,PLxDNB6KvO9IYOZVXL-yguGPypGRcz1gy9
201,201,/Users/saml16/projects/Elections_info/static/central_elections/lok_sabha_2024/Combined_video/201.mp4,PLxDNB6KvO9IYOZVXL-yguGPypGRcz1gy9
202,202,/Users/saml16/projects/Elections_info/static/central_elections/lok_sabha_2024/Combined_video/202.mp4,PLxDNB6KvO9IYOZVXL-yguGPypGRcz1gy9
203,203,/Users/saml16/projects/Elections_info/static/central_elections/lok_sabha_2024/Combined_video/203.mp4,PLxDNB6KvO9IYOZVXL-yguGPypGRcz1gy9
204,204,/Users/saml16/projects/Elections_info/static/central_elections/lok_sabha_2024/Combined_video/204.mp4,PLxDNB6KvO9IYOZVXL-yguGPypGRcz1gy9
205,205,/Users/saml16/projects/Elections_info/static/central_elections/lok_sabha_2024/Combined_video/205.mp4,PLxDNB6KvO9IYOZVXL-yguGPypGRcz1gy9
206,206,/Users/saml16/projects/Elections_info/static/central_elections/lok_sabha_2024/Combined_video/206.mp4,PLxDNB6KvO9IYOZVXL-yguGPypGRcz1gy9
207,207,/Users/saml16/projects/Elections_info/static/central_elections/lok_sabha_2024/Combined_video/207.mp4,PLxDNB6KvO9IYOZVXL-yguGPypGRcz1gy9
208,208,/Users/saml16/projects/Elections_info/static/central_elections/lok_sabha_2024/Combined_video/208.mp4,PLxDNB6KvO9IYOZVXL-yguGPypGRcz1gy9
209,209,/Users/saml16/projects/Elections_info/static/central_elections/lok_sabha_2024/Combined_video/209.mp4,PLxDNB6KvO9IYOZVXL-yguGPypGRcz1gy9
21,21,/Users/saml16/projects/Elections_info/static/central_elections/lok_sabha_2024/Combined_video/21.mp4,PLxDNB6KvO9IYOZVXL-yguGPypGRcz1gy9
210,210,/Users/saml16/projects/Elections_info/static/central_elections/lok_sabha_2024/Combined_video/210.mp4,PLxDNB6KvO9IYOZVXL-yguGPypGRcz1gy9
211,211,/Users/saml16/projects/Elections_info/static/central_elections/lok_sabha_2024/Combined_video/211.mp4,PLxDNB6KvO9IYOZVXL-yguGPypGRcz1gy9
212,212,/Users/saml16/projects/Elections_info/static/central_elections/lok_sabha_2024/Combined_video/212.mp4,PLxDNB6KvO9IYOZVXL-yguGPypGRcz1gy9
213,213,/Users/saml16/projects/Elections_info/static/central_elections/lok_sabha_2024/Combined_video/213.mp4,PLxDNB6KvO9IYOZVXL-yguGPypGRcz1gy9
214,214,/Users/saml16/projects/Elections_info/static/central_elections/lok_sabha_2024/Combined_video/214.mp4,PLxDNB6KvO9IYOZVXL-yguGPypGRcz1gy9
215,215,/Users/saml16/projects/Elections_info/static/central_elections/lok_sabha_2024/Combined_video/215.mp4,PLxDNB6KvO9IYOZVXL-yguGPypGRcz1gy9
216,216,/Users/saml16/projects/Elections_info/static/central_elections/lok_sabha_2024/Combined_video/216.mp4,PLxDNB6KvO9IYOZVXL-yguGPypGRcz1gy9
217,217,/Users/saml16/projects/Elections_info/static/central_elections/lok_sabha_2024/Combined_video/217.mp4,PLxDNB6KvO9IYOZVXL-yguGPypGRcz1gy9
218,218,/Users/saml16/projects/Elections_info/static/central_elections/lok_sabha_2024/Combined_video/218.mp4,PLxDNB6KvO9IYOZVXL-yguGPypGRcz1gy9
219,219,/Users/saml16/projects/Elections_info/static/central_elections/lok_sabha_2024/Combined_video/219.mp4,PLxDNB6KvO9IYOZVXL-yguGPypGRcz1gy9
220,220,/Users/saml16/projects/Elections_info/static/central_elections/lok_sabha_2024/Combined_video/220.mp4,PLxDNB6KvO9IYOZVXL-yguGPypGRcz1gy9
221,221,/Users/saml16/projects/Elections_info/static/central_elections/lok_sabha_2024/Combined_video/221.mp4,PLxDNB6KvO9IYOZVXL-yguGPypGRcz1gy9
222,222,/Users/saml16/projects/Elections_info/static/central_elections/lok_sabha_2024/Combined_video/222.mp4,PLxDNB6KvO9IYOZVXL-yguGPypGRcz1gy9
223,223,/Users/saml16/projects/Elections_info/static/central_elections/lok_sabha_2024/Combined_video/223.mp4,PLxDNB6KvO9IYOZVXL-yguGPypGRcz1gy9
224,224,/Users/saml16/projects/Elections_info/static/central_elections/lok_sabha_2024/Combined_video/224.mp4,PLxDNB6KvO9IYOZVXL-yguGPypGRcz1gy9
225,225,/Users/saml16/projects/Elections_info/static/central_elections/lok_sabha_2024/Combined_video/225.mp4,PLxDNB6KvO9IYOZVXL-yguGPypGRcz1gy9
226,226,/Users/saml16/projects/Elections_info/static/central_elections/lok_sabha_2024/Combined_video/226.mp4,PLxDNB6KvO9IYOZVXL-yguGPypGRcz1gy9
227,227,/Users/saml16/projects/Elections_info/static/central_elections/lok_sabha_2024/Combined_video/227.mp4,PLxDNB6KvO9IYOZVXL-yguGPypGRcz1gy9
228,228,/Users/saml16/projects/Elections_info/static/central_elections/lok_sabha_2024/Combined_video/228.mp4,PLxDNB6KvO9IYOZVXL-yguGPypGRcz1gy9
229,229,/Users/saml16/projects/Elections_info/static/central_elections/lok_sabha_2024/Combined_video/229.mp4,PLxDNB6KvO9IYOZVXL-yguGPypGRcz1gy9
23,23,/Users/saml16/projects/Elections_info/static/central_elections/lok_sabha_2024/Combined_video/23.mp4,PLxDNB6KvO9IYOZVXL-yguGPypGRcz1gy9
230,230,/Users/saml16/projects/Elections_info/static/central_elections/lok_sabha_2024/Combined_video/230.mp4,PLxDNB6KvO9IYOZVXL-yguGPypGRcz1gy9
231,231,/Users/saml16/projects/Elections_info/static/central_elections/lok_sabha_2024/Combined_video/231.mp4,PLxDNB6KvO9IYOZVXL-yguGPypGRcz1gy9
232,232,/Users/saml16/projects/Elections_info/static/central_elections/lok_sabha_2024/Combined_video/232.mp4,PLxDNB6KvO9IYOZVXL-yguGPypGRcz1gy9
233,233,/Users/saml16/projects/Elections_info/static/central_elections/lok_sabha_2024/Combined_video/233.mp4,PLxDNB6KvO9IYOZVXL-yguGPypGRcz1gy9
234,234,/Users/saml16/projects/Elections_info/static/central_elections/lok_sabha_2024/Combined_video/234.mp4,PLxDNB6KvO9IYOZVXL-yguGPypGRcz1gy9
235,235,/Users/saml16/projects/Elections_info/static/central_elections/lok_sabha_2024/Combined_video/235.mp4,PLxDNB6KvO9IYOZVXL-yguGPypGRcz1gy9
236,236,/Users/saml16/projects/Elections_info/static/central_elections/lok_sabha_2024/Combined_video/236.mp4,PLxDNB6KvO9IYOZVXL-yguGPypGRcz1gy9
237,237,/Users/saml16/projects/Elections_info/static/central_elections/lok_sabha_2024/Combined_video/237.mp4,PLxDNB6KvO9IYOZVXL-yguGPypGRcz1gy9
238,238,/Users/saml16/projects/Elections_info/static/central_elections/lok_sabha_2024/Combined_video/238.mp4,PLxDNB6KvO9IYOZVXL-yguGPypGRcz1gy9
239,239,/Users/saml16/projects/Elections_info/static/central_elections/lok_sabha_2024/Combined_video/239.mp4,PLxDNB6KvO9IYOZVXL-yguGPypGRcz1gy9
24,24,/Users/saml16/projects/Elections_info/static/central_elections/lok_sabha_2024/Combined_video/24.mp4,PLxDNB6KvO9IYOZVXL-yguGPypGRcz1gy9
240,240,/Users/saml16/projects/Elections_info/static/central_elections/lok_sabha_2024/Combined_video/240.mp4,PLxDNB6KvO9IYOZVXL-yguGPypGRcz1gy9
241,241,/Users/saml16/projects/Elections_info/static/central_elections/lok_sabha_2024/Combined_video/241.mp4,PLxDNB6KvO9IYOZVXL-yguGPypGRcz1gy9
242,242,/Users/saml16/projects/Elections_info/static/central_elections/lok_sabha_2024/Combined_video/242.mp4,PLxDNB6KvO9IYOZVXL-yguGPypGRcz1gy9
243,243,/Users/saml16/projects/Elections_info/static/central_elections/lok_sabha_2024/Combined_video/243.mp4,PLxDNB6KvO9IYOZVXL-yguGPypGRcz1gy9
244,244,/Users/saml16/projects/Elections_info/static/central_elections/lok_sabha_2024/Combined_video/244.mp4,PLxDNB6KvO9IYOZVXL-yguGPypGRcz1gy9
245,245,/Users/saml16/projects/Elections_info/static/central_elections/lok_sabha_2024/Combined_video/245.mp4,PLxDNB6KvO9IYOZVXL-yguGPypGRcz1gy9
246,246,/Users/saml16/projects/Elections_info/static/central_elections/lok_sabha_2024/Combined_video/246.mp4,PLxDNB6KvO9IYOZVXL-yguGPypGRcz1gy9
247,247,/Users/saml16/projects/Elections_info/static/central_elections/lok_sabha_2024/Combined_video/247.mp4,PLxDNB6KvO9IYOZVXL-yguGPypGRcz1gy9
248,248,/Users/saml16/projects/Elections_info/static/central_elections/lok_sabha_2024/Combined_video/248.mp4,PLxDNB6KvO9IYOZVXL-yguGPypGRcz1gy9
249,249,/Users/saml16/projects/Elections_info/static/central_elections/lok_sabha_2024/Combined_video/249.mp4,PLxDNB6KvO9IYOZVXL-yguGPypGRcz1gy9
25,25,/Users/saml16/projects/Elections_info/static/central_elections/lok_sabha_2024/Combined_video/25.mp4,PLxDNB6KvO9IYOZVXL-yguGPypGRcz1gy9
250,250,/Users/saml16/projects/Elections_info/static/central_elections/lok_sabha_2024/Combined_video/250.mp4,PLxDNB6KvO9IYOZVXL-yguGPypGRcz1gy9
251,251,/Users/saml16/projects/Elections_info/static/central_elections/lok_sabha_2024/Combined_video/251.mp4,PLxDNB6KvO9IYOZVXL-yguGPypGRcz1gy9
252,252,/Users/saml16/projects/Elections_info/static/central_elections/lok_sabha_2024/Combined_video/252.mp4,PLxDNB6KvO9IYOZVXL-yguGPypGRcz1gy9
253,253,/Users/saml16/projects/Elections_info/static/central_elections/lok_sabha_2024/Combined_video/253.mp4,PLxDNB6KvO9IYOZVXL-yguGPypGRcz1gy9
254,254,/Users/saml16/projects/Elections_info/static/central_elections/lok_sabha_2024/Combined_video/254.mp4,PLxDNB6KvO9IYOZVXL-yguGPypGRcz1gy9
255,255,/Users/saml16/projects/Elections_info/static/central_elections/lok_sabha_2024/Combined_video/255.mp4,PLxDNB6KvO9IYOZVXL-yguGPypGRcz1gy9
256,256,/Users/saml16/projects/Elections_info/static/central_elections/lok_sabha_2024/Combined_video/256.mp4,PLxDNB6KvO9IYOZVXL-yguGPypGRcz1gy9
259,259,/Users/saml16/projects/Elections_info/static/central_elections/lok_sabha_2024/Combined_video/259.mp4,PLxDNB6KvO9IYOZVXL-yguGPypGRcz1gy9
26,26,/Users/saml16/projects/Elections_info/static/central_elections/lok_sabha_2024/Combined_video/26.mp4,PLxDNB6KvO9IYOZVXL-yguGPypGRcz1gy9
260,260,/Users/saml16/projects/Elections_info/static/central_elections/lok_sabha_2024/Combined_video/260.mp4,PLxDNB6KvO9IYOZVXL-yguGPypGRcz1gy9
261,261,/Users/saml16/projects/Elections_info/static/central_elections/lok_sabha_2024/Combined_video/261.mp4,PLxDNB6KvO9IYOZVXL-yguGPypGRcz1gy9
262,262,/Users/saml16/projects/Elections_info/static/central_elections/lok_sabha_2024/Combined_video/262.mp4,PLxDNB6KvO9IYOZVXL-yguGPypGRcz1gy9
263,263,/Users/saml16/projects/Elections_info/static/central_elections/lok_sabha_2024/Combined_video/263.mp4,PLxDNB6KvO9IYOZVXL-yguGPypGRcz1gy9
264,264,/Users/saml16/projects/Elections_info/static/central_elections/lok_sabha_2024/Combined_video/264.mp4,PLxDNB6KvO9IYOZVXL-yguGPypGRcz1gy9
265,265,/Users/saml16/projects/Elections_info/static/central_elections/lok_sabha_2024/Combined_video/265.mp4,PLxDNB6KvO9IYOZVXL-yguGPypGRcz1gy9
266,266,/Users/saml16/projects/Elections_info/static/central_elections/lok_sabha_2024/Combined_video/266.mp4,PLxDNB6KvO9IYOZVXL-yguGPypGRcz1gy9
267,267,/Users/saml16/projects/Elections_info/static/central_elections/lok_sabha_2024/Combined_video/267.mp4,PLxDNB6KvO9IYOZVXL-yguGPypGRcz1gy9
268,268,/Users/saml16/projects/Elections_info/static/central_elections/lok_sabha_2024/Combined_video/268.mp4,PLxDNB6KvO9IYOZVXL-yguGPypGRcz1gy9
269,269,/Users/saml16/projects/Elections_info/static/central_elections/lok_sabha_2024/Combined_video/269.mp4,PLxDNB6KvO9IYOZVXL-yguGPypGRcz1gy9
27,27,/Users/saml16/projects/Elections_info/static/central_elections/lok_sabha_2024/Combined_video/27.mp4,PLxDNB6KvO9IYOZVXL-yguGPypGRcz1gy9
270,270,/Users/saml16/projects/Elections_info/static/central_elections/lok_sabha_2024/Combined_video/270.mp4,PLxDNB6KvO9IYOZVXL-yguGPypGRcz1gy9
271,271,/Users/saml16/projects/Elections_info/static/central_elections/lok_sabha_2024/Combined_video/271.mp4,PLxDNB6KvO9IYOZVXL-yguGPypGRcz1gy9
272,272,/Users/saml16/projects/Elections_info/static/central_elections/lok_sabha_2024/Combined_video/272.mp4,PLxDNB6KvO9IYOZVXL-yguGPypGRcz1gy9
273,273,/Users/saml16/projects/Elections_info/static/central_elections/lok_sabha_2024/Combined_video/273.mp4,PLxDNB6KvO9IYOZVXL-yguGPypGRcz1gy9
274,274,/Users/saml16/projects/Elections_info/static/central_elections/lok_sabha_2024/Combined_video/274.mp4,PLxDNB6KvO9IYOZVXL-yguGPypGRcz1gy9
275,275,/Users/saml16/projects/Elections_info/static/central_elections/lok_sabha_2024/Combined_video/275.mp4,PLxDNB6KvO9IYOZVXL-yguGPypGRcz1gy9
276,276,/Users/saml16/projects/Elections_info/static/central_elections/lok_sabha_2024/Combined_video/276.mp4,PLxDNB6KvO9IYOZVXL-yguGPypGRcz1gy9
277,277,/Users/saml16/projects/Elections_info/static/central_elections/lok_sabha_2024/Combined_video/277.mp4,PLxDNB6KvO9IYOZVXL-yguGPypGRcz1gy9
278,278,/Users/saml16/projects/Elections_info/static/central_elections/lok_sabha_2024/Combined_video/278.mp4,PLxDNB6KvO9IYOZVXL-yguGPypGRcz1gy9
279,279,/Users/saml16/projects/Elections_info/static/central_elections/lok_sabha_2024/Combined_video/279.mp4,PLxDNB6KvO9IYOZVXL-yguGPypGRcz1gy9
28,28,/Users/saml16/projects/Elections_info/static/central_elections/lok_sabha_2024/Combined_video/28.mp4,PLxDNB6KvO9IYOZVXL-yguGPypGRcz1gy9
280,280,/Users/saml16/projects/Elections_info/static/central_elections/lok_sabha_2024/Combined_video/280.mp4,PLxDNB6KvO9IYOZVXL-yguGPypGRcz1gy9
281,281,/Users/saml16/projects/Elections_info/static/central_elections/lok_sabha_2024/Combined_video/281.mp4,PLxDNB6KvO9IYOZVXL-yguGPypGRcz1gy9
282,282,/Users/saml16/projects/Elections_info/static/central_elections/lok_sabha_2024/Combined_video/282.mp4,PLxDNB6KvO9IYOZVXL-yguGPypGRcz1gy9
283,283,/Users/saml16/projects/Elections_info/static/central_elections/lok_sabha_2024/Combined_video/283.mp4,PLxDNB6KvO9IYOZVXL-yguGPypGRcz1gy9
284,284,/Users/saml16/projects/Elections_info/static/central_elections/lok_sabha_2024/Combined_video/284.mp4,PLxDNB6KvO9IYOZVXL-yguGPypGRcz1gy9
285,285,/Users/saml16/projects/Elections_info/static/central_elections/lok_sabha_2024/Combined_video/285.mp4,PLxDNB6KvO9IYOZVXL-yguGPypGRcz1gy9
286,286,/Users/saml16/projects/Elections_info/static/central_elections/lok_sabha_2024/Combined_video/286.mp4,PLxDNB6KvO9IYOZVXL-yguGPypGRcz1gy9
287,287,/Users/saml16/projects/Elections_info/static/central_elections/lok_sabha_2024/Combined_video/287.mp4,PLxDNB6KvO9IYOZVXL-yguGPypGRcz1gy9
288,288,/Users/saml16/projects/Elections_info/static/central_elections/lok_sabha_2024/Combined_video/288.mp4,PLxDNB6KvO9IYOZVXL-yguGPypGRcz1gy9
289,289,/Users/saml16/projects/Elections_info/static/central_elections/lok_sabha_2024/Combined_video/289.mp4,PLxDNB6KvO9IYOZVXL-yguGPypGRcz1gy9
29,29,/Users/saml16/projects/Elections_info/static/central_elections/lok_sabha_2024/Combined_video/29.mp4,PLxDNB6KvO9IYOZVXL-yguGPypGRcz1gy9
290,290,/Users/saml16/projects/Elections_info/static/central_elections/lok_sabha_2024/Combined_video/290.mp4,PLxDNB6KvO9IYOZVXL-yguGPypGRcz1gy9
292,292,/Users/saml16/projects/Elections_info/static/central_elections/lok_sabha_2024/Combined_video/292.mp4,PLxDNB6KvO9IYOZVXL-yguGPypGRcz1gy9
293,293,/Users/saml16/projects/Elections_info/static/central_elections/lok_sabha_2024/Combined_video/293.mp4,PLxDNB6KvO9IYOZVXL-yguGPypGRcz1gy9
295,295,/Users/saml16/projects/Elections_info/static/central_elections/lok_sabha_2024/Combined_video/295.mp4,PLxDNB6KvO9IYOZVXL-yguGPypGRcz1gy9
296,296,/Users/saml16/projects/Elections_info/static/central_elections/lok_sabha_2024/Combined_video/296.mp4,PLxDNB6KvO9IYOZVXL-yguGPypGRcz1gy9
297,297,/Users/saml16/projects/Elections_info/static/central_elections/lok_sabha_2024/Combined_video/297.mp4,PLxDNB6KvO9IYOZVXL-yguGPypGRcz1gy9
298,298,/Users/saml16/projects/Elections_info/static/central_elections/lok_sabha_2024/Combined_video/298.mp4,PLxDNB6KvO9IYOZVXL-yguGPypGRcz1gy9
299,299,/Users/saml16/projects/Elections_info/static/central_elections/lok_sabha_2024/Combined_video/299.mp4,PLxDNB6KvO9IYOZVXL-yguGPypGRcz1gy9
3,3,/Users/saml16/projects/Elections_info/static/central_elections/lok_sabha_2024/Combined_video/3.mp4,PLxDNB6KvO9IYOZVXL-yguGPypGRcz1gy9
300,300,/Users/saml16/projects/Elections_info/static/central_elections/lok_sabha_2024/Combined_video/300.mp4,PLxDNB6KvO9IYOZVXL-yguGPypGRcz1gy9
301,301,/Users/saml16/projects/Elections_info/static/central_elections/lok_sabha_2024/Combined_video/301.mp4,PLxDNB6KvO9IYOZVXL-yguGPypGRcz1gy9
304,304,/Users/saml16/projects/Elections_info/static/central_elections/lok_sabha_2024/Combined_video/304.mp4,PLxDNB6KvO9IYOZVXL-yguGPypGRcz1gy9
306,306,/Users/saml16/projects/Elections_info/static/central_elections/lok_sabha_2024/Combined_video/306.mp4,PLxDNB6KvO9IYOZVXL-yguGPypGRcz1gy9
307,307,/Users/saml16/projects/Elections_info/static/central_elections/lok_sabha_2024/Combined_video/307.mp4,PLxDNB6KvO9IYOZVXL-yguGPypGRcz1gy9
309,309,/Users/saml16/projects/Elections_info/static/central_elections/lok_sabha_2024/Combined_video/309.mp4,PLxDNB6KvO9IYOZVXL-yguGPypGRcz1gy9
31,31,/Users/saml16/projects/Elections_info/static/central_elections/lok_sabha_2024/Combined_video/31.mp4,PLxDNB6KvO9IYOZVXL-yguGPypGRcz1gy9
310,310,/Users/saml16/projects/Elections_info/static/central_elections/lok_sabha_2024/Combined_video/310.mp4,PLxDNB6KvO9IYOZVXL-yguGPypGRcz1gy9
311,311,/Users/saml16/projects/Elections_info/static/central_elections/lok_sabha_2024/Combined_video/311.mp4,PLxDNB6KvO9IYOZVXL-yguGPypGRcz1gy9
312,312,/Users/saml16/projects/Elections_info/static/central_elections/lok_sabha_2024/Combined_video/312.mp4,PLxDNB6KvO9IYOZVXL-yguGPypGRcz1gy9
313,313,/Users/saml16/projects/Elections_info/static/central_elections/lok_sabha_2024/Combined_video/313.mp4,PLxDNB6KvO9IYOZVXL-yguGPypGRcz1gy9
314,314,/Users/saml16/projects/Elections_info/static/central_elections/lok_sabha_2024/Combined_video/314.mp4,PLxDNB6KvO9IYOZVXL-yguGPypGRcz1gy9
315,315,/Users/saml16/projects/Elections_info/static/central_elections/lok_sabha_2024/Combined_video/315.mp4,PLxDNB6KvO9IYOZVXL-yguGPypGRcz1gy9
316,316,/Users/saml16/projects/Elections_info/static/central_elections/lok_sabha_2024/Combined_video/316.mp4,PLxDNB6KvO9IYOZVXL-yguGPypGRcz1gy9
317,317,/Users/saml16/projects/Elections_info/static/central_elections/lok_sabha_2024/Combined_video/317.mp4,PLxDNB6KvO9IYOZVXL-yguGPypGRcz1gy9
318,318,/Users/saml16/projects/Elections_info/static/central_elections/lok_sabha_2024/Combined_video/318.mp4,PLxDNB6KvO9IYOZVXL-yguGPypGRcz1gy9
319,319,/Users/saml16/projects/Elections_info/static/central_elections/lok_sabha_2024/Combined_video/319.mp4,PLxDNB6KvO9IYOZVXL-yguGPypGRcz1gy9
32,32,/Users/saml16/projects/Elections_info/static/central_elections/lok_sabha_2024/Combined_video/32.mp4,PLxDNB6KvO9IYOZVXL-yguGPypGRcz1gy9
320,320,/Users/saml16/projects/Elections_info/static/central_elections/lok_sabha_2024/Combined_video/320.mp4,PLxDNB6KvO9IYOZVXL-yguGPypGRcz1gy9
321,321,/Users/saml16/projects/Elections_info/static/central_elections/lok_sabha_2024/Combined_video/321.mp4,PLxDNB6KvO9IYOZVXL-yguGPypGRcz1gy9
322,322,/Users/saml16/projects/Elections_info/static/central_elections/lok_sabha_2024/Combined_video/322.mp4,PLxDNB6KvO9IYOZVXL-yguGPypGRcz1gy9
323,323,/Users/saml16/projects/Elections_info/static/central_elections/lok_sabha_2024/Combined_video/323.mp4,PLxDNB6KvO9IYOZVXL-yguGPypGRcz1gy9
324,324,/Users/saml16/projects/Elections_info/static/central_elections/lok_sabha_2024/Combined_video/324.mp4,PLxDNB6KvO9IYOZVXL-yguGPypGRcz1gy9
326,326,/Users/saml16/projects/Elections_info/static/central_elections/lok_sabha_2024/Combined_video/326.mp4,PLxDNB6KvO9IYOZVXL-yguGPypGRcz1gy9
329,329,/Users/saml16/projects/Elections_info/static/central_elections/lok_sabha_2024/Combined_video/329.mp4,PLxDNB6KvO9IYOZVXL-yguGPypGRcz1gy9
33,33,/Users/saml16/projects/Elections_info/static/central_elections/lok_sabha_2024/Combined_video/33.mp4,PLxDNB6KvO9IYOZVXL-yguGPypGRcz1gy9
330,330,/Users/saml16/projects/Elections_info/static/central_elections/lok_sabha_2024/Combined_video/330.mp4,PLxDNB6KvO9IYOZVXL-yguGPypGRcz1gy9
332,332,/Users/saml16/projects/Elections_info/static/central_elections/lok_sabha_2024/Combined_video/332.mp4,PLxDNB6KvO9IYOZVXL-yguGPypGRcz1gy9
333,333,/Users/saml16/projects/Elections_info/static/central_elections/lok_sabha_2024/Combined_video/333.mp4,PLxDNB6KvO9IYOZVXL-yguGPypGRcz1gy9
335,335,/Users/saml16/projects/Elections_info/static/central_elections/lok_sabha_2024/Combined_video/335.mp4,PLxDNB6KvO9IYOZVXL-yguGPypGRcz1gy9
336,336,/Users/saml16/projects/Elections_info/static/central_elections/lok_sabha_2024/Combined_video/336.mp4,PLxDNB6KvO9IYOZVXL-yguGPypGRcz1gy9
337,337,/Users/saml16/projects/Elections_info/static/central_elections/lok_sabha_2024/Combined_video/337.mp4,PLxDNB6KvO9IYOZVXL-yguGPypGRcz1gy9
338,338,/Users/saml16/projects/Elections_info/static/central_elections/lok_sabha_2024/Combined_video/338.mp4,PLxDNB6KvO9IYOZVXL-yguGPypGRcz1gy9
339,339,/Users/saml16/projects/Elections_info/static/central_elections/lok_sabha_2024/Combined_video/339.mp4,PLxDNB6KvO9IYOZVXL-yguGPypGRcz1gy9
34,34,/Users/saml16/projects/Elections_info/static/central_elections/lok_sabha_2024/Combined_video/34.mp4,PLxDNB6KvO9IYOZVXL-yguGPypGRcz1gy9
340,340,/Users/saml16/projects/Elections_info/static/central_elections/lok_sabha_2024/Combined_video/340.mp4,PLxDNB6KvO9IYOZVXL-yguGPypGRcz1gy9
341,341,/Users/saml16/projects/Elections_info/static/central_elections/lok_sabha_2024/Combined_video/341.mp4,PLxDNB6KvO9IYOZVXL-yguGPypGRcz1gy9
342,342,/Users/saml16/projects/Elections_info/static/central_elections/lok_sabha_2024/Combined_video/342.mp4,PLxDNB6KvO9IYOZVXL-yguGPypGRcz1gy9
343,343,/Users/saml16/projects/Elections_info/static/central_elections/lok_sabha_2024/Combined_video/343.mp4,PLxDNB6KvO9IYOZVXL-yguGPypGRcz1gy9
344,344,/Users/saml16/projects/Elections_info/static/central_elections/lok_sabha_2024/Combined_video/344.mp4,PLxDNB6KvO9IYOZVXL-yguGPypGRcz1gy9
345,345,/Users/saml16/projects/Elections_info/static/central_elections/lok_sabha_2024/Combined_video/345.mp4,PLxDNB6KvO9IYOZVXL-yguGPypGRcz1gy9
346,346,/Users/saml16/projects/Elections_info/static/central_elections/lok_sabha_2024/Combined_video/346.mp4,PLxDNB6KvO9IYOZVXL-yguGPypGRcz1gy9
347,347,/Users/saml16/projects/Elections_info/static/central_elections/lok_sabha_2024/Combined_video/347.mp4,PLxDNB6KvO9IYOZVXL-yguGPypGRcz1gy9
348,348,/Users/saml16/projects/Elections_info/static/central_elections/lok_sabha_2024/Combined_video/348.mp4,PLxDNB6KvO9IYOZVXL-yguGPypGRcz1gy9
349,349,/Users/saml16/projects/Elections_info/static/central_elections/lok_sabha_2024/Combined_video/349.mp4,PLxDNB6KvO9IYOZVXL-yguGPypGRcz1gy9
35,35,/Users/saml16/projects/Elections_info/static/central_elections/lok_sabha_2024/Combined_video/35.mp4,PLxDNB6KvO9IYOZVXL-yguGPypGRcz1gy9
350,350,/Users/saml16/projects/Elections_info/static/central_elections/lok_sabha_2024/Combined_video/350.mp4,PLxDNB6KvO9IYOZVXL-yguGPypGRcz1gy9
351,351,/Users/saml16/projects/Elections_info/static/central_elections/lok_sabha_2024/Combined_video/351.mp4,PLxDNB6KvO9IYOZVXL-yguGPypGRcz1gy9
352,352,/Users/saml16/projects/Elections_info/static/central_elections/lok_sabha_2024/Combined_video/352.mp4,PLxDNB6KvO9IYOZVXL-yguGPypGRcz1gy9
353,353,/Users/saml16/projects/Elections_info/static/central_elections/lok_sabha_2024/Combined_video/353.mp4,PLxDNB6KvO9IYOZVXL-yguGPypGRcz1gy9
354,354,/Users/saml16/projects/Elections_info/static/central_elections/lok_sabha_2024/Combined_video/354.mp4,PLxDNB6KvO9IYOZVXL-yguGPypGRcz1gy9
355,355,/Users/saml16/projects/Elections_info/static/central_elections/lok_sabha_2024/Combined_video/355.mp4,PLxDNB6KvO9IYOZVXL-yguGPypGRcz1gy9
356,356,/Users/saml16/projects/Elections_info/static/central_elections/lok_sabha_2024/Combined_video/356.mp4,PLxDNB6KvO9IYOZVXL-yguGPypGRcz1gy9
357,357,/Users/saml16/projects/Elections_info/static/central_elections/lok_sabha_2024/Combined_video/357.mp4,PLxDNB6KvO9IYOZVXL-yguGPypGRcz1gy9
358,358,/Users/saml16/projects/Elections_info/static/central_elections/lok_sabha_2024/Combined_video/358.mp4,PLxDNB6KvO9IYOZVXL-yguGPypGRcz1gy9
359,359,/Users/saml16/projects/Elections_info/static/central_elections/lok_sabha_2024/Combined_video/359.mp4,PLxDNB6KvO9IYOZVXL-yguGPypGRcz1gy9
360,360,/Users/saml16/projects/Elections_info/static/central_elections/lok_sabha_2024/Combined_video/360.mp4,PLxDNB6KvO9IYOZVXL-yguGPypGRcz1gy9
361,361,/Users/saml16/projects/Elections_info/static/central_elections/lok_sabha_2024/Combined_video/361.mp4,PLxDNB6KvO9IYOZVXL-yguGPypGRcz1gy9
362,362,/Users/saml16/projects/Elections_info/static/central_elections/lok_sabha_2024/Combined_video/362.mp4,PLxDNB6KvO9IYOZVXL-yguGPypGRcz1gy9
363,363,/Users/saml16/projects/Elections_info/static/central_elections/lok_sabha_2024/Combined_video/363.mp4,PLxDNB6KvO9IYOZVXL-yguGPypGRcz1gy9
365,365,/Users/saml16/projects/Elections_info/static/central_elections/lok_sabha_2024/Combined_video/365.mp4,PLxDNB6KvO9IYOZVXL-yguGPypGRcz1gy9
366,366,/Users/saml16/projects/Elections_info/static/central_elections/lok_sabha_2024/Combined_video/366.mp4,PLxDNB6KvO9IYOZVXL-yguGPypGRcz1gy9
367,367,/Users/saml16/projects/Elections_info/static/central_elections/lok_sabha_2024/Combined_video/367.mp4,PLxDNB6KvO9IYOZVXL-yguGPypGRcz1gy9
368,368,/Users/saml16/projects/Elections_info/static/central_elections/lok_sabha_2024/Combined_video/368.mp4,PLxDNB6KvO9IYOZVXL-yguGPypGRcz1gy9
369,369,/Users/saml16/projects/Elections_info/static/central_elections/lok_sabha_2024/Combined_video/369.mp4,PLxDNB6KvO9IYOZVXL-yguGPypGRcz1gy9
37,37,/Users/saml16/projects/Elections_info/static/central_elections/lok_sabha_2024/Combined_video/37.mp4,PLxDNB6KvO9IYOZVXL-yguGPypGRcz1gy9
370,370,/Users/saml16/projects/Elections_info/static/central_elections/lok_sabha_2024/Combined_video/370.mp4,PLxDNB6KvO9IYOZVXL-yguGPypGRcz1gy9
371,371,/Users/saml16/projects/Elections_info/static/central_elections/lok_sabha_2024/Combined_video/371.mp4,PLxDNB6KvO9IYOZVXL-yguGPypGRcz1gy9
372,372,/Users/saml16/projects/Elections_info/static/central_elections/lok_sabha_2024/Combined_video/372.mp4,PLxDNB6KvO9IYOZVXL-yguGPypGRcz1gy9
373,373,/Users/saml16/projects/Elections_info/static/central_elections/lok_sabha_2024/Combined_video/373.mp4,PLxDNB6KvO9IYOZVXL-yguGPypGRcz1gy9
374,374,/Users/saml16/projects/Elections_info/static/central_elections/lok_sabha_2024/Combined_video/374.mp4,PLxDNB6KvO9IYOZVXL-yguGPypGRcz1gy9
375,375,/Users/saml16/projects/Elections_info/static/central_elections/lok_sabha_2024/Combined_video/375.mp4,PLxDNB6KvO9IYOZVXL-yguGPypGRcz1gy9
376,376,/Users/saml16/projects/Elections_info/static/central_elections/lok_sabha_2024/Combined_video/376.mp4,PLxDNB6KvO9IYOZVXL-yguGPypGRcz1gy9
377,377,/Users/saml16/projects/Elections_info/static/central_elections/lok_sabha_2024/Combined_video/377.mp4,PLxDNB6KvO9IYOZVXL-yguGPypGRcz1gy9
378,378,/Users/saml16/projects/Elections_info/static/central_elections/lok_sabha_2024/Combined_video/378.mp4,PLxDNB6KvO9IYOZVXL-yguGPypGRcz1gy9
379,379,/Users/saml16/projects/Elections_info/static/central_elections/lok_sabha_2024/Combined_video/379.mp4,PLxDNB6KvO9IYOZVXL-yguGPypGRcz1gy9
38,38,/Users/saml16/projects/Elections_info/static/central_elections/lok_sabha_2024/Combined_video/38.mp4,PLxDNB6KvO9IYOZVXL-yguGPypGRcz1gy9
380,380,/Users/saml16/projects/Elections_info/static/central_elections/lok_sabha_2024/Combined_video/380.mp4,PLxDNB6KvO9IYOZVXL-yguGPypGRcz1gy9
381,381,/Users/saml16/projects/Elections_info/static/central_elections/lok_sabha_2024/Combined_video/381.mp4,PLxDNB6KvO9IYOZVXL-yguGPypGRcz1gy9
384,384,/Users/saml16/projects/Elections_info/static/central_elections/lok_sabha_2024/Combined_video/384.mp4,PLxDNB6KvO9IYOZVXL-yguGPypGRcz1gy9
385,385,/Users/saml16/projects/Elections_info/static/central_elections/lok_sabha_2024/Combined_video/385.mp4,PLxDNB6KvO9IYOZVXL-yguGPypGRcz1gy9
386,386,/Users/saml16/projects/Elections_info/static/central_elections/lok_sabha_2024/Combined_video/386.mp4,PLxDNB6KvO9IYOZVXL-yguGPypGRcz1gy9
387,387,/Users/saml16/projects/Elections_info/static/central_elections/lok_sabha_2024/Combined_video/387.mp4,PLxDNB6KvO9IYOZVXL-yguGPypGRcz1gy9
388,388,/Users/saml16/projects/Elections_info/static/central_elections/lok_sabha_2024/Combined_video/388.mp4,PLxDNB6KvO9IYOZVXL-yguGPypGRcz1gy9
389,389,/Users/saml16/projects/Elections_info/static/central_elections/lok_sabha_2024/Combined_video/389.mp4,PLxDNB6KvO9IYOZVXL-yguGPypGRcz1gy9
39,39,/Users/saml16/projects/Elections_info/static/central_elections/lok_sabha_2024/Combined_video/39.mp4,PLxDNB6KvO9IYOZVXL-yguGPypGRcz1gy9
390,390,/Users/saml16/projects/Elections_info/static/central_elections/lok_sabha_2024/Combined_video/390.mp4,PLxDNB6KvO9IYOZVXL-yguGPypGRcz1gy9
391,391,/Users/saml16/projects/Elections_info/static/central_elections/lok_sabha_2024/Combined_video/391.mp4,PLxDNB6KvO9IYOZVXL-yguGPypGRcz1gy9
392,392,/Users/saml16/projects/Elections_info/static/central_elections/lok_sabha_2024/Combined_video/392.mp4,PLxDNB6KvO9IYOZVXL-yguGPypGRcz1gy9
393,393,/Users/saml16/projects/Elections_info/static/central_elections/lok_sabha_2024/Combined_video/393.mp4,PLxDNB6KvO9IYOZVXL-yguGPypGRcz1gy9
395,395,/Users/saml16/projects/Elections_info/static/central_elections/lok_sabha_2024/Combined_video/395.mp4,PLxDNB6KvO9IYOZVXL-yguGPypGRcz1gy9
396,396,/Users/saml16/projects/Elections_info/static/central_elections/lok_sabha_2024/Combined_video/396.mp4,PLxDNB6KvO9IYOZVXL-yguGPypGRcz1gy9
397,397,/Users/saml16/projects/Elections_info/static/central_elections/lok_sabha_2024/Combined_video/397.mp4,PLxDNB6KvO9IYOZVXL-yguGPypGRcz1gy9
4,4,/Users/saml16/projects/Elections_info/static/central_elections/lok_sabha_2024/Combined_video/4.mp4,PLxDNB6KvO9IYOZVXL-yguGPypGRcz1gy9
40,40,/Users/saml16/projects/Elections_info/static/central_elections/lok_sabha_2024/Combined_video/40.mp4,PLxDNB6KvO9IYOZVXL-yguGPypGRcz1gy9
400,400,/Users/saml16/projects/Elections_info/static/central_elections/lok_sabha_2024/Combined_video/400.mp4,PLxDNB6KvO9IYOZVXL-yguGPypGRcz1gy9
401,401,/Users/saml16/projects/Elections_info/static/central_elections/lok_sabha_2024/Combined_video/401.mp4,PLxDNB6KvO9IYOZVXL-yguGPypGRcz1gy9
403,403,/Users/saml16/projects/Elections_info/static/central_elections/lok_sabha_2024/Combined_video/403.mp4,PLxDNB6KvO9IYOZVXL-yguGPypGRcz1gy9
404,404,/Users/saml16/projects/Elections_info/static/central_elections/lok_sabha_2024/Combined_video/404.mp4,PLxDNB6KvO9IYOZVXL-yguGPypGRcz1gy9
405,405,/Users/saml16/projects/Elections_info/static/central_elections/lok_sabha_2024/Combined_video/405.mp4,PLxDNB6KvO9IYOZVXL-yguGPypGRcz1gy9
406,406,/Users/saml16/projects/Elections_info/static/central_elections/lok_sabha_2024/Combined_video/406.mp4,PLxDNB6KvO9IYOZVXL-yguGPypGRcz1gy9
407,407,/Users/saml16/projects/Elections_info/static/central_elections/lok_sabha_2024/Combined_video/407.mp4,PLxDNB6KvO9IYOZVXL-yguGPypGRcz1gy9
408,408,/Users/saml16/projects/Elections_info/static/central_elections/lok_sabha_2024/Combined_video/408.mp4,PLxDNB6KvO9IYOZVXL-yguGPypGRcz1gy9
409,409,/Users/saml16/projects/Elections_info/static/central_elections/lok_sabha_2024/Combined_video/409.mp4,PLxDNB6KvO9IYOZVXL-yguGPypGRcz1gy9
41,41,/Users/saml16/projects/Elections_info/static/central_elections/lok_sabha_2024/Combined_video/41.mp4,PLxDNB6KvO9IYOZVXL-yguGPypGRcz1gy9
410,410,/Users/saml16/projects/Elections_info/static/central_elections/lok_sabha_2024/Combined_video/410.mp4,PLxDNB6KvO9IYOZVXL-yguGPypGRcz1gy9
411,411,/Users/saml16/projects/Elections_info/static/central_elections/lok_sabha_2024/Combined_video/411.mp4,PLxDNB6KvO9IYOZVXL-yguGPypGRcz1gy9
412,412,/Users/saml16/projects/Elections_info/static/central_elections/lok_sabha_2024/Combined_video/412.mp4,PLxDNB6KvO9IYOZVXL-yguGPypGRcz1gy9
413,413,/Users/saml16/projects/Elections_info/static/central_elections/lok_sabha_2024/Combined_video/413.mp4,PLxDNB6KvO9IYOZVXL-yguGPypGRcz1gy9
415,415,/Users/saml16/projects/Elections_info/static/central_elections/lok_sabha_2024/Combined_video/415.mp4,PLxDNB6KvO9IYOZVXL-yguGPypGRcz1gy9
416,416,/Users/saml16/projects/Elections_info/static/central_elections/lok_sabha_2024/Combined_video/416.mp4,PLxDNB6KvO9IYOZVXL-yguGPypGRcz1gy9
417,417,/Users/saml16/projects/Elections_info/static/central_elections/lok_sabha_2024/Combined_video/417.mp4,PLxDNB6KvO9IYOZVXL-yguGPypGRcz1gy9
418,418,/Users/saml16/projects/Elections_info/static/central_elections/lok_sabha_2024/Combined_video/418.mp4,PLxDNB6KvO9IYOZVXL-yguGPypGRcz1gy9
419,419,/Users/saml16/projects/Elections_info/static/central_elections/lok_sabha_2024/Combined_video/419.mp4,PLxDNB6KvO9IYOZVXL-yguGPypGRcz1gy9
42,42,/Users/saml16/projects/Elections_info/static/central_elections/lok_sabha_2024/Combined_video/42.mp4,PLxDNB6KvO9IYOZVXL-yguGPypGRcz1gy9
422,422,/Users/saml16/projects/Elections_info/static/central_elections/lok_sabha_2024/Combined_video/422.mp4,PLxDNB6KvO9IYOZVXL-yguGPypGRcz1gy9
423,423,/Users/saml16/projects/Elections_info/static/central_elections/lok_sabha_2024/Combined_video/423.mp4,PLxDNB6KvO9IYOZVXL-yguGPypGRcz1gy9
424,424,/Users/saml16/projects/Elections_info/static/central_elections/lok_sabha_2024/Combined_video/424.mp4,PLxDNB6KvO9IYOZVXL-yguGPypGRcz1gy9
425,425,/Users/saml16/projects/Elections_info/static/central_elections/lok_sabha_2024/Combined_video/425.mp4,PLxDNB6KvO9IYOZVXL-yguGPypGRcz1gy9
426,426,/Users/saml16/projects/Elections_info/static/central_elections/lok_sabha_2024/Combined_video/426.mp4,PLxDNB6KvO9IYOZVXL-yguGPypGRcz1gy9
427,427,/Users/saml16/projects/Elections_info/static/central_elections/lok_sabha_2024/Combined_video/427.mp4,PLxDNB6KvO9IYOZVXL-yguGPypGRcz1gy9
428,428,/Users/saml16/projects/Elections_info/static/central_elections/lok_sabha_2024/Combined_video/428.mp4,PLxDNB6KvO9IYOZVXL-yguGPypGRcz1gy9
429,429,/Users/saml16/projects/Elections_info/static/central_elections/lok_sabha_2024/Combined_video/429.mp4,PLxDNB6KvO9IYOZVXL-yguGPypGRcz1gy9
43,43,/Users/saml16/projects/Elections_info/static/central_elections/lok_sabha_2024/Combined_video/43.mp4,PLxDNB6KvO9IYOZVXL-yguGPypGRcz1gy9
430,430,/Users/saml16/projects/Elections_info/static/central_elections/lok_sabha_2024/Combined_video/430.mp4,PLxDNB6KvO9IYOZVXL-yguGPypGRcz1gy9
431,431,/Users/saml16/projects/Elections_info/static/central_elections/lok_sabha_2024/Combined_video/431.mp4,PLxDNB6KvO9IYOZVXL-yguGPypGRcz1gy9
434,434,/Users/saml16/projects/Elections_info/static/central_elections/lok_sabha_2024/Combined_video/434.mp4,PLxDNB6KvO9IYOZVXL-yguGPypGRcz1gy9
435,435,/Users/saml16/projects/Elections_info/static/central_elections/lok_sabha_2024/Combined_video/435.mp4,PLxDNB6KvO9IYOZVXL-yguGPypGRcz1gy9
436,436,/Users/saml16/projects/Elections_info/static/central_elections/lok_sabha_2024/Combined_video/436.mp4,PLxDNB6KvO9IYOZVXL-yguGPypGRcz1gy9
437,437,/Users/saml16/projects/Elections_info/static/central_elections/lok_sabha_2024/Combined_video/437.mp4,PLxDNB6KvO9IYOZVXL-yguGPypGRcz1gy9
438,438,/Users/saml16/projects/Elections_info/static/central_elections/lok_sabha_2024/Combined_video/438.mp4,PLxDNB6KvO9IYOZVXL-yguGPypGRcz1gy9
439,439,/Users/saml16/projects/Elections_info/static/central_elections/lok_sabha_2024/Combined_video/439.mp4,PLxDNB6KvO9IYOZVXL-yguGPypGRcz1gy9
44,44,/Users/saml16/projects/Elections_info/static/central_elections/lok_sabha_2024/Combined_video/44.mp4,PLxDNB6KvO9IYOZVXL-yguGPypGRcz1gy9
440,440,/Users/saml16/projects/Elections_info/static/central_elections/lok_sabha_2024/Combined_video/440.mp4,PLxDNB6KvO9IYOZVXL-yguGPypGRcz1gy9
441,441,/Users/saml16/projects/Elections_info/static/central_elections/lok_sabha_2024/Combined_video/441.mp4,PLxDNB6KvO9IYOZVXL-yguGPypGRcz1gy9
442,442,/Users/saml16/projects/Elections_info/static/central_elections/lok_sabha_2024/Combined_video/442.mp4,PLxDNB6KvO9IYOZVXL-yguGPypGRcz1gy9
443,443,/Users/saml16/projects/Elections_info/static/central_elections/lok_sabha_2024/Combined_video/443.mp4,PLxDNB6KvO9IYOZVXL-yguGPypGRcz1gy9
444,444,/Users/saml16/projects/Elections_info/static/central_elections/lok_sabha_2024/Combined_video/444.mp4,PLxDNB6KvO9IYOZVXL-yguGPypGRcz1gy9
445,445,/Users/saml16/projects/Elections_info/static/central_elections/lok_sabha_2024/Combined_video/445.mp4,PLxDNB6KvO9IYOZVXL-yguGPypGRcz1gy9
446,446,/Users/saml16/projects/Elections_info/static/central_elections/lok_sabha_2024/Combined_video/446.mp4,PLxDNB6KvO9IYOZVXL-yguGPypGRcz1gy9
447,447,/Users/saml16/projects/Elections_info/static/central_elections/lok_sabha_2024/Combined_video/447.mp4,PLxDNB6KvO9IYOZVXL-yguGPypGRcz1gy9
448,448,/Users/saml16/projects/Elections_info/static/central_elections/lok_sabha_2024/Combined_video/448.mp4,PLxDNB6KvO9IYOZVXL-yguGPypGRcz1gy9
449,449,/Users/saml16/projects/Elections_info/static/central_elections/lok_sabha_2024/Combined_video/449.mp4,PLxDNB6KvO9IYOZVXL-yguGPypGRcz1gy9
45,45,/Users/saml16/projects/Elections_info/static/central_elections/lok_sabha_2024/Combined_video/45.mp4,PLxDNB6KvO9IYOZVXL-yguGPypGRcz1gy9
450,450,/Users/saml16/projects/Elections_info/static/central_elections/lok_sabha_2024/Combined_video/450.mp4,PLxDNB6KvO9IYOZVXL-yguGPypGRcz1gy9
451,451,/Users/saml16/projects/Elections_info/static/central_elections/lok_sabha_2024/Combined_video/451.mp4,PLxDNB6KvO9IYOZVXL-yguGPypGRcz1gy9
452,452,/Users/saml16/projects/Elections_info/static/central_elections/lok_sabha_2024/Combined_video/452.mp4,PLxDNB6KvO9IYOZVXL-yguGPypGRcz1gy9
453,453,/Users/saml16/projects/Elections_info/static/central_elections/lok_sabha_2024/Combined_video/453.mp4,PLxDNB6KvO9IYOZVXL-yguGPypGRcz1gy9
454,454,/Users/saml16/projects/Elections_info/static/central_elections/lok_sabha_2024/Combined_video/454.mp4,PLxDNB6KvO9IYOZVXL-yguGPypGRcz1gy9
455,455,/Users/saml16/projects/Elections_info/static/central_elections/lok_sabha_2024/Combined_video/455.mp4,PLxDNB6KvO9IYOZVXL-yguGPypGRcz1gy9
456,456,/Users/saml16/projects/Elections_info/static/central_elections/lok_sabha_2024/Combined_video/456.mp4,PLxDNB6KvO9IYOZVXL-yguGPypGRcz1gy9
457,457,/Users/saml16/projects/Elections_info/static/central_elections/lok_sabha_2024/Combined_video/457.mp4,PLxDNB6KvO9IYOZVXL-yguGPypGRcz1gy9
458,458,/Users/saml16/projects/Elections_info/static/central_elections/lok_sabha_2024/Combined_video/458.mp4,PLxDNB6KvO9IYOZVXL-yguGPypGRcz1gy9
460,460,/Users/saml16/projects/Elections_info/static/central_elections/lok_sabha_2024/Combined_video/460.mp4,PLxDNB6KvO9IYOZVXL-yguGPypGRcz1gy9
461,461,/Users/saml16/projects/Elections_info/static/central_elections/lok_sabha_2024/Combined_video/461.mp4,PLxDNB6KvO9IYOZVXL-yguGPypGRcz1gy9
462,462,/Users/saml16/projects/Elections_info/static/central_elections/lok_sabha_2024/Combined_video/462.mp4,PLxDNB6KvO9IYOZVXL-yguGPypGRcz1gy9
463,463,/Users/saml16/projects/Elections_info/static/central_elections/lok_sabha_2024/Combined_video/463.mp4,PLxDNB6KvO9IYOZVXL-yguGPypGRcz1gy9
465,465,/Users/saml16/projects/Elections_info/static/central_elections/lok_sabha_2024/Combined_video/465.mp4,PLxDNB6KvO9IYOZVXL-yguGPypGRcz1gy9
467,467,/Users/saml16/projects/Elections_info/static/central_elections/lok_sabha_2024/Combined_video/467.mp4,PLxDNB6KvO9IYOZVXL-yguGPypGRcz1gy9
468,468,/Users/saml16/projects/Elections_info/static/central_elections/lok_sabha_2024/Combined_video/468.mp4,PLxDNB6KvO9IYOZVXL-yguGPypGRcz1gy9
469,469,/Users/saml16/projects/Elections_info/static/central_elections/lok_sabha_2024/Combined_video/469.mp4,PLxDNB6KvO9IYOZVXL-yguGPypGRcz1gy9
47,47,/Users/saml16/projects/Elections_info/static/central_elections/lok_sabha_2024/Combined_video/47.mp4,PLxDNB6KvO9IYOZVXL-yguGPypGRcz1gy9
470,470,/Users/saml16/projects/Elections_info/static/central_elections/lok_sabha_2024/Combined_video/470.mp4,PLxDNB6KvO9IYOZVXL-yguGPypGRcz1gy9
471,471,/Users/saml16/projects/Elections_info/static/central_elections/lok_sabha_2024/Combined_video/471.mp4,PLxDNB6KvO9IYOZVXL-yguGPypGRcz1gy9
472,472,/Users/saml16/projects/Elections_info/static/central_elections/lok_sabha_2024/Combined_video/472.mp4,PLxDNB6KvO9IYOZVXL-yguGPypGRcz1gy9
473,473,/Users/saml16/projects/Elections_info/static/central_elections/lok_sabha_2024/Combined_video/473.mp4,PLxDNB6KvO9IYOZVXL-yguGPypGRcz1gy9
474,474,/Users/saml16/projects/Elections_info/static/central_elections/lok_sabha_2024/Combined_video/474.mp4,PLxDNB6KvO9IYOZVXL-yguGPypGRcz1gy9
475,475,/Users/saml16/projects/Elections_info/static/central_elections/lok_sabha_2024/Combined_video/475.mp4,PLxDNB6KvO9IYOZVXL-yguGPypGRcz1gy9
476,476,/Users/saml16/projects/Elections_info/static/central_elections/lok_sabha_2024/Combined_video/476.mp4,PLxDNB6KvO9IYOZVXL-yguGPypGRcz1gy9
477,477,/Users/saml16/projects/Elections_info/static/central_elections/lok_sabha_2024/Combined_video/477.mp4,PLxDNB6KvO9IYOZVXL-yguGPypGRcz1gy9
478,478,/Users/saml16/projects/Elections_info/static/central_elections/lok_sabha_2024/Combined_video/478.mp4,PLxDNB6KvO9IYOZVXL-yguGPypGRcz1gy9
479,479,/Users/saml16/projects/Elections_info/static/central_elections/lok_sabha_2024/Combined_video/479.mp4,PLxDNB6KvO9IYOZVXL-yguGPypGRcz1gy9
48,48,/Users/saml16/projects/Elections_info/static/central_elections/lok_sabha_2024/Combined_video/48.mp4,PLxDNB6KvO9IYOZVXL-yguGPypGRcz1gy9
480,480,/Users/saml16/projects/Elections_info/static/central_elections/lok_sabha_2024/Combined_video/480.mp4,PLxDNB6KvO9IYOZVXL-yguGPypGRcz1gy9
481,481,/Users/saml16/projects/Elections_info/static/central_elections/lok_sabha_2024/Combined_video/481.mp4,PLxDNB6KvO9IYOZVXL-yguGPypGRcz1gy9
482,482,/Users/saml16/projects/Elections_info/static/central_elections/lok_sabha_2024/Combined_video/482.mp4,PLxDNB6KvO9IYOZVXL-yguGPypGRcz1gy9
483,483,/Users/saml16/projects/Elections_info/static/central_elections/lok_sabha_2024/Combined_video/483.mp4,PLxDNB6KvO9IYOZVXL-yguGPypGRcz1gy9
484,484,/Users/saml16/projects/Elections_info/static/central_elections/lok_sabha_2024/Combined_video/484.mp4,PLxDNB6KvO9IYOZVXL-yguGPypGRcz1gy9
485,485,/Users/saml16/projects/Elections_info/static/central_elections/lok_sabha_2024/Combined_video/485.mp4,PLxDNB6KvO9IYOZVXL-yguGPypGRcz1gy9
486,486,/Users/saml16/projects/Elections_info/static/central_elections/lok_sabha_2024/Combined_video/486.mp4,PLxDNB6KvO9IYOZVXL-yguGPypGRcz1gy9
487,487,/Users/saml16/projects/Elections_info/static/central_elections/lok_sabha_2024/Combined_video/487.mp4,PLxDNB6KvO9IYOZVXL-yguGPypGRcz1gy9
488,488,/Users/saml16/projects/Elections_info/static/central_elections/lok_sabha_2024/Combined_video/488.mp4,PLxDNB6KvO9IYOZVXL-yguGPypGRcz1gy9
489,489,/Users/saml16/projects/Elections_info/static/central_elections/lok_sabha_2024/Combined_video/489.mp4,PLxDNB6KvO9IYOZVXL-yguGPypGRcz1gy9
49,49,/Users/saml16/projects/Elections_info/static/central_elections/lok_sabha_2024/Combined_video/49.mp4,PLxDNB6KvO9IYOZVXL-yguGPypGRcz1gy9
490,490,/Users/saml16/projects/Elections_info/static/central_elections/lok_sabha_2024/Combined_video/490.mp4,PLxDNB6KvO9IYOZVXL-yguGPypGRcz1gy9
491,491,/Users/saml16/projects/Elections_info/static/central_elections/lok_sabha_2024/Combined_video/491.mp4,PLxDNB6KvO9IYOZVXL-yguGPypGRcz1gy9
492,492,/Users/saml16/projects/Elections_info/static/central_elections/lok_sabha_2024/Combined_video/492.mp4,PLxDNB6KvO9IYOZVXL-yguGPypGRcz1gy9
493,493,/Users/saml16/projects/Elections_info/static/central_elections/lok_sabha_2024/Combined_video/493.mp4,PLxDNB6KvO9IYOZVXL-yguGPypGRcz1gy9
494,494,/Users/saml16/projects/Elections_info/static/central_elections/lok_sabha_2024/Combined_video/494.mp4,PLxDNB6KvO9IYOZVXL-yguGPypGRcz1gy9
495,495,/Users/saml16/projects/Elections_info/static/central_elections/lok_sabha_2024/Combined_video/495.mp4,PLxDNB6KvO9IYOZVXL-yguGPypGRcz1gy9
496,496,/Users/saml16/projects/Elections_info/static/central_elections/lok_sabha_2024/Combined_video/496.mp4,PLxDNB6KvO9IYOZVXL-yguGPypGRcz1gy9
497,497,/Users/saml16/projects/Elections_info/static/central_elections/lok_sabha_2024/Combined_video/497.mp4,PLxDNB6KvO9IYOZVXL-yguGPypGRcz1gy9
498,498,/Users/saml16/projects/Elections_info/static/central_elections/lok_sabha_2024/Combined_video/498.mp4,PLxDNB6KvO9IYOZVXL-yguGPypGRcz1gy9
499,499,/Users/saml16/projects/Elections_info/static/central_elections/lok_sabha_2024/Combined_video/499.mp4,PLxDNB6KvO9IYOZVXL-yguGPypGRcz1gy9
5,5,/Users/saml16/projects/Elections_info/static/central_elections/lok_sabha_2024/Combined_video/5.mp4,PLxDNB6KvO9IYOZVXL-yguGPypGRcz1gy9
50,50,/Users/saml16/projects/Elections_info/static/central_elections/lok_sabha_2024/Combined_video/50.mp4,PLxDNB6KvO9IYOZVXL-yguGPypGRcz1gy9
500,500,/Users/saml16/projects/Elections_info/static/central_elections/lok_sabha_2024/Combined_video/500.mp4,PLxDNB6KvO9IYOZVXL-yguGPypGRcz1gy9
501,501,/Users/saml16/projects/Elections_info/static/central_elections/lok_sabha_2024/Combined_video/501.mp4,PLxDNB6KvO9IYOZVXL-yguGPypGRcz1gy9
502,502,/Users/saml16/projects/Elections_info/static/central_elections/lok_sabha_2024/Combined_video/502.mp4,PLxDNB6KvO9IYOZVXL-yguGPypGRcz1gy9
503,503,/Users/saml16/projects/Elections_info/static/central_elections/lok_sabha_2024/Combined_video/503.mp4,PLxDNB6KvO9IYOZVXL-yguGPypGRcz1gy9
504,504,/Users/saml16/projects/Elections_info/static/central_elections/lok_sabha_2024/Combined_video/504.mp4,PLxDNB6KvO9IYOZVXL-yguGPypGRcz1gy9
505,505,/Users/saml16/projects/Elections_info/static/central_elections/lok_sabha_2024/Combined_video/505.mp4,PLxDNB6KvO9IYOZVXL-yguGPypGRcz1gy9
506,506,/Users/saml16/projects/Elections_info/static/central_elections/lok_sabha_2024/Combined_video/506.mp4,PLxDNB6KvO9IYOZVXL-yguGPypGRcz1gy9
507,507,/Users/saml16/projects/Elections_info/static/central_elections/lok_sabha_2024/Combined_video/507.mp4,PLxDNB6KvO9IYOZVXL-yguGPypGRcz1gy9
508,508,/Users/saml16/projects/Elections_info/static/central_elections/lok_sabha_2024/Combined_video/508.mp4,PLxDNB6KvO9IYOZVXL-yguGPypGRcz1gy9
509,509,/Users/saml16/projects/Elections_info/static/central_elections/lok_sabha_2024/Combined_video/509.mp4,PLxDNB6KvO9IYOZVXL-yguGPypGRcz1gy9
51,51,/Users/saml16/projects/Elections_info/static/central_elections/lok_sabha_2024/Combined_video/51.mp4,PLxDNB6KvO9IYOZVXL-yguGPypGRcz1gy9
510,510,/Users/saml16/projects/Elections_info/static/central_elections/lok_sabha_2024/Combined_video/510.mp4,PLxDNB6KvO9IYOZVXL-yguGPypGRcz1gy9
511,511,/Users/saml16/projects/Elections_info/static/central_elections/lok_sabha_2024/Combined_video/511.mp4,PLxDNB6KvO9IYOZVXL-yguGPypGRcz1gy9
512,512,/Users/saml16/projects/Elections_info/static/central_elections/lok_sabha_2024/Combined_video/512.mp4,PLxDNB6KvO9IYOZVXL-yguGPypGRcz1gy9
513,513,/Users/saml16/projects/Elections_info/static/central_elections/lok_sabha_2024/Combined_video/513.mp4,PLxDNB6KvO9IYOZVXL-yguGPypGRcz1gy9
514,514,/Users/saml16/projects/Elections_info/static/central_elections/lok_sabha_2024/Combined_video/514.mp4,PLxDNB6KvO9IYOZVXL-yguGPypGRcz1gy9
515,515,/Users/saml16/projects/Elections_info/static/central_elections/lok_sabha_2024/Combined_video/515.mp4,PLxDNB6KvO9IYOZVXL-yguGPypGRcz1gy9
516,516,/Users/saml16/projects/Elections_info/static/central_elections/lok_sabha_2024/Combined_video/516.mp4,PLxDNB6KvO9IYOZVXL-yguGPypGRcz1gy9
517,517,/Users/saml16/projects/Elections_info/static/central_elections/lok_sabha_2024/Combined_video/517.mp4,PLxDNB6KvO9IYOZVXL-yguGPypGRcz1gy9
518,518,/Users/saml16/projects/Elections_info/static/central_elections/lok_sabha_2024/Combined_video/518.mp4,PLxDNB6KvO9IYOZVXL-yguGPypGRcz1gy9
519,519,/Users/saml16/projects/Elections_info/static/central_elections/lok_sabha_2024/Combined_video/519.mp4,PLxDNB6KvO9IYOZVXL-yguGPypGRcz1gy9
52,52,/Users/saml16/projects/Elections_info/static/central_elections/lok_sabha_2024/Combined_video/52.mp4,PLxDNB6KvO9IYOZVXL-yguGPypGRcz1gy9
521,521,/Users/saml16/projects/Elections_info/static/central_elections/lok_sabha_2024/Combined_video/521.mp4,PLxDNB6KvO9IYOZVXL-yguGPypGRcz1gy9
522,522,/Users/saml16/projects/Elections_info/static/central_elections/lok_sabha_2024/Combined_video/522.mp4,PLxDNB6KvO9IYOZVXL-yguGPypGRcz1gy9
523,523,/Users/saml16/projects/Elections_info/static/central_elections/lok_sabha_2024/Combined_video/523.mp4,PLxDNB6KvO9IYOZVXL-yguGPypGRcz1gy9
524,524,/Users/saml16/projects/Elections_info/static/central_elections/lok_sabha_2024/Combined_video/524.mp4,PLxDNB6KvO9IYOZVXL-yguGPypGRcz1gy9
525,525,/Users/saml16/projects/Elections_info/static/central_elections/lok_sabha_2024/Combined_video/525.mp4,PLxDNB6KvO9IYOZVXL-yguGPypGRcz1gy9
526,526,/Users/saml16/projects/Elections_info/static/central_elections/lok_sabha_2024/Combined_video/526.mp4,PLxDNB6KvO9IYOZVXL-yguGPypGRcz1gy9
527,527,/Users/saml16/projects/Elections_info/static/central_elections/lok_sabha_2024/Combined_video/527.mp4,PLxDNB6KvO9IYOZVXL-yguGPypGRcz1gy9
528,528,/Users/saml16/projects/Elections_info/static/central_elections/lok_sabha_2024/Combined_video/528.mp4,PLxDNB6KvO9IYOZVXL-yguGPypGRcz1gy9
53,53,/Users/saml16/projects/Elections_info/static/central_elections/lok_sabha_2024/Combined_video/53.mp4,PLxDNB6KvO9IYOZVXL-yguGPypGRcz1gy9
530,530,/Users/saml16/projects/Elections_info/static/central_elections/lok_sabha_2024/Combined_video/530.mp4,PLxDNB6KvO9IYOZVXL-yguGPypGRcz1gy9
531,531,/Users/saml16/projects/Elections_info/static/central_elections/lok_sabha_2024/Combined_video/531.mp4,PLxDNB6KvO9IYOZVXL-yguGPypGRcz1gy9
532,532,/Users/saml16/projects/Elections_info/static/central_elections/lok_sabha_2024/Combined_video/532.mp4,PLxDNB6KvO9IYOZVXL-yguGPypGRcz1gy9
533,533,/Users/saml16/projects/Elections_info/static/central_elections/lok_sabha_2024/Combined_video/533.mp4,PLxDNB6KvO9IYOZVXL-yguGPypGRcz1gy9
534,534,/Users/saml16/projects/Elections_info/static/central_elections/lok_sabha_2024/Combined_video/534.mp4,PLxDNB6KvO9IYOZVXL-yguGPypGRcz1gy9
535,535,/Users/saml16/projects/Elections_info/static/central_elections/lok_sabha_2024/Combined_video/535.mp4,PLxDNB6KvO9IYOZVXL-yguGPypGRcz1gy9
536,536,/Users/saml16/projects/Elections_info/static/central_elections/lok_sabha_2024/Combined_video/536.mp4,PLxDNB6KvO9IYOZVXL-yguGPypGRcz1gy9
537,537,/Users/saml16/projects/Elections_info/static/central_elections/lok_sabha_2024/Combined_video/537.mp4,PLxDNB6KvO9IYOZVXL-yguGPypGRcz1gy9
538,538,/Users/saml16/projects/Elections_info/static/central_elections/lok_sabha_2024/Combined_video/538.mp4,PLxDNB6KvO9IYOZVXL-yguGPypGRcz1gy9
539,539,/Users/saml16/projects/Elections_info/static/central_elections/lok_sabha_2024/Combined_video/539.mp4,PLxDNB6KvO9IYOZVXL-yguGPypGRcz1gy9
54,54,/Users/saml16/projects/Elections_info/static/central_elections/lok_sabha_2024/Combined_video/54.mp4,PLxDNB6KvO9IYOZVXL-yguGPypGRcz1gy9
540,540,/Users/saml16/projects/Elections_info/static/central_elections/lok_sabha_2024/Combined_video/540.mp4,PLxDNB6KvO9IYOZVXL-yguGPypGRcz1gy9
541,541,/Users/saml16/projects/Elections_info/static/central_elections/lok_sabha_2024/Combined_video/541.mp4,PLxDNB6KvO9IYOZVXL-yguGPypGRcz1gy9
542,542,/Users/saml16/projects/Elections_info/static/central_elections/lok_sabha_2024/Combined_video/542.mp4,PLxDNB6KvO9IYOZVXL-yguGPypGRcz1gy9
543,543,/Users/saml16/projects/Elections_info/static/central_elections/lok_sabha_2024/Combined_video/543.mp4,PLxDNB6KvO9IYOZVXL-yguGPypGRcz1gy9
544,544,/Users/saml16/projects/Elections_info/static/central_elections/lok_sabha_2024/Combined_video/544.mp4,PLxDNB6KvO9IYOZVXL-yguGPypGRcz1gy9
545,545,/Users/saml16/projects/Elections_info/static/central_elections/lok_sabha_2024/Combined_video/545.mp4,PLxDNB6KvO9IYOZVXL-yguGPypGRcz1gy9
546,546,/Users/saml16/projects/Elections_info/static/central_elections/lok_sabha_2024/Combined_video/546.mp4,PLxDNB6KvO9IYOZVXL-yguGPypGRcz1gy9
547,547,/Users/saml16/projects/Elections_info/static/central_elections/lok_sabha_2024/Combined_video/547.mp4,PLxDNB6KvO9IYOZVXL-yguGPypGRcz1gy9
548,548,/Users/saml16/projects/Elections_info/static/central_elections/lok_sabha_2024/Combined_video/548.mp4,PLxDNB6KvO9IYOZVXL-yguGPypGRcz1gy9
549,549,/Users/saml16/projects/Elections_info/static/central_elections/lok_sabha_2024/Combined_video/549.mp4,PLxDNB6KvO9IYOZVXL-yguGPypGRcz1gy9
55,55,/Users/saml16/projects/Elections_info/static/central_elections/lok_sabha_2024/Combined_video/55.mp4,PLxDNB6KvO9IYOZVXL-yguGPypGRcz1gy9
550,550,/Users/saml16/projects/Elections_info/static/central_elections/lok_sabha_2024/Combined_video/550.mp4,PLxDNB6KvO9IYOZVXL-yguGPypGRcz1gy9
551,551,/Users/saml16/projects/Elections_info/static/central_elections/lok_sabha_2024/Combined_video/551.mp4,PLxDNB6KvO9IYOZVXL-yguGPypGRcz1gy9
552,552,/Users/saml16/projects/Elections_info/static/central_elections/lok_sabha_2024/Combined_video/552.mp4,PLxDNB6KvO9IYOZVXL-yguGPypGRcz1gy9
553,553,/Users/saml16/projects/Elections_info/static/central_elections/lok_sabha_2024/Combined_video/553.mp4,PLxDNB6KvO9IYOZVXL-yguGPypGRcz1gy9
554,554,/Users/saml16/projects/Elections_info/static/central_elections/lok_sabha_2024/Combined_video/554.mp4,PLxDNB6KvO9IYOZVXL-yguGPypGRcz1gy9
555,555,/Users/saml16/projects/Elections_info/static/central_elections/lok_sabha_2024/Combined_video/555.mp4,PLxDNB6KvO9IYOZVXL-yguGPypGRcz1gy9
556,556,/Users/saml16/projects/Elections_info/static/central_elections/lok_sabha_2024/Combined_video/556.mp4,PLxDNB6KvO9IYOZVXL-yguGPypGRcz1gy9
557,557,/Users/saml16/projects/Elections_info/static/central_elections/lok_sabha_2024/Combined_video/557.mp4,PLxDNB6KvO9IYOZVXL-yguGPypGRcz1gy9
558,558,/Users/saml16/projects/Elections_info/static/central_elections/lok_sabha_2024/Combined_video/558.mp4,PLxDNB6KvO9IYOZVXL-yguGPypGRcz1gy9
559,559,/Users/saml16/projects/Elections_info/static/central_elections/lok_sabha_2024/Combined_video/559.mp4,PLxDNB6KvO9IYOZVXL-yguGPypGRcz1gy9
560,560,/Users/saml16/projects/Elections_info/static/central_elections/lok_sabha_2024/Combined_video/560.mp4,PLxDNB6KvO9IYOZVXL-yguGPypGRcz1gy9
561,561,/Users/saml16/projects/Elections_info/static/central_elections/lok_sabha_2024/Combined_video/561.mp4,PLxDNB6KvO9IYOZVXL-yguGPypGRcz1gy9
562,562,/Users/saml16/projects/Elections_info/static/central_elections/lok_sabha_2024/Combined_video/562.mp4,PLxDNB6KvO9IYOZVXL-yguGPypGRcz1gy9
563,563,/Users/saml16/projects/Elections_info/static/central_elections/lok_sabha_2024/Combined_video/563.mp4,PLxDNB6KvO9IYOZVXL-yguGPypGRcz1gy9
564,564,/Users/saml16/projects/Elections_info/static/central_elections/lok_sabha_2024/Combined_video/564.mp4,PLxDNB6KvO9IYOZVXL-yguGPypGRcz1gy9
565,565,/Users/saml16/projects/Elections_info/static/central_elections/lok_sabha_2024/Combined_video/565.mp4,PLxDNB6KvO9IYOZVXL-yguGPypGRcz1gy9
566,566,/Users/saml16/projects/Elections_info/static/central_elections/lok_sabha_2024/Combined_video/566.mp4,PLxDNB6KvO9IYOZVXL-yguGPypGRcz1gy9
567,567,/Users/saml16/projects/Elections_info/static/central_elections/lok_sabha_2024/Combined_video/567.mp4,PLxDNB6KvO9IYOZVXL-yguGPypGRcz1gy9
568,568,/Users/saml16/projects/Elections_info/static/central_elections/lok_sabha_2024/Combined_video/568.mp4,PLxDNB6KvO9IYOZVXL-yguGPypGRcz1gy9
569,569,/Users/saml16/projects/Elections_info/static/central_elections/lok_sabha_2024/Combined_video/569.mp4,PLxDNB6KvO9IYOZVXL-yguGPypGRcz1gy9
57,57,/Users/saml16/projects/Elections_info/static/central_elections/lok_sabha_2024/Combined_video/57.mp4,PLxDNB6KvO9IYOZVXL-yguGPypGRcz1gy9
573,573,/Users/saml16/projects/Elections_info/static/central_elections/lok_sabha_2024/Combined_video/573.mp4,PLxDNB6KvO9IYOZVXL-yguGPypGRcz1gy9
574,574,/Users/saml16/projects/Elections_info/static/central_elections/lok_sabha_2024/Combined_video/574.mp4,PLxDNB6KvO9IYOZVXL-yguGPypGRcz1gy9
575,575,/Users/saml16/projects/Elections_info/static/central_elections/lok_sabha_2024/Combined_video/575.mp4,PLxDNB6KvO9IYOZVXL-yguGPypGRcz1gy9
576,576,/Users/saml16/projects/Elections_info/static/central_elections/lok_sabha_2024/Combined_video/576.mp4,PLxDNB6KvO9IYOZVXL-yguGPypGRcz1gy9
577,577,/Users/saml16/projects/Elections_info/static/central_elections/lok_sabha_2024/Combined_video/577.mp4,PLxDNB6KvO9IYOZVXL-yguGPypGRcz1gy9
578,578,/Users/saml16/projects/Elections_info/static/central_elections/lok_sabha_2024/Combined_video/578.mp4,PLxDNB6KvO9IYOZVXL-yguGPypGRcz1gy9
58,58,/Users/saml16/projects/Elections_info/static/central_elections/lok_sabha_2024/Combined_video/58.mp4,PLxDNB6KvO9IYOZVXL-yguGPypGRcz1gy9
580,580,/Users/saml16/projects/Elections_info/static/central_elections/lok_sabha_2024/Combined_video/580.mp4,PLxDNB6KvO9IYOZVXL-yguGPypGRcz1gy9
581,581,/Users/saml16/projects/Elections_info/static/central_elections/lok_sabha_2024/Combined_video/581.mp4,PLxDNB6KvO9IYOZVXL-yguGPypGRcz1gy9
582,582,/Users/saml16/projects/Elections_info/static/central_elections/lok_sabha_2024/Combined_video/582.mp4,PLxDNB6KvO9IYOZVXL-yguGPypGRcz1gy9
583,583,/Users/saml16/projects/Elections_info/static/central_elections/lok_sabha_2024/Combined_video/583.mp4,PLxDNB6KvO9IYOZVXL-yguGPypGRcz1gy9
584,584,/Users/saml16/projects/Elections_info/static/central_elections/lok_sabha_2024/Combined_video/584.mp4,PLxDNB6KvO9IYOZVXL-yguGPypGRcz1gy9
585,585,/Users/saml16/projects/Elections_info/static/central_elections/lok_sabha_2024/Combined_video/585.mp4,PLxDNB6KvO9IYOZVXL-yguGPypGRcz1gy9
586,586,/Users/saml16/projects/Elections_info/static/central_elections/lok_sabha_2024/Combined_video/586.mp4,PLxDNB6KvO9IYOZVXL-yguGPypGRcz1gy9
587,587,/Users/saml16/projects/Elections_info/static/central_elections/lok_sabha_2024/Combined_video/587.mp4,PLxDNB6KvO9IYOZVXL-yguGPypGRcz1gy9
589,589,/Users/saml16/projects/Elections_info/static/central_elections/lok_sabha_2024/Combined_video/589.mp4,PLxDNB6KvO9IYOZVXL-yguGPypGRcz1gy9
59,59,/Users/saml16/projects/Elections_info/static/central_elections/lok_sabha_2024/Combined_video/59.mp4,PLxDNB6KvO9IYOZVXL-yguGPypGRcz1gy9
590,590,/Users/saml16/projects/Elections_info/static/central_elections/lok_sabha_2024/Combined_video/590.mp4,PLxDNB6KvO9IYOZVXL-yguGPypGRcz1gy9
591,591,/Users/saml16/projects/Elections_info/static/central_elections/lok_sabha_2024/Combined_video/591.mp4,PLxDNB6KvO9IYOZVXL-yguGPypGRcz1gy9
594,594,/Users/saml16/projects/Elections_info/static/central_elections/lok_sabha_2024/Combined_video/594.mp4,PLxDNB6KvO9IYOZVXL-yguGPypGRcz1gy9
595,595,/Users/saml16/projects/Elections_info/static/central_elections/lok_sabha_2024/Combined_video/595.mp4,PLxDNB6KvO9IYOZVXL-yguGPypGRcz1gy9
598,598,/Users/saml16/projects/Elections_info/static/central_elections/lok_sabha_2024/Combined_video/598.mp4,PLxDNB6KvO9IYOZVXL-yguGPypGRcz1gy9
6,6,/Users/saml16/projects/Elections_info/static/central_elections/lok_sabha_2024/Combined_video/6.mp4,PLxDNB6KvO9IYOZVXL-yguGPypGRcz1gy9
60,60,/Users/saml16/projects/Elections_info/static/central_elections/lok_sabha_2024/Combined_video/60.mp4,PLxDNB6KvO9IYOZVXL-yguGPypGRcz1gy9
601,601,/Users/saml16/projects/Elections_info/static/central_elections/lok_sabha_2024/Combined_video/601.mp4,PLxDNB6KvO9IYOZVXL-yguGPypGRcz1gy9
603,603,/Users/saml16/projects/Elections_info/static/central_elections/lok_sabha_2024/Combined_video/603.mp4,PLxDNB6KvO9IYOZVXL-yguGPypGRcz1gy9
604,604,/Users/saml16/projects/Elections_info/static/central_elections/lok_sabha_2024/Combined_video/604.mp4,PLxDNB6KvO9IYOZVXL-yguGPypGRcz1gy9
605,605,/Users/saml16/projects/Elections_info/static/central_elections/lok_sabha_2024/Combined_video/605.mp4,PLxDNB6KvO9IYOZVXL-yguGPypGRcz1gy9
606,606,/Users/saml16/projects/Elections_info/static/central_elections/lok_sabha_2024/Combined_video/606.mp4,PLxDNB6KvO9IYOZVXL-yguGPypGRcz1gy9
607,607,/Users/saml16/projects/Elections_info/static/central_elections/lok_sabha_2024/Combined_video/607.mp4,PLxDNB6KvO9IYOZVXL-yguGPypGRcz1gy9
608,608,/Users/saml16/projects/Elections_info/static/central_elections/lok_sabha_2024/Combined_video/608.mp4,PLxDNB6KvO9IYOZVXL-yguGPypGRcz1gy9
61,61,/Users/saml16/projects/Elections_info/static/central_elections/lok_sabha_2024/Combined_video/61.mp4,PLxDNB6KvO9IYOZVXL-yguGPypGRcz1gy9
610,610,/Users/saml16/projects/Elections_info/static/central_elections/lok_sabha_2024/Combined_video/610.mp4,PLxDNB6KvO9IYOZVXL-yguGPypGRcz1gy9
611,611,/Users/saml16/projects/Elections_info/static/central_elections/lok_sabha_2024/Combined_video/611.mp4,PLxDNB6KvO9IYOZVXL-yguGPypGRcz1gy9
612,612,/Users/saml16/projects/Elections_info/static/central_elections/lok_sabha_2024/Combined_video/612.mp4,PLxDNB6KvO9IYOZVXL-yguGPypGRcz1gy9
613,613,/Users/saml16/projects/Elections_info/static/central_elections/lok_sabha_2024/Combined_video/613.mp4,PLxDNB6KvO9IYOZVXL-yguGPypGRcz1gy9
615,615,/Users/saml16/projects/Elections_info/static/central_elections/lok_sabha_2024/Combined_video/615.mp4,PLxDNB6KvO9IYOZVXL-yguGPypGRcz1gy9
616,616,/Users/saml16/projects/Elections_info/static/central_elections/lok_sabha_2024/Combined_video/616.mp4,PLxDNB6KvO9IYOZVXL-yguGPypGRcz1gy9
617,617,/Users/saml16/projects/Elections_info/static/central_elections/lok_sabha_2024/Combined_video/617.mp4,PLxDNB6KvO9IYOZVXL-yguGPypGRcz1gy9
618,618,/Users/saml16/projects/Elections_info/static/central_elections/lok_sabha_2024/Combined_video/618.mp4,PLxDNB6KvO9IYOZVXL-yguGPypGRcz1gy9
619,619,/Users/saml16/projects/Elections_info/static/central_elections/lok_sabha_2024/Combined_video/619.mp4,PLxDNB6KvO9IYOZVXL-yguGPypGRcz1gy9
62,62,/Users/saml16/projects/Elections_info/static/central_elections/lok_sabha_2024/Combined_video/62.mp4,PLxDNB6KvO9IYOZVXL-yguGPypGRcz1gy9
620,620,/Users/saml16/projects/Elections_info/static/central_elections/lok_sabha_2024/Combined_video/620.mp4,PLxDNB6KvO9IYOZVXL-yguGPypGRcz1gy9
621,621,/Users/saml16/projects/Elections_info/static/central_elections/lok_sabha_2024/Combined_video/621.mp4,PLxDNB6KvO9IYOZVXL-yguGPypGRcz1gy9
622,622,/Users/saml16/projects/Elections_info/static/central_elections/lok_sabha_2024/Combined_video/622.mp4,PLxDNB6KvO9IYOZVXL-yguGPypGRcz1gy9
624,624,/Users/saml16/projects/Elections_info/static/central_elections/lok_sabha_2024/Combined_video/624.mp4,PLxDNB6KvO9IYOZVXL-yguGPypGRcz1gy9
625,625,/Users/saml16/projects/Elections_info/static/central_elections/lok_sabha_2024/Combined_video/625.mp4,PLxDNB6KvO9IYOZVXL-yguGPypGRcz1gy9
626,626,/Users/saml16/projects/Elections_info/static/central_elections/lok_sabha_2024/Combined_video/626.mp4,PLxDNB6KvO9IYOZVXL-yguGPypGRcz1gy9
627,627,/Users/saml16/projects/Elections_info/static/central_elections/lok_sabha_2024/Combined_video/627.mp4,PLxDNB6KvO9IYOZVXL-yguGPypGRcz1gy9
628,628,/Users/saml16/projects/Elections_info/static/central_elections/lok_sabha_2024/Combined_video/628.mp4,PLxDNB6KvO9IYOZVXL-yguGPypGRcz1gy9
629,629,/Users/saml16/projects/Elections_info/static/central_elections/lok_sabha_2024/Combined_video/629.mp4,PLxDNB6KvO9IYOZVXL-yguGPypGRcz1gy9
63,63,/Users/saml16/projects/Elections_info/static/central_elections/lok_sabha_2024/Combined_video/63.mp4,PLxDNB6KvO9IYOZVXL-yguGPypGRcz1gy9
630,630,/Users/saml16/projects/Elections_info/static/central_elections/lok_sabha_2024/Combined_video/630.mp4,PLxDNB6KvO9IYOZVXL-yguGPypGRcz1gy9
632,632,/Users/saml16/projects/Elections_info/static/central_elections/lok_sabha_2024/Combined_video/632.mp4,PLxDNB6KvO9IYOZVXL-yguGPypGRcz1gy9
633,633,/Users/saml16/projects/Elections_info/static/central_elections/lok_sabha_2024/Combined_video/633.mp4,PLxDNB6KvO9IYOZVXL-yguGPypGRcz1gy9
634,634,/Users/saml16/projects/Elections_info/static/central_elections/lok_sabha_2024/Combined_video/634.mp4,PLxDNB6KvO9IYOZVXL-yguGPypGRcz1gy9
635,635,/Users/saml16/projects/Elections_info/static/central_elections/lok_sabha_2024/Combined_video/635.mp4,PLxDNB6KvO9IYOZVXL-yguGPypGRcz1gy9
636,636,/Users/saml16/projects/Elections_info/static/central_elections/lok_sabha_2024/Combined_video/636.mp4,PLxDNB6KvO9IYOZVXL-yguGPypGRcz1gy9
637,637,/Users/saml16/projects/Elections_info/static/central_elections/lok_sabha_2024/Combined_video/637.mp4,PLxDNB6KvO9IYOZVXL-yguGPypGRcz1gy9
638,638,/Users/saml16/projects/Elections_info/static/central_elections/lok_sabha_2024/Combined_video/638.mp4,PLxDNB6KvO9IYOZVXL-yguGPypGRcz1gy9
639,639,/Users/saml16/projects/Elections_info/static/central_elections/lok_sabha_2024/Combined_video/639.mp4,PLxDNB6KvO9IYOZVXL-yguGPypGRcz1gy9
64,64,/Users/saml16/projects/Elections_info/static/central_elections/lok_sabha_2024/Combined_video/64.mp4,PLxDNB6KvO9IYOZVXL-yguGPypGRcz1gy9
640,640,/Users/saml16/projects/Elections_info/static/central_elections/lok_sabha_2024/Combined_video/640.mp4,PLxDNB6KvO9IYOZVXL-yguGPypGRcz1gy9
641,641,/Users/saml16/projects/Elections_info/static/central_elections/lok_sabha_2024/Combined_video/641.mp4,PLxDNB6KvO9IYOZVXL-yguGPypGRcz1gy9
642,642,/Users/saml16/projects/Elections_info/static/central_elections/lok_sabha_2024/Combined_video/642.mp4,PLxDNB6KvO9IYOZVXL-yguGPypGRcz1gy9
643,643,/Users/saml16/projects/Elections_info/static/central_elections/lok_sabha_2024/Combined_video/643.mp4,PLxDNB6KvO9IYOZVXL-yguGPypGRcz1gy9
644,644,/Users/saml16/projects/Elections_info/static/central_elections/lok_sabha_2024/Combined_video/644.mp4,PLxDNB6KvO9IYOZVXL-yguGPypGRcz1gy9
645,645,/Users/saml16/projects/Elections_info/static/central_elections/lok_sabha_2024/Combined_video/645.mp4,PLxDNB6KvO9IYOZVXL-yguGPypGRcz1gy9
646,646,/Users/saml16/projects/Elections_info/static/central_elections/lok_sabha_2024/Combined_video/646.mp4,PLxDNB6KvO9IYOZVXL-yguGPypGRcz1gy9
647,647,/Users/saml16/projects/Elections_info/static/central_elections/lok_sabha_2024/Combined_video/647.mp4,PLxDNB6KvO9IYOZVXL-yguGPypGRcz1gy9
65,65,/Users/saml16/projects/Elections_info/static/central_elections/lok_sabha_2024/Combined_video/65.mp4,PLxDNB6KvO9IYOZVXL-yguGPypGRcz1gy9
650,650,/Users/saml16/projects/Elections_info/static/central_elections/lok_sabha_2024/Combined_video/650.mp4,PLxDNB6KvO9IYOZVXL-yguGPypGRcz1gy9
651,651,/Users/saml16/projects/Elections_info/static/central_elections/lok_sabha_2024/Combined_video/651.mp4,PLxDNB6KvO9IYOZVXL-yguGPypGRcz1gy9
652,652,/Users/saml16/projects/Elections_info/static/central_elections/lok_sabha_2024/Combined_video/652.mp4,PLxDNB6KvO9IYOZVXL-yguGPypGRcz1gy9
654,654,/Users/saml16/projects/Elections_info/static/central_elections/lok_sabha_2024/Combined_video/654.mp4,PLxDNB6KvO9IYOZVXL-yguGPypGRcz1gy9
655,655,/Users/saml16/projects/Elections_info/static/central_elections/lok_sabha_2024/Combined_video/655.mp4,PLxDNB6KvO9IYOZVXL-yguGPypGRcz1gy9
657,657,/Users/saml16/projects/Elections_info/static/central_elections/lok_sabha_2024/Combined_video/657.mp4,PLxDNB6KvO9IYOZVXL-yguGPypGRcz1gy9
658,658,/Users/saml16/projects/Elections_info/static/central_elections/lok_sabha_2024/Combined_video/658.mp4,PLxDNB6KvO9IYOZVXL-yguGPypGRcz1gy9
659,659,/Users/saml16/projects/Elections_info/static/central_elections/lok_sabha_2024/Combined_video/659.mp4,PLxDNB6KvO9IYOZVXL-yguGPypGRcz1gy9
66,66,/Users/saml16/projects/Elections_info/static/central_elections/lok_sabha_2024/Combined_video/66.mp4,PLxDNB6KvO9IYOZVXL-yguGPypGRcz1gy9
660,660,/Users/saml16/projects/Elections_info/static/central_elections/lok_sabha_2024/Combined_video/660.mp4,PLxDNB6KvO9IYOZVXL-yguGPypGRcz1gy9
661,661,/Users/saml16/projects/Elections_info/static/central_elections/lok_sabha_2024/Combined_video/661.mp4,PLxDNB6KvO9IYOZVXL-yguGPypGRcz1gy9
662,662,/Users/saml16/projects/Elections_info/static/central_elections/lok_sabha_2024/Combined_video/662.mp4,PLxDNB6KvO9IYOZVXL-yguGPypGRcz1gy9
663,663,/Users/saml16/projects/Elections_info/static/central_elections/lok_sabha_2024/Combined_video/663.mp4,PLxDNB6KvO9IYOZVXL-yguGPypGRcz1gy9
665,665,/Users/saml16/projects/Elections_info/static/central_elections/lok_sabha_2024/Combined_video/665.mp4,PLxDNB6KvO9IYOZVXL-yguGPypGRcz1gy9
666,666,/Users/saml16/projects/Elections_info/static/central_elections/lok_sabha_2024/Combined_video/666.mp4,PLxDNB6KvO9IYOZVXL-yguGPypGRcz1gy9
667,667,/Users/saml16/projects/Elections_info/static/central_elections/lok_sabha_2024/Combined_video/667.mp4,PLxDNB6KvO9IYOZVXL-yguGPypGRcz1gy9
668,668,/Users/saml16/projects/Elections_info/static/central_elections/lok_sabha_2024/Combined_video/668.mp4,PLxDNB6KvO9IYOZVXL-yguGPypGRcz1gy9
669,669,/Users/saml16/projects/Elections_info/static/central_elections/lok_sabha_2024/Combined_video/669.mp4,PLxDNB6KvO9IYOZVXL-yguGPypGRcz1gy9
67,67,/Users/saml16/projects/Elections_info/static/central_elections/lok_sabha_2024/Combined_video/67.mp4,PLxDNB6KvO9IYOZVXL-yguGPypGRcz1gy9
670,670,/Users/saml16/projects/Elections_info/static/central_elections/lok_sabha_2024/Combined_video/670.mp4,PLxDNB6KvO9IYOZVXL-yguGPypGRcz1gy9
672,672,/Users/saml16/projects/Elections_info/static/central_elections/lok_sabha_2024/Combined_video/672.mp4,PLxDNB6KvO9IYOZVXL-yguGPypGRcz1gy9
673,673,/Users/saml16/projects/Elections_info/static/central_elections/lok_sabha_2024/Combined_video/673.mp4,PLxDNB6KvO9IYOZVXL-yguGPypGRcz1gy9
675,675,/Users/saml16/projects/Elections_info/static/central_elections/lok_sabha_2024/Combined_video/675.mp4,PLxDNB6KvO9IYOZVXL-yguGPypGRcz1gy9
676,676,/Users/saml16/projects/Elections_info/static/central_elections/lok_sabha_2024/Combined_video/676.mp4,PLxDNB6KvO9IYOZVXL-yguGPypGRcz1gy9
677,677,/Users/saml16/projects/Elections_info/static/central_elections/lok_sabha_2024/Combined_video/677.mp4,PLxDNB6KvO9IYOZVXL-yguGPypGRcz1gy9
678,678,/Users/saml16/projects/Elections_info/static/central_elections/lok_sabha_2024/Combined_video/678.mp4,PLxDNB6KvO9IYOZVXL-yguGPypGRcz1gy9
68,68,/Users/saml16/projects/Elections_info/static/central_elections/lok_sabha_2024/Combined_video/68.mp4,PLxDNB6KvO9IYOZVXL-yguGPypGRcz1gy9
680,680,/Users/saml16/projects/Elections_info/static/central_elections/lok_sabha_2024/Combined_video/680.mp4,PLxDNB6KvO9IYOZVXL-yguGPypGRcz1gy9
681,681,/Users/saml16/projects/Elections_info/static/central_elections/lok_sabha_2024/Combined_video/681.mp4,PLxDNB6KvO9IYOZVXL-yguGPypGRcz1gy9
682,682,/Users/saml16/projects/Elections_info/static/central_elections/lok_sabha_2024/Combined_video/682.mp4,PLxDNB6KvO9IYOZVXL-yguGPypGRcz1gy9
683,683,/Users/saml16/projects/Elections_info/static/central_elections/lok_sabha_2024/Combined_video/683.mp4,PLxDNB6KvO9IYOZVXL-yguGPypGRcz1gy9
684,684,/Users/saml16/projects/Elections_info/static/central_elections/lok_sabha_2024/Combined_video/684.mp4,PLxDNB6KvO9IYOZVXL-yguGPypGRcz1gy9
685,685,/Users/saml16/projects/Elections_info/static/central_elections/lok_sabha_2024/Combined_video/685.mp4,PLxDNB6KvO9IYOZVXL-yguGPypGRcz1gy9
686,686,/Users/saml16/projects/Elections_info/static/central_elections/lok_sabha_2024/Combined_video/686.mp4,PLxDNB6KvO9IYOZVXL-yguGPypGRcz1gy9
688,688,/Users/saml16/projects/Elections_info/static/central_elections/lok_sabha_2024/Combined_video/688.mp4,PLxDNB6KvO9IYOZVXL-yguGPypGRcz1gy9
689,689,/Users/saml16/projects/Elections_info/static/central_elections/lok_sabha_2024/Combined_video/689.mp4,PLxDNB6KvO9IYOZVXL-yguGPypGRcz1gy9
69,69,/Users/saml16/projects/Elections_info/static/central_elections/lok_sabha_2024/Combined_video/69.mp4,PLxDNB6KvO9IYOZVXL-yguGPypGRcz1gy9
690,690,/Users/saml16/projects/Elections_info/static/central_elections/lok_sabha_2024/Combined_video/690.mp4,PLxDNB6KvO9IYOZVXL-yguGPypGRcz1gy9
691,691,/Users/saml16/projects/Elections_info/static/central_elections/lok_sabha_2024/Combined_video/691.mp4,PLxDNB6KvO9IYOZVXL-yguGPypGRcz1gy9
692,692,/Users/saml16/projects/Elections_info/static/central_elections/lok_sabha_2024/Combined_video/692.mp4,PLxDNB6KvO9IYOZVXL-yguGPypGRcz1gy9
693,693,/Users/saml16/projects/Elections_info/static/central_elections/lok_sabha_2024/Combined_video/693.mp4,PLxDNB6KvO9IYOZVXL-yguGPypGRcz1gy9
694,694,/Users/saml16/projects/Elections_info/static/central_elections/lok_sabha_2024/Combined_video/694.mp4,PLxDNB6KvO9IYOZVXL-yguGPypGRcz1gy9
696,696,/Users/saml16/projects/Elections_info/static/central_elections/lok_sabha_2024/Combined_video/696.mp4,PLxDNB6KvO9IYOZVXL-yguGPypGRcz1gy9
697,697,/Users/saml16/projects/Elections_info/static/central_elections/lok_sabha_2024/Combined_video/697.mp4,PLxDNB6KvO9IYOZVXL-yguGPypGRcz1gy9
698,698,/Users/saml16/projects/Elections_info/static/central_elections/lok_sabha_2024/Combined_video/698.mp4,PLxDNB6KvO9IYOZVXL-yguGPypGRcz1gy9
699,699,/Users/saml16/projects/Elections_info/static/central_elections/lok_sabha_2024/Combined_video/699.mp4,PLxDNB6KvO9IYOZVXL-yguGPypGRcz1gy9
7,7,/Users/saml16/projects/Elections_info/static/central_elections/lok_sabha_2024/Combined_video/7.mp4,PLxDNB6KvO9IYOZVXL-yguGPypGRcz1gy9
700,700,/Users/saml16/projects/Elections_info/static/central_elections/lok_sabha_2024/Combined_video/700.mp4,PLxDNB6KvO9IYOZVXL-yguGPypGRcz1gy9
701,701,/Users/saml16/projects/Elections_info/static/central_elections/lok_sabha_2024/Combined_video/701.mp4,PLxDNB6KvO9IYOZVXL-yguGPypGRcz1gy9
702,702,/Users/saml16/projects/Elections_info/static/central_elections/lok_sabha_2024/Combined_video/702.mp4,PLxDNB6KvO9IYOZVXL-yguGPypGRcz1gy9
703,703,/Users/saml16/projects/Elections_info/static/central_elections/lok_sabha_2024/Combined_video/703.mp4,PLxDNB6KvO9IYOZVXL-yguGPypGRcz1gy9
704,704,/Users/saml16/projects/Elections_info/static/central_elections/lok_sabha_2024/Combined_video/704.mp4,PLxDNB6KvO9IYOZVXL-yguGPypGRcz1gy9
705,705,/Users/saml16/projects/Elections_info/static/central_elections/lok_sabha_2024/Combined_video/705.mp4,PLxDNB6KvO9IYOZVXL-yguGPypGRcz1gy9
706,706,/Users/saml16/projects/Elections_info/static/central_elections/lok_sabha_2024/Combined_video/706.mp4,PLxDNB6KvO9IYOZVXL-yguGPypGRcz1gy9
707,707,/Users/saml16/projects/Elections_info/static/central_elections/lok_sabha_2024/Combined_video/707.mp4,PLxDNB6KvO9IYOZVXL-yguGPypGRcz1gy9
708,708,/Users/saml16/projects/Elections_info/static/central_elections/lok_sabha_2024/Combined_video/708.mp4,PLxDNB6KvO9IYOZVXL-yguGPypGRcz1gy9
709,709,/Users/saml16/projects/Elections_info/static/central_elections/lok_sabha_2024/Combined_video/709.mp4,PLxDNB6KvO9IYOZVXL-yguGPypGRcz1gy9
71,71,/Users/saml16/projects/Elections_info/static/central_elections/lok_sabha_2024/Combined_video/71.mp4,PLxDNB6KvO9IYOZVXL-yguGPypGRcz1gy9
710,710,/Users/saml16/projects/Elections_info/static/central_elections/lok_sabha_2024/Combined_video/710.mp4,PLxDNB6KvO9IYOZVXL-yguGPypGRcz1gy9
711,711,/Users/saml16/projects/Elections_info/static/central_elections/lok_sabha_2024/Combined_video/711.mp4,PLxDNB6KvO9IYOZVXL-yguGPypGRcz1gy9
712,712,/Users/saml16/projects/Elections_info/static/central_elections/lok_sabha_2024/Combined_video/712.mp4,PLxDNB6KvO9IYOZVXL-yguGPypGRcz1gy9
713,713,/Users/saml16/projects/Elections_info/static/central_elections/lok_sabha_2024/Combined_video/713.mp4,PLxDNB6KvO9IYOZVXL-yguGPypGRcz1gy9
714,714,/Users/saml16/projects/Elections_info/static/central_elections/lok_sabha_2024/Combined_video/714.mp4,PLxDNB6KvO9IYOZVXL-yguGPypGRcz1gy9
716,716,/Users/saml16/projects/Elections_info/static/central_elections/lok_sabha_2024/Combined_video/716.mp4,PLxDNB6KvO9IYOZVXL-yguGPypGRcz1gy9
717,717,/Users/saml16/projects/Elections_info/static/central_elections/lok_sabha_2024/Combined_video/717.mp4,PLxDNB6KvO9IYOZVXL-yguGPypGRcz1gy9
718,718,/Users/saml16/projects/Elections_info/static/central_elections/lok_sabha_2024/Combined_video/718.mp4,PLxDNB6KvO9IYOZVXL-yguGPypGRcz1gy9
719,719,/Users/saml16/projects/Elections_info/static/central_elections/lok_sabha_2024/Combined_video/719.mp4,PLxDNB6KvO9IYOZVXL-yguGPypGRcz1gy9
72,72,/Users/saml16/projects/Elections_info/static/central_elections/lok_sabha_2024/Combined_video/72.mp4,PLxDNB6KvO9IYOZVXL-yguGPypGRcz1gy9
720,720,/Users/saml16/projects/Elections_info/static/central_elections/lok_sabha_2024/Combined_video/720.mp4,PLxDNB6KvO9IYOZVXL-yguGPypGRcz1gy9
722,722,/Users/saml16/projects/Elections_info/static/central_elections/lok_sabha_2024/Combined_video/722.mp4,PLxDNB6KvO9IYOZVXL-yguGPypGRcz1gy9
723,723,/Users/saml16/projects/Elections_info/static/central_elections/lok_sabha_2024/Combined_video/723.mp4,PLxDNB6KvO9IYOZVXL-yguGPypGRcz1gy9
724,724,/Users/saml16/projects/Elections_info/static/central_elections/lok_sabha_2024/Combined_video/724.mp4,PLxDNB6KvO9IYOZVXL-yguGPypGRcz1gy9
725,725,/Users/saml16/projects/Elections_info/static/central_elections/lok_sabha_2024/Combined_video/725.mp4,PLxDNB6KvO9IYOZVXL-yguGPypGRcz1gy9
726,726,/Users/saml16/projects/Elections_info/static/central_elections/lok_sabha_2024/Combined_video/726.mp4,PLxDNB6KvO9IYOZVXL-yguGPypGRcz1gy9
727,727,/Users/saml16/projects/Elections_info/static/central_elections/lok_sabha_2024/Combined_video/727.mp4,PLxDNB6KvO9IYOZVXL-yguGPypGRcz1gy9
728,728,/Users/saml16/projects/Elections_info/static/central_elections/lok_sabha_2024/Combined_video/728.mp4,PLxDNB6KvO9IYOZVXL-yguGPypGRcz1gy9
729,729,/Users/saml16/projects/Elections_info/static/central_elections/lok_sabha_2024/Combined_video/729.mp4,PLxDNB6KvO9IYOZVXL-yguGPypGRcz1gy9
73,73,/Users/saml16/projects/Elections_info/static/central_elections/lok_sabha_2024/Combined_video/73.mp4,PLxDNB6KvO9IYOZVXL-yguGPypGRcz1gy9
730,730,/Users/saml16/projects/Elections_info/static/central_elections/lok_sabha_2024/Combined_video/730.mp4,PLxDNB6KvO9IYOZVXL-yguGPypGRcz1gy9
731,731,/Users/saml16/projects/Elections_info/static/central_elections/lok_sabha_2024/Combined_video/731.mp4,PLxDNB6KvO9IYOZVXL-yguGPypGRcz1gy9
732,732,/Users/saml16/projects/Elections_info/static/central_elections/lok_sabha_2024/Combined_video/732.mp4,PLxDNB6KvO9IYOZVXL-yguGPypGRcz1gy9
733,733,/Users/saml16/projects/Elections_info/static/central_elections/lok_sabha_2024/Combined_video/733.mp4,PLxDNB6KvO9IYOZVXL-yguGPypGRcz1gy9
734,734,/Users/saml16/projects/Elections_info/static/central_elections/lok_sabha_2024/Combined_video/734.mp4,PLxDNB6KvO9IYOZVXL-yguGPypGRcz1gy9
735,735,/Users/saml16/projects/Elections_info/static/central_elections/lok_sabha_2024/Combined_video/735.mp4,PLxDNB6KvO9IYOZVXL-yguGPypGRcz1gy9
736,736,/Users/saml16/projects/Elections_info/static/central_elections/lok_sabha_2024/Combined_video/736.mp4,PLxDNB6KvO9IYOZVXL-yguGPypGRcz1gy9
737,737,/Users/saml16/projects/Elections_info/static/central_elections/lok_sabha_2024/Combined_video/737.mp4,PLxDNB6KvO9IYOZVXL-yguGPypGRcz1gy9
738,738,/Users/saml16/projects/Elections_info/static/central_elections/lok_sabha_2024/Combined_video/738.mp4,PLxDNB6KvO9IYOZVXL-yguGPypGRcz1gy9
74,74,/Users/saml16/projects/Elections_info/static/central_elections/lok_sabha_2024/Combined_video/74.mp4,PLxDNB6KvO9IYOZVXL-yguGPypGRcz1gy9
740,740,/Users/saml16/projects/Elections_info/static/central_elections/lok_sabha_2024/Combined_video/740.mp4,PLxDNB6KvO9IYOZVXL-yguGPypGRcz1gy9
741,741,/Users/saml16/projects/Elections_info/static/central_elections/lok_sabha_2024/Combined_video/741.mp4,PLxDNB6KvO9IYOZVXL-yguGPypGRcz1gy9
742,742,/Users/saml16/projects/Elections_info/static/central_elections/lok_sabha_2024/Combined_video/742.mp4,PLxDNB6KvO9IYOZVXL-yguGPypGRcz1gy9
743,743,/Users/saml16/projects/Elections_info/static/central_elections/lok_sabha_2024/Combined_video/743.mp4,PLxDNB6KvO9IYOZVXL-yguGPypGRcz1gy9
744,744,/Users/saml16/projects/Elections_info/static/central_elections/lok_sabha_2024/Combined_video/744.mp4,PLxDNB6KvO9IYOZVXL-yguGPypGRcz1gy9
745,745,/Users/saml16/projects/Elections_info/static/central_elections/lok_sabha_2024/Combined_video/745.mp4,PLxDNB6KvO9IYOZVXL-yguGPypGRcz1gy9
747,747,/Users/saml16/projects/Elections_info/static/central_elections/lok_sabha_2024/Combined_video/747.mp4,PLxDNB6KvO9IYOZVXL-yguGPypGRcz1gy9
748,748,/Users/saml16/projects/Elections_info/static/central_elections/lok_sabha_2024/Combined_video/748.mp4,PLxDNB6KvO9IYOZVXL-yguGPypGRcz1gy9
749,749,/Users/saml16/projects/Elections_info/static/central_elections/lok_sabha_2024/Combined_video/749.mp4,PLxDNB6KvO9IYOZVXL-yguGPypGRcz1gy9
75,75,/Users/saml16/projects/Elections_info/static/central_elections/lok_sabha_2024/Combined_video/75.mp4,PLxDNB6KvO9IYOZVXL-yguGPypGRcz1gy9
750,750,/Users/saml16/projects/Elections_info/static/central_elections/lok_sabha_2024/Combined_video/750.mp4,PLxDNB6KvO9IYOZVXL-yguGPypGRcz1gy9
752,752,/Users/saml16/projects/Elections_info/static/central_elections/lok_sabha_2024/Combined_video/752.mp4,PLxDNB6KvO9IYOZVXL-yguGPypGRcz1gy9
753,753,/Users/saml16/projects/Elections_info/static/central_elections/lok_sabha_2024/Combined_video/753.mp4,PLxDNB6KvO9IYOZVXL-yguGPypGRcz1gy9
754,754,/Users/saml16/projects/Elections_info/static/central_elections/lok_sabha_2024/Combined_video/754.mp4,PLxDNB6KvO9IYOZVXL-yguGPypGRcz1gy9
755,755,/Users/saml16/projects/Elections_info/static/central_elections/lok_sabha_2024/Combined_video/755.mp4,PLxDNB6KvO9IYOZVXL-yguGPypGRcz1gy9
756,756,/Users/saml16/projects/Elections_info/static/central_elections/lok_sabha_2024/Combined_video/756.mp4,PLxDNB6KvO9IYOZVXL-yguGPypGRcz1gy9
757,757,/Users/saml16/projects/Elections_info/static/central_elections/lok_sabha_2024/Combined_video/757.mp4,PLxDNB6KvO9IYOZVXL-yguGPypGRcz1gy9
758,758,/Users/saml16/projects/Elections_info/static/central_elections/lok_sabha_2024/Combined_video/758.mp4,PLxDNB6KvO9IYOZVXL-yguGPypGRcz1gy9
759,759,/Users/saml16/projects/Elections_info/static/central_elections/lok_sabha_2024/Combined_video/759.mp4,PLxDNB6KvO9IYOZVXL-yguGPypGRcz1gy9
76,76,/Users/saml16/projects/Elections_info/static/central_elections/lok_sabha_2024/Combined_video/76.mp4,PLxDNB6KvO9IYOZVXL-yguGPypGRcz1gy9
760,760,/Users/saml16/projects/Elections_info/static/central_elections/lok_sabha_2024/Combined_video/760.mp4,PLxDNB6KvO9IYOZVXL-yguGPypGRcz1gy9
761,761,/Users/saml16/projects/Elections_info/static/central_elections/lok_sabha_2024/Combined_video/761.mp4,PLxDNB6KvO9IYOZVXL-yguGPypGRcz1gy9
762,762,/Users/saml16/projects/Elections_info/static/central_elections/lok_sabha_2024/Combined_video/762.mp4,PLxDNB6KvO9IYOZVXL-yguGPypGRcz1gy9
763,763,/Users/saml16/projects/Elections_info/static/central_elections/lok_sabha_2024/Combined_video/763.mp4,PLxDNB6KvO9IYOZVXL-yguGPypGRcz1gy9
764,764,/Users/saml16/projects/Elections_info/static/central_elections/lok_sabha_2024/Combined_video/764.mp4,PLxDNB6KvO9IYOZVXL-yguGPypGRcz1gy9
765,765,/Users/saml16/projects/Elections_info/static/central_elections/lok_sabha_2024/Combined_video/765.mp4,PLxDNB6KvO9IYOZVXL-yguGPypGRcz1gy9
766,766,/Users/saml16/projects/Elections_info/static/central_elections/lok_sabha_2024/Combined_video/766.mp4,PLxDNB6KvO9IYOZVXL-yguGPypGRcz1gy9
767,767,/Users/saml16/projects/Elections_info/static/central_elections/lok_sabha_2024/Combined_video/767.mp4,PLxDNB6KvO9IYOZVXL-yguGPypGRcz1gy9
768,768,/Users/saml16/projects/Elections_info/static/central_elections/lok_sabha_2024/Combined_video/768.mp4,PLxDNB6KvO9IYOZVXL-yguGPypGRcz1gy9
769,769,/Users/saml16/projects/Elections_info/static/central_elections/lok_sabha_2024/Combined_video/769.mp4,PLxDNB6KvO9IYOZVXL-yguGPypGRcz1gy9
77,77,/Users/saml16/projects/Elections_info/static/central_elections/lok_sabha_2024/Combined_video/77.mp4,PLxDNB6KvO9IYOZVXL-yguGPypGRcz1gy9
770,770,/Users/saml16/projects/Elections_info/static/central_elections/lok_sabha_2024/Combined_video/770.mp4,PLxDNB6KvO9IYOZVXL-yguGPypGRcz1gy9
771,771,/Users/saml16/projects/Elections_info/static/central_elections/lok_sabha_2024/Combined_video/771.mp4,PLxDNB6KvO9IYOZVXL-yguGPypGRcz1gy9
772,772,/Users/saml16/projects/Elections_info/static/central_elections/lok_sabha_2024/Combined_video/772.mp4,PLxDNB6KvO9IYOZVXL-yguGPypGRcz1gy9
773,773,/Users/saml16/projects/Elections_info/static/central_elections/lok_sabha_2024/Combined_video/773.mp4,PLxDNB6KvO9IYOZVXL-yguGPypGRcz1gy9
774,774,/Users/saml16/projects/Elections_info/static/central_elections/lok_sabha_2024/Combined_video/774.mp4,PLxDNB6KvO9IYOZVXL-yguGPypGRcz1gy9
775,775,/Users/saml16/projects/Elections_info/static/central_elections/lok_sabha_2024/Combined_video/775.mp4,PLxDNB6KvO9IYOZVXL-yguGPypGRcz1gy9
776,776,/Users/saml16/projects/Elections_info/static/central_elections/lok_sabha_2024/Combined_video/776.mp4,PLxDNB6KvO9IYOZVXL-yguGPypGRcz1gy9
777,777,/Users/saml16/projects/Elections_info/static/central_elections/lok_sabha_2024/Combined_video/777.mp4,PLxDNB6KvO9IYOZVXL-yguGPypGRcz1gy9
778,778,/Users/saml16/projects/Elections_info/static/central_elections/lok_sabha_2024/Combined_video/778.mp4,PLxDNB6KvO9IYOZVXL-yguGPypGRcz1gy9
779,779,/Users/saml16/projects/Elections_info/static/central_elections/lok_sabha_2024/Combined_video/779.mp4,PLxDNB6KvO9IYOZVXL-yguGPypGRcz1gy9
78,78,/Users/saml16/projects/Elections_info/static/central_elections/lok_sabha_2024/Combined_video/78.mp4,PLxDNB6KvO9IYOZVXL-yguGPypGRcz1gy9
780,780,/Users/saml16/projects/Elections_info/static/central_elections/lok_sabha_2024/Combined_video/780.mp4,PLxDNB6KvO9IYOZVXL-yguGPypGRcz1gy9
781,781,/Users/saml16/projects/Elections_info/static/central_elections/lok_sabha_2024/Combined_video/781.mp4,PLxDNB6KvO9IYOZVXL-yguGPypGRcz1gy9
782,782,/Users/saml16/projects/Elections_info/static/central_elections/lok_sabha_2024/Combined_video/782.mp4,PLxDNB6KvO9IYOZVXL-yguGPypGRcz1gy9
783,783,/Users/saml16/projects/Elections_info/static/central_elections/lok_sabha_2024/Combined_video/783.mp4,PLxDNB6KvO9IYOZVXL-yguGPypGRcz1gy9
784,784,/Users/saml16/projects/Elections_info/static/central_elections/lok_sabha_2024/Combined_video/784.mp4,PLxDNB6KvO9IYOZVXL-yguGPypGRcz1gy9
785,785,/Users/saml16/projects/Elections_info/static/central_elections/lok_sabha_2024/Combined_video/785.mp4,PLxDNB6KvO9IYOZVXL-yguGPypGRcz1gy9
786,786,/Users/saml16/projects/Elections_info/static/central_elections/lok_sabha_2024/Combined_video/786.mp4,PLxDNB6KvO9IYOZVXL-yguGPypGRcz1gy9
787,787,/Users/saml16/projects/Elections_info/static/central_elections/lok_sabha_2024/Combined_video/787.mp4,PLxDNB6KvO9IYOZVXL-yguGPypGRcz1gy9
788,788,/Users/saml16/projects/Elections_info/static/central_elections/lok_sabha_2024/Combined_video/788.mp4,PLxDNB6KvO9IYOZVXL-yguGPypGRcz1gy9
789,789,/Users/saml16/projects/Elections_info/static/central_elections/lok_sabha_2024/Combined_video/789.mp4,PLxDNB6KvO9IYOZVXL-yguGPypGRcz1gy9
79,79,/Users/saml16/projects/Elections_info/static/central_elections/lok_sabha_2024/Combined_video/79.mp4,PLxDNB6KvO9IYOZVXL-yguGPypGRcz1gy9
790,790,/Users/saml16/projects/Elections_info/static/central_elections/lok_sabha_2024/Combined_video/790.mp4,PLxDNB6KvO9IYOZVXL-yguGPypGRcz1gy9
791,791,/Users/saml16/projects/Elections_info/static/central_elections/lok_sabha_2024/Combined_video/791.mp4,PLxDNB6KvO9IYOZVXL-yguGPypGRcz1gy9
792,792,/Users/saml16/projects/Elections_info/static/central_elections/lok_sabha_2024/Combined_video/792.mp4,PLxDNB6KvO9IYOZVXL-yguGPypGRcz1gy9
793,793,/Users/saml16/projects/Elections_info/static/central_elections/lok_sabha_2024/Combined_video/793.mp4,PLxDNB6KvO9IYOZVXL-yguGPypGRcz1gy9
794,794,/Users/saml16/projects/Elections_info/static/central_elections/lok_sabha_2024/Combined_video/794.mp4,PLxDNB6KvO9IYOZVXL-yguGPypGRcz1gy9
795,795,/Users/saml16/projects/Elections_info/static/central_elections/lok_sabha_2024/Combined_video/795.mp4,PLxDNB6KvO9IYOZVXL-yguGPypGRcz1gy9
796,796,/Users/saml16/projects/Elections_info/static/central_elections/lok_sabha_2024/Combined_video/796.mp4,PLxDNB6KvO9IYOZVXL-yguGPypGRcz1gy9
797,797,/Users/saml16/projects/Elections_info/static/central_elections/lok_sabha_2024/Combined_video/797.mp4,PLxDNB6KvO9IYOZVXL-yguGPypGRcz1gy9
798,798,/Users/saml16/projects/Elections_info/static/central_elections/lok_sabha_2024/Combined_video/798.mp4,PLxDNB6KvO9IYOZVXL-yguGPypGRcz1gy9
799,799,/Users/saml16/projects/Elections_info/static/central_elections/lok_sabha_2024/Combined_video/799.mp4,PLxDNB6KvO9IYOZVXL-yguGPypGRcz1gy9
8,8,/Users/saml16/projects/Elections_info/static/central_elections/lok_sabha_2024/Combined_video/8.mp4,PLxDNB6KvO9IYOZVXL-yguGPypGRcz1gy9
801,801,/Users/saml16/projects/Elections_info/static/central_elections/lok_sabha_2024/Combined_video/801.mp4,PLxDNB6KvO9IYOZVXL-yguGPypGRcz1gy9
802,802,/Users/saml16/projects/Elections_info/static/central_elections/lok_sabha_2024/Combined_video/802.mp4,PLxDNB6KvO9IYOZVXL-yguGPypGRcz1gy9
803,803,/Users/saml16/projects/Elections_info/static/central_elections/lok_sabha_2024/Combined_video/803.mp4,PLxDNB6KvO9IYOZVXL-yguGPypGRcz1gy9
804,804,/Users/saml16/projects/Elections_info/static/central_elections/lok_sabha_2024/Combined_video/804.mp4,PLxDNB6KvO9IYOZVXL-yguGPypGRcz1gy9
805,805,/Users/saml16/projects/Elections_info/static/central_elections/lok_sabha_2024/Combined_video/805.mp4,PLxDNB6KvO9IYOZVXL-yguGPypGRcz1gy9
806,806,/Users/saml16/projects/Elections_info/static/central_elections/lok_sabha_2024/Combined_video/806.mp4,PLxDNB6KvO9IYOZVXL-yguGPypGRcz1gy9
807,807,/Users/saml16/projects/Elections_info/static/central_elections/lok_sabha_2024/Combined_video/807.mp4,PLxDNB6KvO9IYOZVXL-yguGPypGRcz1gy9
808,808,/Users/saml16/projects/Elections_info/static/central_elections/lok_sabha_2024/Combined_video/808.mp4,PLxDNB6KvO9IYOZVXL-yguGPypGRcz1gy9
809,809,/Users/saml16/projects/Elections_info/static/central_elections/lok_sabha_2024/Combined_video/809.mp4,PLxDNB6KvO9IYOZVXL-yguGPypGRcz1gy9
81,81,/Users/saml16/projects/Elections_info/static/central_elections/lok_sabha_2024/Combined_video/81.mp4,PLxDNB6KvO9IYOZVXL-yguGPypGRcz1gy9
810,810,/Users/saml16/projects/Elections_info/static/central_elections/lok_sabha_2024/Combined_video/810.mp4,PLxDNB6KvO9IYOZVXL-yguGPypGRcz1gy9
811,811,/Users/saml16/projects/Elections_info/static/central_elections/lok_sabha_2024/Combined_video/811.mp4,PLxDNB6KvO9IYOZVXL-yguGPypGRcz1gy9
812,812,/Users/saml16/projects/Elections_info/static/central_elections/lok_sabha_2024/Combined_video/812.mp4,PLxDNB6KvO9IYOZVXL-yguGPypGRcz1gy9
813,813,/Users/saml16/projects/Elections_info/static/central_elections/lok_sabha_2024/Combined_video/813.mp4,PLxDNB6KvO9IYOZVXL-yguGPypGRcz1gy9
814,814,/Users/saml16/projects/Elections_info/static/central_elections/lok_sabha_2024/Combined_video/814.mp4,PLxDNB6KvO9IYOZVXL-yguGPypGRcz1gy9
815,815,/Users/saml16/projects/Elections_info/static/central_elections/lok_sabha_2024/Combined_video/815.mp4,PLxDNB6KvO9IYOZVXL-yguGPypGRcz1gy9
816,816,/Users/saml16/projects/Elections_info/static/central_elections/lok_sabha_2024/Combined_video/816.mp4,PLxDNB6KvO9IYOZVXL-yguGPypGRcz1gy9
817,817,/Users/saml16/projects/Elections_info/static/central_elections/lok_sabha_2024/Combined_video/817.mp4,PLxDNB6KvO9IYOZVXL-yguGPypGRcz1gy9
818,818,/Users/saml16/projects/Elections_info/static/central_elections/lok_sabha_2024/Combined_video/818.mp4,PLxDNB6KvO9IYOZVXL-yguGPypGRcz1gy9
819,819,/Users/saml16/projects/Elections_info/static/central_elections/lok_sabha_2024/Combined_video/819.mp4,PLxDNB6KvO9IYOZVXL-yguGPypGRcz1gy9
82,82,/Users/saml16/projects/Elections_info/static/central_elections/lok_sabha_2024/Combined_video/82.mp4,PLxDNB6KvO9IYOZVXL-yguGPypGRcz1gy9
820,820,/Users/saml16/projects/Elections_info/static/central_elections/lok_sabha_2024/Combined_video/820.mp4,PLxDNB6KvO9IYOZVXL-yguGPypGRcz1gy9
821,821,/Users/saml16/projects/Elections_info/static/central_elections/lok_sabha_2024/Combined_video/821.mp4,PLxDNB6KvO9IYOZVXL-yguGPypGRcz1gy9
822,822,/Users/saml16/projects/Elections_info/static/central_elections/lok_sabha_2024/Combined_video/822.mp4,PLxDNB6KvO9IYOZVXL-yguGPypGRcz1gy9
823,823,/Users/saml16/projects/Elections_info/static/central_elections/lok_sabha_2024/Combined_video/823.mp4,PLxDNB6KvO9IYOZVXL-yguGPypGRcz1gy9
824,824,/Users/saml16/projects/Elections_info/static/central_elections/lok_sabha_2024/Combined_video/824.mp4,PLxDNB6KvO9IYOZVXL-yguGPypGRcz1gy9
825,825,/Users/saml16/projects/Elections_info/static/central_elections/lok_sabha_2024/Combined_video/825.mp4,PLxDNB6KvO9IYOZVXL-yguGPypGRcz1gy9
826,826,/Users/saml16/projects/Elections_info/static/central_elections/lok_sabha_2024/Combined_video/826.mp4,PLxDNB6KvO9IYOZVXL-yguGPypGRcz1gy9
827,827,/Users/saml16/projects/Elections_info/static/central_elections/lok_sabha_2024/Combined_video/827.mp4,PLxDNB6KvO9IYOZVXL-yguGPypGRcz1gy9
828,828,/Users/saml16/projects/Elections_info/static/central_elections/lok_sabha_2024/Combined_video/828.mp4,PLxDNB6KvO9IYOZVXL-yguGPypGRcz1gy9
829,829,/Users/saml16/projects/Elections_info/static/central_elections/lok_sabha_2024/Combined_video/829.mp4,PLxDNB6KvO9IYOZVXL-yguGPypGRcz1gy9
83,83,/Users/saml16/projects/Elections_info/static/central_elections/lok_sabha_2024/Combined_video/83.mp4,PLxDNB6KvO9IYOZVXL-yguGPypGRcz1gy9
831,831,/Users/saml16/projects/Elections_info/static/central_elections/lok_sabha_2024/Combined_video/831.mp4,PLxDNB6KvO9IYOZVXL-yguGPypGRcz1gy9
832,832,/Users/saml16/projects/Elections_info/static/central_elections/lok_sabha_2024/Combined_video/832.mp4,PLxDNB6KvO9IYOZVXL-yguGPypGRcz1gy9
833,833,/Users/saml16/projects/Elections_info/static/central_elections/lok_sabha_2024/Combined_video/833.mp4,PLxDNB6KvO9IYOZVXL-yguGPypGRcz1gy9
834,834,/Users/saml16/projects/Elections_info/static/central_elections/lok_sabha_2024/Combined_video/834.mp4,PLxDNB6KvO9IYOZVXL-yguGPypGRcz1gy9
835,835,/Users/saml16/projects/Elections_info/static/central_elections/lok_sabha_2024/Combined_video/835.mp4,PLxDNB6KvO9IYOZVXL-yguGPypGRcz1gy9
837,837,/Users/saml16/projects/Elections_info/static/central_elections/lok_sabha_2024/Combined_video/837.mp4,PLxDNB6KvO9IYOZVXL-yguGPypGRcz1gy9
838,838,/Users/saml16/projects/Elections_info/static/central_elections/lok_sabha_2024/Combined_video/838.mp4,PLxDNB6KvO9IYOZVXL-yguGPypGRcz1gy9
839,839,/Users/saml16/projects/Elections_info/static/central_elections/lok_sabha_2024/Combined_video/839.mp4,PLxDNB6KvO9IYOZVXL-yguGPypGRcz1gy9
84,84,/Users/saml16/projects/Elections_info/static/central_elections/lok_sabha_2024/Combined_video/84.mp4,PLxDNB6KvO9IYOZVXL-yguGPypGRcz1gy9
840,840,/Users/saml16/projects/Elections_info/static/central_elections/lok_sabha_2024/Combined_video/840.mp4,PLxDNB6KvO9IYOZVXL-yguGPypGRcz1gy9
841,841,/Users/saml16/projects/Elections_info/static/central_elections/lok_sabha_2024/Combined_video/841.mp4,PLxDNB6KvO9IYOZVXL-yguGPypGRcz1gy9
842,842,/Users/saml16/projects/Elections_info/static/central_elections/lok_sabha_2024/Combined_video/842.mp4,PLxDNB6KvO9IYOZVXL-yguGPypGRcz1gy9
843,843,/Users/saml16/projects/Elections_info/static/central_elections/lok_sabha_2024/Combined_video/843.mp4,PLxDNB6KvO9IYOZVXL-yguGPypGRcz1gy9
844,844,/Users/saml16/projects/Elections_info/static/central_elections/lok_sabha_2024/Combined_video/844.mp4,PLxDNB6KvO9IYOZVXL-yguGPypGRcz1gy9
845,845,/Users/saml16/projects/Elections_info/static/central_elections/lok_sabha_2024/Combined_video/845.mp4,PLxDNB6KvO9IYOZVXL-yguGPypGRcz1gy9
846,846,/Users/saml16/projects/Elections_info/static/central_elections/lok_sabha_2024/Combined_video/846.mp4,PLxDNB6KvO9IYOZVXL-yguGPypGRcz1gy9
847,847,/Users/saml16/projects/Elections_info/static/central_elections/lok_sabha_2024/Combined_video/847.mp4,PLxDNB6KvO9IYOZVXL-yguGPypGRcz1gy9
848,848,/Users/saml16/projects/Elections_info/static/central_elections/lok_sabha_2024/Combined_video/848.mp4,PLxDNB6KvO9IYOZVXL-yguGPypGRcz1gy9
849,849,/Users/saml16/projects/Elections_info/static/central_elections/lok_sabha_2024/Combined_video/849.mp4,PLxDNB6KvO9IYOZVXL-yguGPypGRcz1gy9
85,85,/Users/saml16/projects/Elections_info/static/central_elections/lok_sabha_2024/Combined_video/85.mp4,PLxDNB6KvO9IYOZVXL-yguGPypGRcz1gy9
850,850,/Users/saml16/projects/Elections_info/static/central_elections/lok_sabha_2024/Combined_video/850.mp4,PLxDNB6KvO9IYOZVXL-yguGPypGRcz1gy9
851,851,/Users/saml16/projects/Elections_info/static/central_elections/lok_sabha_2024/Combined_video/851.mp4,PLxDNB6KvO9IYOZVXL-yguGPypGRcz1gy9
852,852,/Users/saml16/projects/Elections_info/static/central_elections/lok_sabha_2024/Combined_video/852.mp4,PLxDNB6KvO9IYOZVXL-yguGPypGRcz1gy9
853,853,/Users/saml16/projects/Elections_info/static/central_elections/lok_sabha_2024/Combined_video/853.mp4,PLxDNB6KvO9IYOZVXL-yguGPypGRcz1gy9
854,854,/Users/saml16/projects/Elections_info/static/central_elections/lok_sabha_2024/Combined_video/854.mp4,PLxDNB6KvO9IYOZVXL-yguGPypGRcz1gy9
856,856,/Users/saml16/projects/Elections_info/static/central_elections/lok_sabha_2024/Combined_video/856.mp4,PLxDNB6KvO9IYOZVXL-yguGPypGRcz1gy9
857,857,/Users/saml16/projects/Elections_info/static/central_elections/lok_sabha_2024/Combined_video/857.mp4,PLxDNB6KvO9IYOZVXL-yguGPypGRcz1gy9
858,858,/Users/saml16/projects/Elections_info/static/central_elections/lok_sabha_2024/Combined_video/858.mp4,PLxDNB6KvO9IYOZVXL-yguGPypGRcz1gy9
859,859,/Users/saml16/projects/Elections_info/static/central_elections/lok_sabha_2024/Combined_video/859.mp4,PLxDNB6KvO9IYOZVXL-yguGPypGRcz1gy9
86,86,/Users/saml16/projects/Elections_info/static/central_elections/lok_sabha_2024/Combined_video/86.mp4,PLxDNB6KvO9IYOZVXL-yguGPypGRcz1gy9
860,860,/Users/saml16/projects/Elections_info/static/central_elections/lok_sabha_2024/Combined_video/860.mp4,PLxDNB6KvO9IYOZVXL-yguGPypGRcz1gy9
861,861,/Users/saml16/projects/Elections_info/static/central_elections/lok_sabha_2024/Combined_video/861.mp4,PLxDNB6KvO9IYOZVXL-yguGPypGRcz1gy9
862,862,/Users/saml16/projects/Elections_info/static/central_elections/lok_sabha_2024/Combined_video/862.mp4,PLxDNB6KvO9IYOZVXL-yguGPypGRcz1gy9
863,863,/Users/saml16/projects/Elections_info/static/central_elections/lok_sabha_2024/Combined_video/863.mp4,PLxDNB6KvO9IYOZVXL-yguGPypGRcz1gy9
864,864,/Users/saml16/projects/Elections_info/static/central_elections/lok_sabha_2024/Combined_video/864.mp4,PLxDNB6KvO9IYOZVXL-yguGPypGRcz1gy9
865,865,/Users/saml16/projects/Elections_info/static/central_elections/lok_sabha_2024/Combined_video/865.mp4,PLxDNB6KvO9IYOZVXL-yguGPypGRcz1gy9
866,866,/Users/saml16/projects/Elections_info/static/central_elections/lok_sabha_2024/Combined_video/866.mp4,PLxDNB6KvO9IYOZVXL-yguGPypGRcz1gy9
867,867,/Users/saml16/projects/Elections_info/static/central_elections/lok_sabha_2024/Combined_video/867.mp4,PLxDNB6KvO9IYOZVXL-yguGPypGRcz1gy9
868,868,/Users/saml16/projects/Elections_info/static/central_elections/lok_sabha_2024/Combined_video/868.mp4,PLxDNB6KvO9IYOZVXL-yguGPypGRcz1gy9
869,869,/Users/saml16/projects/Elections_info/static/central_elections/lok_sabha_2024/Combined_video/869.mp4,PLxDNB6KvO9IYOZVXL-yguGPypGRcz1gy9
87,87,/Users/saml16/projects/Elections_info/static/central_elections/lok_sabha_2024/Combined_video/87.mp4,PLxDNB6KvO9IYOZVXL-yguGPypGRcz1gy9
870,870,/Users/saml16/projects/Elections_info/static/central_elections/lok_sabha_2024/Combined_video/870.mp4,PLxDNB6KvO9IYOZVXL-yguGPypGRcz1gy9
871,871,/Users/saml16/projects/Elections_info/static/central_elections/lok_sabha_2024/Combined_video/871.mp4,PLxDNB6KvO9IYOZVXL-yguGPypGRcz1gy9
872,872,/Users/saml16/projects/Elections_info/static/central_elections/lok_sabha_2024/Combined_video/872.mp4,PLxDNB6KvO9IYOZVXL-yguGPypGRcz1gy9
873,873,/Users/saml16/projects/Elections_info/static/central_elections/lok_sabha_2024/Combined_video/873.mp4,PLxDNB6KvO9IYOZVXL-yguGPypGRcz1gy9
875,875,/Users/saml16/projects/Elections_info/static/central_elections/lok_sabha_2024/Combined_video/875.mp4,PLxDNB6KvO9IYOZVXL-yguGPypGRcz1gy9
876,876,/Users/saml16/projects/Elections_info/static/central_elections/lok_sabha_2024/Combined_video/876.mp4,PLxDNB6KvO9IYOZVXL-yguGPypGRcz1gy9
877,877,/Users/saml16/projects/Elections_info/static/central_elections/lok_sabha_2024/Combined_video/877.mp4,PLxDNB6KvO9IYOZVXL-yguGPypGRcz1gy9
878,878,/Users/saml16/projects/Elections_info/static/central_elections/lok_sabha_2024/Combined_video/878.mp4,PLxDNB6KvO9IYOZVXL-yguGPypGRcz1gy9
879,879,/Users/saml16/projects/Elections_info/static/central_elections/lok_sabha_2024/Combined_video/879.mp4,PLxDNB6KvO9IYOZVXL-yguGPypGRcz1gy9
88,88,/Users/saml16/projects/Elections_info/static/central_elections/lok_sabha_2024/Combined_video/88.mp4,PLxDNB6KvO9IYOZVXL-yguGPypGRcz1gy9
880,880,/Users/saml16/projects/Elections_info/static/central_elections/lok_sabha_2024/Combined_video/880.mp4,PLxDNB6KvO9IYOZVXL-yguGPypGRcz1gy9
881,881,/Users/saml16/projects/Elections_info/static/central_elections/lok_sabha_2024/Combined_video/881.mp4,PLxDNB6KvO9IYOZVXL-yguGPypGRcz1gy9
882,882,/Users/saml16/projects/Elections_info/static/central_elections/lok_sabha_2024/Combined_video/882.mp4,PLxDNB6KvO9IYOZVXL-yguGPypGRcz1gy9
883,883,/Users/saml16/projects/Elections_info/static/central_elections/lok_sabha_2024/Combined_video/883.mp4,PLxDNB6KvO9IYOZVXL-yguGPypGRcz1gy9
884,884,/Users/saml16/projects/Elections_info/static/central_elections/lok_sabha_2024/Combined_video/884.mp4,PLxDNB6KvO9IYOZVXL-yguGPypGRcz1gy9
885,885,/Users/saml16/projects/Elections_info/static/central_elections/lok_sabha_2024/Combined_video/885.mp4,PLxDNB6KvO9IYOZVXL-yguGPypGRcz1gy9
886,886,/Users/saml16/projects/Elections_info/static/central_elections/lok_sabha_2024/Combined_video/886.mp4,PLxDNB6KvO9IYOZVXL-yguGPypGRcz1gy9
887,887,/Users/saml16/projects/Elections_info/static/central_elections/lok_sabha_2024/Combined_video/887.mp4,PLxDNB6KvO9IYOZVXL-yguGPypGRcz1gy9
888,888,/Users/saml16/projects/Elections_info/static/central_elections/lok_sabha_2024/Combined_video/888.mp4,PLxDNB6KvO9IYOZVXL-yguGPypGRcz1gy9
889,889,/Users/saml16/projects/Elections_info/static/central_elections/lok_sabha_2024/Combined_video/889.mp4,PLxDNB6KvO9IYOZVXL-yguGPypGRcz1gy9
89,89,/Users/saml16/projects/Elections_info/static/central_elections/lok_sabha_2024/Combined_video/89.mp4,PLxDNB6KvO9IYOZVXL-yguGPypGRcz1gy9
890,890,/Users/saml16/projects/Elections_info/static/central_elections/lok_sabha_2024/Combined_video/890.mp4,PLxDNB6KvO9IYOZVXL-yguGPypGRcz1gy9
891,891,/Users/saml16/projects/Elections_info/static/central_elections/lok_sabha_2024/Combined_video/891.mp4,PLxDNB6KvO9IYOZVXL-yguGPypGRcz1gy9
892,892,/Users/saml16/projects/Elections_info/static/central_elections/lok_sabha_2024/Combined_video/892.mp4,PLxDNB6KvO9IYOZVXL-yguGPypGRcz1gy9
893,893,/Users/saml16/projects/Elections_info/static/central_elections/lok_sabha_2024/Combined_video/893.mp4,PLxDNB6KvO9IYOZVXL-yguGPypGRcz1gy9
894,894,/Users/saml16/projects/Elections_info/static/central_elections/lok_sabha_2024/Combined_video/894.mp4,PLxDNB6KvO9IYOZVXL-yguGPypGRcz1gy9
895,895,/Users/saml16/projects/Elections_info/static/central_elections/lok_sabha_2024/Combined_video/895.mp4,PLxDNB6KvO9IYOZVXL-yguGPypGRcz1gy9
896,896,/Users/saml16/projects/Elections_info/static/central_elections/lok_sabha_2024/Combined_video/896.mp4,PLxDNB6KvO9IYOZVXL-yguGPypGRcz1gy9
897,897,/Users/saml16/projects/Elections_info/static/central_elections/lok_sabha_2024/Combined_video/897.mp4,PLxDNB6KvO9IYOZVXL-yguGPypGRcz1gy9
898,898,/Users/saml16/projects/Elections_info/static/central_elections/lok_sabha_2024/Combined_video/898.mp4,PLxDNB6KvO9IYOZVXL-yguGPypGRcz1gy9
899,899,/Users/saml16/projects/Elections_info/static/central_elections/lok_sabha_2024/Combined_video/899.mp4,PLxDNB6KvO9IYOZVXL-yguGPypGRcz1gy9
9,9,/Users/saml16/projects/Elections_info/static/central_elections/lok_sabha_2024/Combined_video/9.mp4,PLxDNB6KvO9IYOZVXL-yguGPypGRcz1gy9
90,90,/Users/saml16/projects/Elections_info/static/central_elections/lok_sabha_2024/Combined_video/90.mp4,PLxDNB6KvO9IYOZVXL-yguGPypGRcz1gy9
900,900,/Users/saml16/projects/Elections_info/static/central_elections/lok_sabha_2024/Combined_video/900.mp4,PLxDNB6KvO9IYOZVXL-yguGPypGRcz1gy9
901,901,/Users/saml16/projects/Elections_info/static/central_elections/lok_sabha_2024/Combined_video/901.mp4,PLxDNB6KvO9IYOZVXL-yguGPypGRcz1gy9
902,902,/Users/saml16/projects/Elections_info/static/central_elections/lok_sabha_2024/Combined_video/902.mp4,PLxDNB6KvO9IYOZVXL-yguGPypGRcz1gy9
903,903,/Users/saml16/projects/Elections_info/static/central_elections/lok_sabha_2024/Combined_video/903.mp4,PLxDNB6KvO9IYOZVXL-yguGPypGRcz1gy9
904,904,/Users/saml16/projects/Elections_info/static/central_elections/lok_sabha_2024/Combined_video/904.mp4,PLxDNB6KvO9IYOZVXL-yguGPypGRcz1gy9
905,905,/Users/saml16/projects/Elections_info/static/central_elections/lok_sabha_2024/Combined_video/905.mp4,PLxDNB6KvO9IYOZVXL-yguGPypGRcz1gy9
906,906,/Users/saml16/projects/Elections_info/static/central_elections/lok_sabha_2024/Combined_video/906.mp4,PLxDNB6KvO9IYOZVXL-yguGPypGRcz1gy9
907,907,/Users/saml16/projects/Elections_info/static/central_elections/lok_sabha_2024/Combined_video/907.mp4,PLxDNB6KvO9IYOZVXL-yguGPypGRcz1gy9
908,908,/Users/saml16/projects/Elections_info/static/central_elections/lok_sabha_2024/Combined_video/908.mp4,PLxDNB6KvO9IYOZVXL-yguGPypGRcz1gy9
909,909,/Users/saml16/projects/Elections_info/static/central_elections/lok_sabha_2024/Combined_video/909.mp4,PLxDNB6KvO9IYOZVXL-yguGPypGRcz1gy9
91,91,/Users/saml16/projects/Elections_info/static/central_elections/lok_sabha_2024/Combined_video/91.mp4,PLxDNB6KvO9IYOZVXL-yguGPypGRcz1gy9
910,910,/Users/saml16/projects/Elections_info/static/central_elections/lok_sabha_2024/Combined_video/910.mp4,PLxDNB6KvO9IYOZVXL-yguGPypGRcz1gy9
911,911,/Users/saml16/projects/Elections_info/static/central_elections/lok_sabha_2024/Combined_video/911.mp4,PLxDNB6KvO9IYOZVXL-yguGPypGRcz1gy9
914,914,/Users/saml16/projects/Elections_info/static/central_elections/lok_sabha_2024/Combined_video/914.mp4,PLxDNB6KvO9IYOZVXL-yguGPypGRcz1gy9
915,915,/Users/saml16/projects/Elections_info/static/central_elections/lok_sabha_2024/Combined_video/915.mp4,PLxDNB6KvO9IYOZVXL-yguGPypGRcz1gy9
916,916,/Users/saml16/projects/Elections_info/static/central_elections/lok_sabha_2024/Combined_video/916.mp4,PLxDNB6KvO9IYOZVXL-yguGPypGRcz1gy9
917,917,/Users/saml16/projects/Elections_info/static/central_elections/lok_sabha_2024/Combined_video/917.mp4,PLxDNB6KvO9IYOZVXL-yguGPypGRcz1gy9
918,918,/Users/saml16/projects/Elections_info/static/central_elections/lok_sabha_2024/Combined_video/918.mp4,PLxDNB6KvO9IYOZVXL-yguGPypGRcz1gy9
919,919,/Users/saml16/projects/Elections_info/static/central_elections/lok_sabha_2024/Combined_video/919.mp4,PLxDNB6KvO9IYOZVXL-yguGPypGRcz1gy9
92,92,/Users/saml16/projects/Elections_info/static/central_elections/lok_sabha_2024/Combined_video/92.mp4,PLxDNB6KvO9IYOZVXL-yguGPypGRcz1gy9
920,920,/Users/saml16/projects/Elections_info/static/central_elections/lok_sabha_2024/Combined_video/920.mp4,PLxDNB6KvO9IYOZVXL-yguGPypGRcz1gy9
921,921,/Users/saml16/projects/Elections_info/static/central_elections/lok_sabha_2024/Combined_video/921.mp4,PLxDNB6KvO9IYOZVXL-yguGPypGRcz1gy9
923,923,/Users/saml16/projects/Elections_info/static/central_elections/lok_sabha_2024/Combined_video/923.mp4,PLxDNB6KvO9IYOZVXL-yguGPypGRcz1gy9
924,924,/Users/saml16/projects/Elections_info/static/central_elections/lok_sabha_2024/Combined_video/924.mp4,PLxDNB6KvO9IYOZVXL-yguGPypGRcz1gy9
925,925,/Users/saml16/projects/Elections_info/static/central_elections/lok_sabha_2024/Combined_video/925.mp4,PLxDNB6KvO9IYOZVXL-yguGPypGRcz1gy9
926,926,/Users/saml16/projects/Elections_info/static/central_elections/lok_sabha_2024/Combined_video/926.mp4,PLxDNB6KvO9IYOZVXL-yguGPypGRcz1gy9
927,927,/Users/saml16/projects/Elections_info/static/central_elections/lok_sabha_2024/Combined_video/927.mp4,PLxDNB6KvO9IYOZVXL-yguGPypGRcz1gy9
928,928,/Users/saml16/projects/Elections_info/static/central_elections/lok_sabha_2024/Combined_video/928.mp4,PLxDNB6KvO9IYOZVXL-yguGPypGRcz1gy9
929,929,/Users/saml16/projects/Elections_info/static/central_elections/lok_sabha_2024/Combined_video/929.mp4,PLxDNB6KvO9IYOZVXL-yguGPypGRcz1gy9
930,930,/Users/saml16/projects/Elections_info/static/central_elections/lok_sabha_2024/Combined_video/930.mp4,PLxDNB6KvO9IYOZVXL-yguGPypGRcz1gy9
931,931,/Users/saml16/projects/Elections_info/static/central_elections/lok_sabha_2024/Combined_video/931.mp4,PLxDNB6KvO9IYOZVXL-yguGPypGRcz1gy9
932,932,/Users/saml16/projects/Elections_info/static/central_elections/lok_sabha_2024/Combined_video/932.mp4,PLxDNB6KvO9IYOZVXL-yguGPypGRcz1gy9
933,933,/Users/saml16/projects/Elections_info/static/central_elections/lok_sabha_2024/Combined_video/933.mp4,PLxDNB6KvO9IYOZVXL-yguGPypGRcz1gy9
934,934,/Users/saml16/projects/Elections_info/static/central_elections/lok_sabha_2024/Combined_video/934.mp4,PLxDNB6KvO9IYOZVXL-yguGPypGRcz1gy9
935,935,/Users/saml16/projects/Elections_info/static/central_elections/lok_sabha_2024/Combined_video/935.mp4,PLxDNB6KvO9IYOZVXL-yguGPypGRcz1gy9
936,936,/Users/saml16/projects/Elections_info/static/central_elections/lok_sabha_2024/Combined_video/936.mp4,PLxDNB6KvO9IYOZVXL-yguGPypGRcz1gy9
937,937,/Users/saml16/projects/Elections_info/static/central_elections/lok_sabha_2024/Combined_video/937.mp4,PLxDNB6KvO9IYOZVXL-yguGPypGRcz1gy9
938,938,/Users/saml16/projects/Elections_info/static/central_elections/lok_sabha_2024/Combined_video/938.mp4,PLxDNB6KvO9IYOZVXL-yguGPypGRcz1gy9
939,939,/Users/saml16/projects/Elections_info/static/central_elections/lok_sabha_2024/Combined_video/939.mp4,PLxDNB6KvO9IYOZVXL-yguGPypGRcz1gy9
94,94,/Users/saml16/projects/Elections_info/static/central_elections/lok_sabha_2024/Combined_video/94.mp4,PLxDNB6KvO9IYOZVXL-yguGPypGRcz1gy9
940,940,/Users/saml16/projects/Elections_info/static/central_elections/lok_sabha_2024/Combined_video/940.mp4,PLxDNB6KvO9IYOZVXL-yguGPypGRcz1gy9
941,941,/Users/saml16/projects/Elections_info/static/central_elections/lok_sabha_2024/Combined_video/941.mp4,PLxDNB6KvO9IYOZVXL-yguGPypGRcz1gy9
942,942,/Users/saml16/projects/Elections_info/static/central_elections/lok_sabha_2024/Combined_video/942.mp4,PLxDNB6KvO9IYOZVXL-yguGPypGRcz1gy9
943,943,/Users/saml16/projects/Elections_info/static/central_elections/lok_sabha_2024/Combined_video/943.mp4,PLxDNB6KvO9IYOZVXL-yguGPypGRcz1gy9
944,944,/Users/saml16/projects/Elections_info/static/central_elections/lok_sabha_2024/Combined_video/944.mp4,PLxDNB6KvO9IYOZVXL-yguGPypGRcz1gy9
945,945,/Users/saml16/projects/Elections_info/static/central_elections/lok_sabha_2024/Combined_video/945.mp4,PLxDNB6KvO9IYOZVXL-yguGPypGRcz1gy9
946,946,/Users/saml16/projects/Elections_info/static/central_elections/lok_sabha_2024/Combined_video/946.mp4,PLxDNB6KvO9IYOZVXL-yguGPypGRcz1gy9
947,947,/Users/saml16/projects/Elections_info/static/central_elections/lok_sabha_2024/Combined_video/947.mp4,PLxDNB6KvO9IYOZVXL-yguGPypGRcz1gy9
948,948,/Users/saml16/projects/Elections_info/static/central_elections/lok_sabha_2024/Combined_video/948.mp4,PLxDNB6KvO9IYOZVXL-yguGPypGRcz1gy9
949,949,/Users/saml16/projects/Elections_info/static/central_elections/lok_sabha_2024/Combined_video/949.mp4,PLxDNB6KvO9IYOZVXL-yguGPypGRcz1gy9
95,95,/Users/saml16/projects/Elections_info/static/central_elections/lok_sabha_2024/Combined_video/95.mp4,PLxDNB6KvO9IYOZVXL-yguGPypGRcz1gy9
950,950,/Users/saml16/projects/Elections_info/static/central_elections/lok_sabha_2024/Combined_video/950.mp4,PLxDNB6KvO9IYOZVXL-yguGPypGRcz1gy9
951,951,/Users/saml16/projects/Elections_info/static/central_elections/lok_sabha_2024/Combined_video/951.mp4,PLxDNB6KvO9IYOZVXL-yguGPypGRcz1gy9
952,952,/Users/saml16/projects/Elections_info/static/central_elections/lok_sabha_2024/Combined_video/952.mp4,PLxDNB6KvO9IYOZVXL-yguGPypGRcz1gy9
953,953,/Users/saml16/projects/Elections_info/static/central_elections/lok_sabha_2024/Combined_video/953.mp4,PLxDNB6KvO9IYOZVXL-yguGPypGRcz1gy9
954,954,/Users/saml16/projects/Elections_info/static/central_elections/lok_sabha_2024/Combined_video/954.mp4,PLxDNB6KvO9IYOZVXL-yguGPypGRcz1gy9
955,955,/Users/saml16/projects/Elections_info/static/central_elections/lok_sabha_2024/Combined_video/955.mp4,PLxDNB6KvO9IYOZVXL-yguGPypGRcz1gy9
956,956,/Users/saml16/projects/Elections_info/static/central_elections/lok_sabha_2024/Combined_video/956.mp4,PLxDNB6KvO9IYOZVXL-yguGPypGRcz1gy9
957,957,/Users/saml16/projects/Elections_info/static/central_elections/lok_sabha_2024/Combined_video/957.mp4,PLxDNB6KvO9IYOZVXL-yguGPypGRcz1gy9
958,958,/Users/saml16/projects/Elections_info/static/central_elections/lok_sabha_2024/Combined_video/958.mp4,PLxDNB6KvO9IYOZVXL-yguGPypGRcz1gy9
959,959,/Users/saml16/projects/Elections_info/static/central_elections/lok_sabha_2024/Combined_video/959.mp4,PLxDNB6KvO9IYOZVXL-yguGPypGRcz1gy9
96,96,/Users/saml16/projects/Elections_info/static/central_elections/lok_sabha_2024/Combined_video/96.mp4,PLxDNB6KvO9IYOZVXL-yguGPypGRcz1gy9
960,960,/Users/saml16/projects/Elections_info/static/central_elections/lok_sabha_2024/Combined_video/960.mp4,PLxDNB6KvO9IYOZVXL-yguGPypGRcz1gy9
961,961,/Users/saml16/projects/Elections_info/static/central_elections/lok_sabha_2024/Combined_video/961.mp4,PLxDNB6KvO9IYOZVXL-yguGPypGRcz1gy9
962,962,/Users/saml16/projects/Elections_info/static/central_elections/lok_sabha_2024/Combined_video/962.mp4,PLxDNB6KvO9IYOZVXL-yguGPypGRcz1gy9
963,963,/Users/saml16/projects/Elections_info/static/central_elections/lok_sabha_2024/Combined_video/963.mp4,PLxDNB6KvO9IYOZVXL-yguGPypGRcz1gy9
964,964,/Users/saml16/projects/Elections_info/static/central_elections/lok_sabha_2024/Combined_video/964.mp4,PLxDNB6KvO9IYOZVXL-yguGPypGRcz1gy9
965,965,/Users/saml16/projects/Elections_info/static/central_elections/lok_sabha_2024/Combined_video/965.mp4,PLxDNB6KvO9IYOZVXL-yguGPypGRcz1gy9
966,966,/Users/saml16/projects/Elections_info/static/central_elections/lok_sabha_2024/Combined_video/966.mp4,PLxDNB6KvO9IYOZVXL-yguGPypGRcz1gy9
967,967,/Users/saml16/projects/Elections_info/static/central_elections/lok_sabha_2024/Combined_video/967.mp4,PLxDNB6KvO9IYOZVXL-yguGPypGRcz1gy9
968,968,/Users/saml16/projects/Elections_info/static/central_elections/lok_sabha_2024/Combined_video/968.mp4,PLxDNB6KvO9IYOZVXL-yguGPypGRcz1gy9
969,969,/Users/saml16/projects/Elections_info/static/central_elections/lok_sabha_2024/Combined_video/969.mp4,PLxDNB6KvO9IYOZVXL-yguGPypGRcz1gy9
97,97,/Users/saml16/projects/Elections_info/static/central_elections/lok_sabha_2024/Combined_video/97.mp4,PLxDNB6KvO9IYOZVXL-yguGPypGRcz1gy9
970,970,/Users/saml16/projects/Elections_info/static/central_elections/lok_sabha_2024/Combined_video/970.mp4,PLxDNB6KvO9IYOZVXL-yguGPypGRcz1gy9
971,971,/Users/saml16/projects/Elections_info/static/central_elections/lok_sabha_2024/Combined_video/971.mp4,PLxDNB6KvO9IYOZVXL-yguGPypGRcz1gy9
972,972,/Users/saml16/projects/Elections_info/static/central_elections/lok_sabha_2024/Combined_video/972.mp4,PLxDNB6KvO9IYOZVXL-yguGPypGRcz1gy9
973,973,/Users/saml16/projects/Elections_info/static/central_elections/lok_sabha_2024/Combined_video/973.mp4,PLxDNB6KvO9IYOZVXL-yguGPypGRcz1gy9
975,975,/Users/saml16/projects/Elections_info/static/central_elections/lok_sabha_2024/Combined_video/975.mp4,PLxDNB6KvO9IYOZVXL-yguGPypGRcz1gy9
976,976,/Users/saml16/projects/Elections_info/static/central_elections/lok_sabha_2024/Combined_video/976.mp4,PLxDNB6KvO9IYOZVXL-yguGPypGRcz1gy9
977,977,/Users/saml16/projects/Elections_info/static/central_elections/lok_sabha_2024/Combined_video/977.mp4,PLxDNB6KvO9IYOZVXL-yguGPypGRcz1gy9
978,978,/Users/saml16/projects/Elections_info/static/central_elections/lok_sabha_2024/Combined_video/978.mp4,PLxDNB6KvO9IYOZVXL-yguGPypGRcz1gy9
979,979,/Users/saml16/projects/Elections_info/static/central_elections/lok_sabha_2024/Combined_video/979.mp4,PLxDNB6KvO9IYOZVXL-yguGPypGRcz1gy9
98,98,/Users/saml16/projects/Elections_info/static/central_elections/lok_sabha_2024/Combined_video/98.mp4,PLxDNB6KvO9IYOZVXL-yguGPypGRcz1gy9
980,980,/Users/saml16/projects/Elections_info/static/central_elections/lok_sabha_2024/Combined_video/980.mp4,PLxDNB6KvO9IYOZVXL-yguGPypGRcz1gy9
981,981,/Users/saml16/projects/Elections_info/static/central_elections/lok_sabha_2024/Combined_video/981.mp4,PLxDNB6KvO9IYOZVXL-yguGPypGRcz1gy9
982,982,/Users/saml16/projects/Elections_info/static/central_elections/lok_sabha_2024/Combined_video/982.mp4,PLxDNB6KvO9IYOZVXL-yguGPypGRcz1gy9
983,983,/Users/saml16/projects/Elections_info/static/central_elections/lok_sabha_2024/Combined_video/983.mp4,PLxDNB6KvO9IYOZVXL-yguGPypGRcz1gy9
984,984,/Users/saml16/projects/Elections_info/static/central_elections/lok_sabha_2024/Combined_video/984.mp4,PLxDNB6KvO9IYOZVXL-yguGPypGRcz1gy9
985,985,/Users/saml16/projects/Elections_info/static/central_elections/lok_sabha_2024/Combined_video/985.mp4,PLxDNB6KvO9IYOZVXL-yguGPypGRcz1gy9
986,986,/Users/saml16/projects/Elections_info/static/central_elections/lok_sabha_2024/Combined_video/986.mp4,PLxDNB6KvO9IYOZVXL-yguGPypGRcz1gy9
987,987,/Users/saml16/projects/Elections_info/static/central_elections/lok_sabha_2024/Combined_video/987.mp4,PLxDNB6KvO9IYOZVXL-yguGPypGRcz1gy9
988,988,/Users/saml16/projects/Elections_info/static/central_elections/lok_sabha_2024/Combined_video/988.mp4,PLxDNB6KvO9IYOZVXL-yguGPypGRcz1gy9
989,989,/Users/saml16/projects/Elections_info/static/central_elections/lok_sabha_2024/Combined_video/989.mp4,PLxDNB6KvO9IYOZVXL-yguGPypGRcz1gy9
99,99,/Users/saml16/projects/Elections_info/static/central_elections/lok_sabha_2024/Combined_video/99.mp4,PLxDNB6KvO9IYOZVXL-yguGPypGRcz1gy9
990,990,/Users/saml16/projects/Elections_info/static/central_elections/lok_sabha_2024/Combined_video/990.mp4,PLxDNB6KvO9IYOZVXL-yguGPypGRcz1gy9
991,991,/Users/saml16/projects/Elections_info/static/central_elections/lok_sabha_2024/Combined_video/991.mp4,PLxDNB6KvO9IYOZVXL-yguGPypGRcz1gy9
992,992,/Users/saml16/projects/Elections_info/static/central_elections/lok_sabha_2024/Combined_video/992.mp4,PLxDNB6KvO9IYOZVXL-yguGPypGRcz1gy9
994,994,/Users/saml16/projects/Elections_info/static/central_elections/lok_sabha_2024/Combined_video/994.mp4,PLxDNB6KvO9IYOZVXL-yguGPypGRcz1gy9
995,995,/Users/saml16/projects/Elections_info/static/central_elections/lok_sabha_2024/Combined_video/995.mp4,PLxDNB6KvO9IYOZVXL-yguGPypGRcz1gy9
996,996,/Users/saml16/projects/Elections_info/static/central_elections/lok_sabha_2024/Combined_video/996.mp4,PLxDNB6KvO9IYOZVXL-yguGPypGRcz1gy9
997,997,/Users/saml16/projects/Elections_info/static/central_elections/lok_sabha_2024/Combined_video/997.mp4,PLxDNB6KvO9IYOZVXL-yguGPypGRcz1gy9
998,998,/Users/saml16/projects/Elections_info/static/central_elections/lok_sabha_2024/Combined_video/998.mp4,PLxDNB6KvO9IYOZVXL-yguGPypGRcz1gy9
999,999,/Users/saml16/projects/Elections_info/static/central_elections/lok_sabha_2024/Combined_video/999.mp4,PLxDNB6KvO9IYOZVXL-yguGPypGRcz1gy9
